identifier,resource_type,md_standard,ogc_web_services,md_date,language,crs_epsg_codes,title,keywords,abstract,md_contact_name,md_contact_email,landing_page,data_creators,data_publishers,data_pointcontact,bounding_box,license,access_rights,wcs_getcapabilities_url,wfs_getcapabilities_url
SDN:CDI-AGGR:DS01/630,,ISO 19115,,,,,,,,,,,,,,,,,,
SDN:CDI-AGGR:DS01/633,,ISO 19115,,,,,,,,,,,,,,,,,,
SDN:CDI-AGGR:DS03/633,,ISO 19115,,,,,,,,,,,,,,,,,,
SDN:CDI-AGGR:DS02/633,,ISO 19115,,,,,,,,,,,,,,,,,,
SDN:CDI-AGGR:DS04/633,,ISO 19115,,,,,,,,,,,,,,,,,,
sdn:cdi-aggr:ds03/630,,ISO 19115,,,,,,,,,,,,,,,,,,
205d0bf4-b645-4e5b-84bc-f8ec482fd3f3,dataset,ISO 19115,,2023-10-24,dut,28992,"Covid-19 Cumulatieve opkomst voor tenminste één COVID-19 vaccinatie, vaccinatiegraad basisserie, vaccinatiegraad herhaalprik tegen corona binnen de najaarsronde 2022 naar gemeente en veiligheidsregio per geboortecohort per week",covid-19; infectieziekten; gezondheid; sars-cov-2; Vaccinatie; Prik; Opkomst; Vaccinatiegraad; Regionaal; Gemeente; Veiligheidsregio; covid-19; infectious diseases; health; sars-cov-2; vaccination; vaccination coverage; attendance; regional; municipality; security region,"For English, see below 

Let op, deze dataset wordt vanaf 25 september 2023 niet meer bijgewerkt. Vanaf 2 oktober 2023 (start najaarsronde 2023) wordt enkel data uit het COVID-vaccinatie Informatie- en Monitoringsysteem (CIMS) gebruikt om de vaccinatiegraad te monitoren. CIMS bevat enkel gegevens van personen die toestemming hebben gegeven voor het delen van hun gegevens met het RIVM. Omdat CIMS voor de gegevens over de vaccinatieopkomst en -graad van de basisserie niet compleet genoeg is, kan deze dataset niet meer worden bijgewerkt. Graag verwijzen wij u naar de dataset ""COVID-19_vaccinatiegraad_per_wijk_per_week"" voor actuele gegevens over de najaarsronde 2023.

Dit bestand bevat:
- De cumulatieve opkomst voor tenminste één COVID-19 vaccinatie, vaccinatiegraad COVID-19 vaccinatie basisserie en vaccinatiegraad herhaalprik tegen corona binnen de najaarsronde 2022  voor personen vanaf 12 jaar en ouder naar gemeente en veiligheidsregio per geboortecohort per kalenderweek vanaf 4 januari 2021.

Het bestand is als volgt opgebouwd:
- Een set records, met een record per gemeente en veiligheidsregio per geboortecohort per kalenderweek. Wanneer de opkomst of vaccinatiegraad lager of gelijk aan 5% of groter of gelijk aan 95% is, worden deze wegens mogelijke herleidbaarheid weergegeven als respectievelijk “<=5” of “>=95”.
Dit bestand wordt iedere vier weken op dinsdag geüpdatet met gegevens van de voorgaande vier weken tot en met de laatste zondag voor de update.

Herkomst van de data:
Teller: Vaccinaties uitgevoerd door de GGD-en en huisartsen en overige uitvoerders (uit het COVID-vaccinatie Informatie- en Monitoringsysteem (CIMS)) aangevuld met informatie van de GGD’en van personen die niet zijn geregistreerd in CIMS en/of covid-19 hebben doorgemaakt voorafgaand aan de eerste vaccinatie binnen de basisserie (data van GGDGHOR Nederland uit CoronIT). Personen die zijn overleden of geëmigreerd worden uit de teller van de CIMS data gehaald. Zij worden ook niet meer meegeteld in historische vaccinatiegraden. Omdat we in CoronIT geen gegevens hebben over of personen zijn overleden of geëmigreerd, kunnen we deze personen niet uit de CoronIT data halen.
Noemer: aantal inwoners naar geboortejaar en gemeente (uit CIMS). De noemer wordt eens per kwartaal geüpdatet. Het versienummer van het bestand wordt hiervoor niet aangepast. Huidige noemer: juli 2023.

Beschrijving van de variabelen:
Version: Versienummer van de dataset. Wanneer de inhoud van de dataset structureel wordt gewijzigd (dus niet de dagelijkse update of een correctie op record niveau), zal het versienummer aangepast worden (+1) en ook de corresponderende metadata in RIVMdata (https://data.rivm.nl).
Versie 2 update (20 januari 2022):
- In versie 2 van dit bestand zijn records samengesteld volgens de gemeente herindeling van 1 januari 2022. Zie beschrijving van de variabele Region_code voor meer informatie.
Versie 3 update (24 maart 2022):
- In versie 3 van dit bestand zijn records samengesteld volgens de gemeente herindeling van 24 maart 2022. Zie beschrijving van de variabele Region_code voor meer informatie.
Versie 4 update (24 mei 2022):
- In versie 4 van dit bestand zijn personen die zijn overleden of geëmigreerd uit de teller van de CIMS data en uit de noemer gefilterd.
- In versie 4 van dit bestand is een recentere noemer gebruikt voor het berekenen van de vaccinatieopkomst en vaccinatiegraad van de basisserie (CIMS, 6 april 2022)
Versie 5 update (6 juli 2022):
-In versie 5 van dit bestand is de berekening van leeftijd aangepast naar 2022 – geboortejaar. Hierdoor wordt de groep 18 plus geboortecohort <2005, 12 plus wordt <=2010 en 12-17 jaar wordt 2005-2010.
-In versie 5 van dit bestand is een recentere noemer gebruikt voor het berekenen van de vaccinatieopkomst en vaccinatiegraad van de basisserie (CIMS, 6 juli 2022)
Versie 6 update (17 augustus 2022):
-In versie 6 van dit bestand is het bestand retrospectief geüpdatet en bevat het de cumulatieve vaccinatiecijfers per kalenderweek, vanaf 4 januari 2021.
-In versie 6 van dit bestand is de boostervaccinatiegraad van de eerste booster toegevoegd voor alle leeftijdsgroepen.
-In versie 6 van dit bestand is herhaalprikvaccinatiegraad toegevoegd voor [Age_group] “60+”.
Versie 7 update (29 november 2022):
- In versie 7 van dit bestand is de vaccinatiegraad herhaalprik tegen corona binnen de najaarsronde 2022 toegevoegd. Deze ronde startte op 19 september 2022.
-In versie 7 van dit bestand zijn de boostervaccinatiegraad en de herhaalprikvaccinatiegraad verwijderd omdat de datakwaliteit met ingang van de najaarsronde op 19 september 2022 onvoldoende is.
Versie 8 update (3 januari 2023):
-In versie 8 van dit bestand zijn records samengesteld volgens de gemeente herindeling van 1 januari 2023. Zie beschrijving van de variabele Region_code voor meer informatie.
Versie 9 update (4 juli 2023):
-In versie 9 van dit bestand is de berekening van leeftijd aangepast naar 2023 – geboortejaar. Hierdoor wordt de groep 18 plus geboortecohort <2006, 12 plus wordt <=2011 en 12-17 jaar wordt 2006-2011.  Ook is een recentere noemer gebruikt voor het berekenen van de vaccinatieopkomst en vaccinatiegraad.
-In versie 9 van dit bestand zijn verbeteringen doorgevoerd in het toewijzen van het rangnummer van de vaccinaties. Dit heeft enkele verschuivingen in de data tot gevolg.

Date_of_report: Datum en tijd waarop het databestand is aangemaakt door het RIVM.

Date_of_statistics: Startdatum van de week waarin de COVID-19 vaccinatie is toegediend.

Region_level: Regioniveau waarover wordt gerapporteerd. Deze dataset bevat data op gemeenteniveau en veiligheidsregioniveau.

Populatie: Bevolkingscijfers komen uit de Basisregister persoonsgegevens en zijn voor het laatst geüpdatet in juli 2023. In de populatie-aantallen wordt echter iedereen met het betreffende geboortejaar meegenomen. In deze dataset zijn nu alleen personen van 12 jaar en ouder meegenomen.

Region_code: Gemeentecode. Gemeentelijke indeling gebaseerd op postcode van de woonplaats van de SARS-CoV-2 positief geteste persoon, gecodeerd volgens CBS.
Sinds de eerste publicatiedatum van 13 maart 2020 tot de versie 3 update van 20 januari 2022, hebben 2 gemeentelijke herindelingen plaatsgevonden.
Tot 7 januari 2021 is dit bestand volgens de gemeente indeling van 2020.
Vanaf 7 januari 2021 t/m 19 januari 2022 is dit bestand samengesteld volgens de gemeente indeling van 1 januari 2021: Gemeenten Appingedam, Delfzijl en Loppersum zijn samengevoegd tot de nieuwe gemeente Eemsdelta Gr. De gemeente Haaren is opgegaan in de gemeenten Oisterwijk, Tilburg, Vught en Boxtel (https://www.cbs.nl/nl-nl/onze-diensten/methoden/classificaties/overig/gemeentelijke-indelingen-per-jaar/indeling-per-jaar/gemeentelijke-indeling-op-1-januari-2021). Met de opdeling van Haaren is de veiligheidsregio Midden- en West-Brabant iets groter geworden, ten koste van veiligheidsregio Brabant-Noord.
Vanaf 20 januari 2022 t/m 23 maart 2022 is dit bestand samengesteld volgens de gemeente indeling van 1 januari 2022. Gemeente Beemster is opgegaan in gemeente Purmerend. De gemeenten Heerhugowaard en Langedijk zijn samengevoegd tot gemeente Dijk en Waard. Gemeente Landerd is met gemeente Uden samengevoegd tot gemeente Maashorst. De gemeenten Boxmeer, Cuijk, Grave, Mill en Sint Hubert en Sint Anthonis zijn samengevoegd tot de gemeente Land van Cuijk (https://www.cbs.nl/nl-nl/onze-diensten/methoden/classificaties/overig/gemeentelijke-indelingen-per-jaar/indeling-per-jaar/gemeentelijke-indeling-op-1-januari-2022).
Vanaf 24 maart 2022 is dit bestand samengesteld volgens de gemeente indeling van 24 maart 2022. Gemeente Weesp is opgegaan in gemeente Amsterdam. Met deze indeling is de veiligheidsregio Gooi- en Vechtstreek kleiner geworden en de veiligheidsregio Amsterdam-Amstelland groter; GGD Amsterdam is groter geworden en GGD Gooi- en Vechtstreek is kleiner geworden (https://www.cbs.nl/nl-nl/onze-diensten/methoden/classificaties/overig/gemeentelijke-indelingen-per-jaar/indeling-per-jaar/gemeentelijke-indeling-op-1-januari-2022).
Vanaf 3 januari 2023 is dit bestand samengesteld volgens de gemeente indeling van 1 januari 2023. De gemeenten Brielle, Hellevoetsluis en Westvoorne zijn gefuseerd naar gemeente ‘Voorne aan Zee’ (https://www.cbs.nl/nl-nl/onze-diensten/methoden/classificaties/overig/gemeentelijke-indelingen-per-jaar/indeling-per-jaar/gemeentelijke-indeling-op-1-januari-2023).
Indien de woonplaats niet bekend is, worden deze vaccinaties niet meegenomen in de tabel, omdat hier geen noemer data van bekend is en er dan ook geen opkomst percentage of vaccinatiegraad percentage over berekend kan worden.

Region_name: Naam van de gemeente of veiligheidsregio.

Birth_year: Geboortecohort waarover wordt gerapporteerd. Deze dataset bevat 3 geboortecohorten: <=2011, 2006-2011, <2006.

Coverage_primary_partly: Cumulatieve vaccinatieopkomst per geboortecohort naar regio (gemeente of veiligheidsregio), gebaseerd op het cumulatief aantal personen dat tenminste één dosis COVID-19 vaccin heeft gekregen, gedeeld door het aantal personen in de betreffende geboortecohort. De vaccinatieopkomst is gebaseerd op CIMS, aangevuld met vaccinatiegegevens van de GGD die niet in CIMS staan. Op het moment dat er op basis van de bevolkingsaantallen mogelijk herleidbaarheid zou kunnen ontstaan, dan wordt er 9999 weergegeven.

Coverage_primary_completed: Cumulatieve vaccinatiegraad van de basisserie per geboortecohort naar regio (gemeente of veiligheidsregio), gebaseerd op het cumulatief aantal personen die de basisserie hebben afgerond, gedeeld door het aantal personen in de betreffende geboortecohort. ‘Basisserie afgerond’ is gedefinieerd als ontvangst van het aanbevolen aantal doses vaccin. Bij vaccins die geregistreerd zijn met een vaccinatieschema van maar één dosis, wordt de gevaccineerde persoon meegeteld in zowel “Vaccination_coverage_partly” als in “Vaccination_coverage_completed”. De vaccinatiegraad van de basisserie is gebaseerd op CIMS, aangevuld met vaccinatiegegevens van de GGD die niet in CIMS staan. Op het moment dat er op basis van de bevolkingsaantallen mogelijk herleidbaarheid zou kunnen ontstaan, dan wordt er 9999 weergegeven.

Coverage_repeat_vaccination_autumn_round: Cumulatieve vaccinatiegraad herhaalprik binnen de najaarsronde naar regio (gemeente of veiligheidsregio), gebaseerd op het cumulatief aantal personen dat een herhaalprik tegen corona (basisserie+1, basisserie+2 of basisserie+3 vaccinatie) heeft gekregen vanaf 19 september 2022. De vaccinatiegraad is gebaseerd op data van CIMS, aangevuld met vaccinatiegegevens van de GGD die niet in CIMS staan. Op het moment dat er op basis van de bevolkingsaantallen mogelijk herleidbaarheid zou kunnen ontstaan, dan wordt er 9999 weergegeven. 

Age_group: De leeftijd die overeenkomt met de geboortecohort. Waar er discrepantie ontstaat tussen leeftijd en geboortecohort is het geboortecohort leidend.

De vaccinatieopkomst en vaccinatiegraad worden ook gevisualiseerd in kaarten in de landelijke vaccinatie PDF. Deze PDF is te vinden op: https://www.rivm.nl/covid-19-vaccinatie/cijfers-vaccinatieprogramma. Tot 21 maart 2023 werd deze PDF wekelijks gepubliceerd en vanaf 12 april 2023 iedere vier weken.

--------------------------------------------------------------------------------

Covid-19 Cumulative attendance for at least one COVID-19 vaccination, vaccination coverage for basic series, vaccination coverage for repeat vaccination against corona within the autumn round of 2022, by municipality and security region per birth cohort per week

Please note, this dataset will no longer be updated from September 25, 2023 onwards. From October 2nd, 2023 (start of the autumn round 2023), only data form the COVID-19 Vaccination Information Monitoring System (CIMS) will be used to monitor de vaccination coverage. CIMS only contains data of people who gave permission to share their data with the RIVM. Because CIMS is not complete enough to monitor the the vaccination coverage of the primary series, this dataset can no longer be updated. We would like to refer you to the dataset ""COVID-19_vaccinatiegraad_per_wijk_per_week"" for actual data about the autumn round 2023.

This file contains:
- The cumulative attendance for at least one COVID-19 vaccination, vaccination coverage of COVID-19 vaccination basic series and vaccination coverage of repeat vaccination against corona within the autumn round of 2022 for persons aged 12 and older, by municipality and security region per birth cohort per calendar week from 4 January 2021.

The file is structured as follows:
- A set of records, with a record per municipality and security region per birth cohort per calendar week. When the attendance or vaccination coverage is less than or equal to 5% or greater than or equal to 95%, these are shown as “<=5” or “>=95” respectively due to possible traceability.
This file is updated every four weeks on a Tuesday with data from the previous four weeks up to and including the last Sunday before the update.

Origin of the data:
Numerator: Vaccinations performed by the PHSs and general practitioners and other implementers (from the COVID Vaccination Information and Monitoring System (CIMS)) supplemented with information from the PHSs on persons who are not registered in CIMS and/or have had Covid-19 prior to the first vaccination within the basic series (data from GGDGHOR Netherlands from CoronIT). Persons who have died or emigrated are removed from the numerator, also from historical vaccine coverage estimates. Because we have no data in CoronIT about whether people have died or emigrated, we cannot extract these people from the CoronIT data.
Denominator: number of inhabitants by year of birth and municipality (from CIMS). The denominator is updated once per quarter of a year. The version number of the file is not adjusted for this. Current denominator: July 2023.

Description of the variables:
Version: Version number of the dataset. When the content of the dataset is structurally changed (so not the daily update or a correction at record level), the version number will be adjusted (+1) and also the corresponding metadata in RIVMdata (https://data.rivm.nl).
Version 2 update (January 20, 2022):
- In version 2 of this file, records are compiled according to the municipality reclassification of January 1, 2022. See description of the Region_code variable for more information.
Version 3 update (March 24, 2022):
- In version 3 of this file, records are compiled according to the municipality reclassification of March 24, 2022. See description of the Region_code variable for more information.
Version 4 update (May 24, 2022):
- In version 4 of this file, persons who have died or emigrated have been filtered out from the numerator of the CIMS data and from the denominator.
- In version 4 of this file, a more recent denominator has been used to calculate the vaccination attendance and vaccination coverage of the basic series (CIMS, April 6, 2022)
Version 5 update (July 6, 2022):
-In version 5 of this file, the calculation of age has been adjusted to 2022 – year of birth. This makes the group 18+ birth cohort <2005, 12+ becomes <=2010 and 12-17 years becomes 2005-2010.
-In version 5 of this file, a more recent denominator has been used to calculate the vaccination attendance and vaccination coverage of the basic series (CIMS, July 6, 2022)
Version 6 update (August 17, 2022):
-In version 6 of this file, the file has been retroactively updated to include cumulative vaccination coverages by calendar week, as of January 4, 2021.
-In version 6 of this file, the booster vaccination coverage of the first booster has been added for all age groups.
-In version 6 of this file, repeat vaccination coverage has been added for [Age_group] “60+”.
Version 7 update (November 29, 2022):
- In version 7 of this file, the vaccination coverage of the repeat vaccination against corona within the autumn round of 2022 has been added. This round started on September 19, 2022.
- In version 7 of this file, the booster vaccination coverage and the repeat vaccination coverage have been removed because the data quality is insufficient from the autumn round on September 19, 2022.
Version 8 update (January 3, 2023):
- In version 8 of this file, records are compiled according to the municipality reclassification of January 1, 2023. See description of the Region_code variable for more information.
Version 9 update (July 4, 2023):
-In version 9 of this file, the calculation of age has been adjusted to 2023 – year of birth. This makes the group 18+ birth cohort <2006, 12+ becomes <=2011 and 12-17 years becomes 2006-2011. A more recent denominator has been used to calculate the vaccination attendance and vaccination coverage as well.
-In version 9 of this file the methods used to rank and label the registered vaccinations have been improved, causing some changes in the data.

Date_of_report: Date and time on which the data file was created by the RIVM.

Date_of_statistics: Start date of the week in which the COVID-19 vaccination was administered.

Region_level: Region level to be reported on. This dataset contains data at municipality level and security region level.

Populatie: Population figures come from the Personal Records Database (in Dutch: Basisregister persoonsgegevens) and were last updated in July 2023. However, the population numbers include everyone with the relevant year of birth. This dataset now only includes people aged 12 and older.

Region_code: Municipality code. Municipal classification based on the postal code of the place of residence of the person who tested positive for SARS-CoV-2, coded according to Statistics Netherlands (CBS).
Since the first publication date of March 13, 2020 until the version 3 update of January 20, 2022, 2 municipal reorganizations have taken place.
Until January 7, 2021, this file is according to the municipality classification of 2020.
From January 7, 2021 to January 19, 2022, this file has been compiled according to the municipality classification of January 1, 2021: The municipalities of Appingedam, Delfzijl and Loppersum have been merged into the new municipality of Eemsdelta Gr. The municipality of Haaren has been merged into the municipalities of Oisterwijk, Tilburg, Vught and Boxtel (https://www.cbs.nl/nl-nl/onze-diensten/methoden/classificaties/overig/gemeentelijke-indelingen-per-jaar/indeling-per-jaar/gemeentelijke-indeling-op-1-januari-2021). With the division of Haaren, the Midden- and West-Brabant security region has become slightly larger, at the expense of the Noord Brabant security region.
From January 20, 2022 to March 23, 2022, this file has been compiled according to the municipality classification of January 1, 2022. The municipality of Beemster has been merged into the municipality of Purmerend. The municipalities of Heerhugowaard and Langedijk have been merged into the municipality of Dijk en Waard. The municipality of Landerd has been merged with the municipality of Uden to form the municipality of Maashorst. The municipalities of Boxmeer, Cuijk, Grave, Mill and Sint Hubert and Sint Anthonis have been merged into the municipality of Land van Cuijk (https://www.cbs.nl/nl-nl/onze-diensten/methoden/classificaties/overig/gemeentelijke-indelingen-per-jaar/indeling-per-jaar/gemeentelijke-indeling-op-1-januari-2022).
From March 24, 2022, this file has been compiled according to the municipality classification of March 24, 2022. The municipality of Weesp has been merged into the municipality of Amsterdam. With this merger, the Gooi- en Vechtstreek security region has become smaller and the Amsterdam-Amstelland security region larger; GGD Amsterdam has become larger and GGD Gooi- en Vechtstreek has become smaller (https://www.cbs.nl/nl-nl/onze-diensten/methoden/classificaties/overig/gemeentelijke-indelingen-per-jaar/indeling-per-jaar/gemeentelijke-indeling-op-1-januari-2022).
From January 3, 2023, this file has been compiled according to the municipality classification of January 1, 2023. The municipalities of Brielle, Hellevoetsluis and Westvoorne have merged into the municipality of 'Voorne aan Zee' (https://www.cbs.nl/nl-nl/onze-diensten/methoden/classificaties/overig/gemeentelijke-indelingen-per-jaar/indeling-per-jaar/gemeentelijke-indeling-op-1-januari-2023).
If the place of residence is not known, these vaccinations are not included in the table, because no denominator data is known and therefore no attendance percentage or vaccination coverage percentage can be calculated.

Region_name: Name of the municipality or security region.

Birth_year: Birth cohort being reported on. This dataset contains 3 birth cohorts: <=2011, 2006-2011, <2006.

Coverage_primary_partly: Cumulative vaccination coverage per birth cohort by region (municipality or security region), based on the cumulative number of persons who received at least one dose of COVID-19 vaccine, divided by the number of persons in the relevant birth cohort. The vaccination coverage is based on CIMS, supplemented with vaccination data from the PHS that are not included in CIMS. At the moment that traceability could possibly arise based on the population numbers, 9999 will be displayed.

Coverage_primary_completed: Cumulative vaccination coverage of the basic series per birth cohort by region (municipality or security region), based on the cumulative number of persons who have completed the basic series, divided by the number of persons in the relevant birth cohort. 'Basic series completed' is defined as having received the recommended number of doses of vaccine. For vaccines registered with a single-dose vaccination schedule, the vaccinated person is counted in both “Vaccination_coverage_partly” and “Vaccination_coverage_completed”. The vaccination coverage of the basic series is based on CIMS, supplemented with vaccination data from the PHS that are not included in CIMS. At the moment that traceability could possibly arise based on the population numbers, 9999 will be displayed.

Coverage_repeat_vaccination_autumn_round: Cumulative vaccination coverage repeat vaccination within the autumn round by region (municipality or security region), based on the cumulative number of people who received a repeat vaccination against corona (basic series+1, basic series+2 or basic series+3 vaccination) from 19 September 2022. The vaccination coverage is based on data from CIMS, supplemented with vaccination data from the PHS that are not included in CIMS. At the moment that traceability could possibly arise based on the population numbers, 9999 will be displayed.

Age_group: The age corresponding to the birth cohort. Whenever there is a discrepancy between age and birth cohort, the birth cohort is leading.

The vaccination attendance and vaccination coverage are also visualized in maps in the nationwide vaccination PDF. This PDF can be found at: https://www.rivm.nl/covid-19-vaccinatie/cijfers-vaccinatieprogramma. Until March 21, 2023, this PDF was published weekly and from April 12, 2023 every four weeks.",RIVM/I&V/EPI,EPI-datamanagement@rivm.nl,,,,RIVM/I&V/EPI; RIVM/I&V/EPI,"('3.37087', '50.7539', '7.21097', '53.4658')",Geen beperkingen (http://creativecommons.org/publicdomain/mark/1.0/deed.nl),otherRestrictions,,
83f2e0af-11b8-4032-849c-5d830ce12f76,dataset,ISO 19115,WFS; WMS,2025-06-16,dut,,Risicovolle parkeerplaatsen bui 90 mm Samenwerking Noordelijke Vechtstromen,risicokaart; neerslag; klimaat; samenwerking,Deze kaartlaag geeft de locatie van parkeerplaatsen weer die een risico lopen op overstromen bij een bui van 90 millimeters. Water op parkeerplaatsen kan zorgen voor schade en een verstoring van het verkeer. De brondata is afkomstig van Samenwerking Noordelijke Vechtstromen (SNV). Alleen de data op het grondgebied van Overijssel is gevisualiseerd.,Provincie Overijssel,kennishub@overijssel.nl,,,,,"('6.384516', '52.447896', '6.678051', '52.652081')",https://creativecommons.org/licenses/by/1.0/deed.nl,otherRestrictions,,https://services.geodataoverijssel.nl/geoserver/LIP/wfs
0d736207-f29c-539e-8614-74d5077b5915,dataset,ISO 19115,WMS; WFS,2022-06-02,dut,28992,Roodbaardtuinen,buitenplaats; landgoed; landschapsarchitect; park; Roodbaard; stadstuin,Overzicht landschapsparken Drenthe 1800-1850,Provincie Drenthe,post@drenthe.nl,,,,Team Gis/Cartografie (Provincie Drenthe),"('6.105', '52.601', '7.109', '53.213')",Geen beperkingen,copyright,,https://kaartportaal.drenthe.nl/server/services/GDB_actueel/GBI_RO_ROODBAARDTUINEN_V/MapServer/WFSServer
7e3de5ce-41cd-4ee4-bf49-4d71517d8274,dataset,ISO 19115,WMS; WFS,2025-06-24,dut,28992,Afgevoerde hoeveelheid afval vanuit de industrie (2019 - heden) (INSPIRE),menselijke gezondheid; milieubeleid,"Voor het Integraal PRTR-verslag (PRTR) moeten bedrijven, wanneer zij de drempelwaarden overschrijden, rapporteren hoeveel afval zij hebben  afgevoerd, en op welke wijze dit afval is verwerkt (afvoer binnen Nederland of naar het buitenland, en of het nuttig is toegepast of verwijderd). Deze verplichting geldt voor bedrijven die onder de reikwijdte van Annex I van de E-PRTR-verordening vallen.",,emissieregistratie@rivm.nl,,,,,"('3.37', '50.75', '7.21', '53.47')",Geen beperkingen (https://creativecommons.org/publicdomain/mark/1.0/deed.nl),otherRestrictions,,https://data.rivm.nl/geo/inspire/wfs?request=GetCapabilities
82571dd5-1f6e-48bb-aea8-76e1bbca7135,dataset,ISO 19115,WFS,2019-11-25,dut,28992,INSPIRE Protected Sites - Aardkundige waarden,BESCHERMDE GEBIEDEN; AARDKUNDIG WAARDEVOLLE GEBIEDEN; AARDKUNDIGE WAARDEN,"Deze data is gestandaardiseerd voor de provinciale aanlevering INSPIRE. Selectie van de gebieden met bijzondere abiotische waarden en/of antropogene waarden uit het bestand MILIEU_Bodembeschermingsgebieden, oorspronkelijk behorende bij het rapport ""Hoedzjen en noedzjen fan de Fryske grûn"". Onderdeel van de Feroardening Romte Fryslân, goedgekeurd door PS, dd 15-06-2011. In de plantoelichting van een ruimtelijk plan wordt aangegeven op welke manier het plan rekening houdt met de beschreven waarden in deze gebieden.",provincie Fryslân,provincie@fryslan.frl,,,,,"('4.848', '52.83', '6.421', '53.513')",http://creativecommons.org/publicdomain/mark/1.0/deed.nl,otherRestrictions,,https://geoportaal.fryslan.nl/arcgis/services/ProvinciaalGeoRegister/Inspire/MapServer/WFSServer?
f7a4ed4c-79e6-5f25-a0fb-6a55cfdea1d6,dataset,ISO 19115,,2008-10-28,dut,28992,"Ecologische verbinding, robuust (historie)",cultuurhistorie; ecologische verbinding; landschap; recreatie; water,"In het door Provinciale Staten vastgestelde Provinciaal Omgevingsplan Drenthe II, P.S. van 7 juli 2004, zijn op kaart 3 de Robuuste ecologische verbindingen aangegeven (zie ook PKB-nota Ruimte). Robuuste ecologische verbindingen versterken niet alleen de ruimtelijke samenhang in het ecologische netwerk, maar hebben ook een functie voor recreatie, waterbeheer, landschap en cultuurhistorie.",Provincie Drenthe,post@drenthe.nl,,,,Team Gis/Cartografie (Provincie Drenthe),"('6.105', '52.601', '7.109', '53.213')",Geen beperkingen,copyright,,
8498D10B8A511D43E053D2041EACBDD8,dataset,ISO 19115,WMS; WFS,2022-06-01,dut,28992,Omgevingsvisie 2018 - Buslijn HOV,locaties,"Door Provinciale Staten van Drenthe op 3 oktober 2018 vastgestelde versie van Buslijn HOV. Het Hoogwaardig Openbaar Vervoer (HOV) in Drenthe bestaat uit de nationale en regionale treinen, de Qliners en Q-linkbussen. Het HOV heeft een hogere kwaliteit en rijdt frequenter dan de basislijnen. De routes van de HOV-lijnen liggen vast. Als er, bijvoorbeeld vanuit ruimtelijke of demografische ontwikkelingen, aanleiding voor is, kunnen haltes worden toegevoegd of verwijderd. Kaart mobiliteit",Provincie Drenthe,post@drenthe.nl,,,,Team Gis/Cartografie (Provincie Drenthe),"('6.105', '52.601', '7.109', '53.213')",Geen beperkingen,otherRestrictions,,https://kaartportaal.drenthe.nl/server/services/GDB_actueel/GBI_AOV18_BUSLIJN_HOV_L/MapServer/WFSServer
bb436d77-ba42-5747-a877-00aba95e31f5,dataset,ISO 19115,,2015-11-12,dut,28992,Provinciale Omgevingsverordening 2015 - Gebiedsnormen wateroverlast (historie),POV,"In het Nationaal Bestuursakkoord Water (2003) zijn werknormen opgenomen die voor de verschillende vormen van landgebruik het wenselijk geachte beschermingsniveau uitdrukken. De vormen van landgebruik die worden onderscheiden zijn: grasland, akkerbouw, hoogwaardige land- en tuinbouw, glastuinbouw en bebouwd gebied. Op de kaart worden voor verschillende gebieden de wenselijk geachte normen weergegeven waarbij de kans op wateroverlast door grote hoeveelheden neerslag is gerelateerd aan het landgebruik.Deze kaartlaag maakt onderdeel uit van de op 23 september vastgestelde versie van de Provinciale Omgevingsverordening Drenthe. (Bijbehorende kaart B).",Provincie Drenthe,post@drenthe.nl,,,,Team Gis/Cartografie (Provincie Drenthe),"('6.105', '52.601', '7.109', '53.213')",Geen beperkingen,otherRestrictions,,
FEB44D94AC0B3D26E0441CC1DE40A734,dataset,ISO 19115,,2014-07-21,dut,28992,"Proefgebied landbouw (massa, energie en logistiek) (Omgevingsvisie 2014) (historie)",duurzame energie; efficient waterverbruik; huisvesting; landbouw; omgevingsvisie; veenkolonien,"Door Provinciale Staten van Drenthe op 2 juli 2014 vastgestelde versie van Proefgebied landbouw (massa, energie en logistiek). De Veenkolonien zijn aangewezen als proefgebied voor de landbouw. Nieuwe ontwikkelingen op landbouwgebied kunnen als eerste hier worden geintroduceerd, zoals b.v. innovaties op het gebied van huisvesting, nieuwe teelten, efficient watergebruik, verduurzaming en duurzame energie. De provincie Drenthe wil dit actief ondersteunen. Het initieren van deze nieuwe mogelijkheden loopt via de ""Agenda voor de Veenkolonien"" (een gezamenlijke gebiedsopgave van gemeenten en provincies in Groningen en Drenthe). Komt voor in kaart 1: Visiekaart; kaart 6: Robuust landbouwsysteem.",Provincie Drenthe,post@drenthe.nl,,,,Team Gis/Cartografie (Provincie Drenthe),"('6.105', '52.601', '7.109', '53.213')",Geen beperkingen,otherRestrictions,,
5d47cccf-4741-4c66-9321-c05040d4bbb5,dataset,ISO 19115,,2025-07-01,eng,,"Wind - windspeed, direction, standarddeviation at a 10 minute interval",Wind; Windspeed; Winddirection; Standarddeviation; Windmaximum; Windgemiddelde; 10 minutes; Netherlands; Bonaire; Sint Eustatius; Saba; Archive; Open data,This dataset is constructed using measurements of windspeedmeters (anemometer) and winddirectionmeters (windvane). The dataset is neither validated nor are missing values completed.,Koninklijk Nederlands Meteorologisch Instituut (KNMI),opendata@knmi.nl,,,,Koninklijk Nederlands Meteorologisch Instituut (KNMI); Koninklijk Nederlands Meteorologisch Instituut (KNMI); Koninklijk Nederlands Meteorologisch Instituut (KNMI),"('-68.275833', '12.13', '7.149167', '55.399167')",https://creativecommons.org/licenses/by/4.0/deed.nl,otherRestrictions,,
cbb34c3b-1592-4bb3-8f22-71296e21ea92,dataset,ISO 19115,WMS; WFS,2024-04-25,dut,,Grootschalig open landschap,LANDSCHAPSBESCHERMING; NATUUR EN LANDSCHAP; LANDSCHAPSBEHEER; CULTUURLANDSCHAPPEN; Downloadable Data,Dit bestand bevat gebieden behorend tot het grootschalig open landschap in Groningen. De afwisseling en het contrast tussen de open en besloten gebieden draagt bij aan de diversiteit van het landschap.,Provincie Groningen,geoportaal@provinciegroningen.nl,,,,Datateam Beleid (Provincie Groningen),"('6.2569', '52.9908', '7.2717', '53.4923')",Geen beperkingen (https://creativecommons.org/publicdomain/mark/1.0/deed.nl),otherRestrictions,,https://geoservices.provinciegroningen.nl/server/services/LandelijkGebied/Landschap/MapServer/WFSServer?request=GetCapabilities
8498D10B8A031D43E053D2041EACBDD8,dataset,ISO 19115,WMS; WFS,2022-06-01,dut,28992,Omgevingsvisie 2018 - Robuust watersysteem - Beekdalen,locaties,"Door Provinciale Staten van Drenthe op 3 oktober 2018 vastgestelde versie van Robuust watersysteem - Beekdalen. De provincie Drenthe streeft naar robuuste beekdalen in 2030. Robuuste beekdalen zijn bestand tegen een grotere hoeveelheid neerslagwater, die zich, als gevolg van de klimatologische veranderingen, verzamelt in de beekdalen. Hierbij wordt de afvoer niet afgewenteld op een ander gebied of verschoven naar de toekomst. Bij veel neerslag is er kans op water op het maaiveld. Bestaande functies moeten zich aanpassen aan deze gevolgen van klimaatverandering. De opgave en urgentie in de beekdalen is verschillend en daarom is er ruimte voor maatwerkoplossingen. In een gebiedsgerichte aanpak wordt in het voortraject veel aandacht geschonken aan het betrekken van grondeigenaren en andere belanghebbenden.Komt voor in Visiekaart, kaart kernkwaliteit landschap en kaart robuust en klimaatbestendig watersysteem.",Provincie Drenthe,post@drenthe.nl,,,,Team Gis/Cartografie (Provincie Drenthe),"('6.105', '52.601', '7.109', '53.213')",Geen beperkingen,otherRestrictions,,https://kaartportaal.drenthe.nl/server/services/GDB_actueel/GBI_AOV18_K1_K2B_K8_FIE_BEEKD_V/MapServer/WFSServer
a0b0dc53-fdfb-4213-ac23-453403af7bff,dataset,ISO 19115,,2025-07-01,eng,,Aerosol - PM2.5 mass concentration measurements at Cabauw,Aerosol; Dust; Environment; Pollution; CESAR; Cabauw; Ruisdael,This dataset contains particulate matter mass concentration measurements using a TEOM 1400a sensor unit in combination with Series8500 FDMS monitor. The instrument is located in a Portakabin 500m north from the Cabauw tower.,Koninklijk Nederlands Meteorologisch Instituut (KNMI),opendata@knmi.nl,,,,Koninklijk Nederlands Meteorologisch Instituut (KNMI); Koninklijk Nederlands Meteorologisch Instituut (KNMI); Koninklijk Nederlands Meteorologisch Instituut (KNMI),"('4.92', '51.97', '4.92', '51.97')",https://creativecommons.org/licenses/by/4.0/deed.nl,otherRestrictions,,
c186ec2a-ca51-4d28-b2a8-d99ce886e145,dataset,ISO 19115,WMS; WCS,2022-11-17,dut,28992,Grootschalige stikstofdepositie Nederland,stikstofdepositie,Wat ziet u? De depositie van stikstofverbindingen in Nederland. De ruimtelijke resolutie is 1x km2. Depositiewaarden voor de natuur m.n. de Natura2000-gebieden worden gebruikt in de Programmatische Aanpak Stikstof (PAS). Stikstofdepositie op andere gebieden in Nederland worden geleverd aan de PBL en CBS. CBS maakt daarvan onder ander N-balansen over landbouwgebied en wateren.,RIVM,atlasnatuurlijkkapitaal@rivm.nl,,RIVM,,,"('3.37087', '50.7539', '7.21097', '53.4658')",Geen beperkingen,otherRestrictions,https://data.rivm.nl/geo/wcs?VERSION=2.0.1&SERVICE=WCS&REQUEST=GetCoverage&COVERAGEID=dank__rivm_r19_gm_n-depositie,
ffffffc4-2069-54ab-a661-a52659a5d8dd,dataset,ISO 19115,,2019-07-02,dut,28992,"Natuurbeheerplan 2020, Waterkaart (historie)",agrarisch; EHS; gebiedsplan; landbouw; landschap; landschapsbeheer; natuur; natuurbeheer; particulier; SNL; subsidie,De waterkaart hoort bij het Natuurbeheerplan.,Provincie Drenthe,post@drenthe.nl,,,,Team Gis/Cartografie (Provincie Drenthe),"('6.105', '52.601', '7.109', '53.213')",Geen beperkingen,otherRestrictions,,
ffffffc0-31dc-5f65-ad2e-bae40a545cba,dataset,ISO 19115,,2008-09-17,dut,28992,"Natuurgebiedsplan 2007, Integraal (historie)",natuur; natuurgebiedsplan; relatienota,Het integraal natuurgebiedsplan met betrekking tot natuur- en landschapsdoelen:- nieuwe natuurgebieden (van cultuurgrond naar nieuwe natuur);- beheersgebieden (landbouwgronden waar beschikkingen ten gunste van natuur en landschap mogelijk zijn);- mogelijkheden voor subsidie binnen die begrenzingen. Sinds 1 januari 2000 gelden nieuwe subsidieregelingen voor natuur- en landschapsbeheer.,Provincie Drenthe,post@drenthe.nl,,,,Team Gis/Cartografie (Provincie Drenthe),"('6.105', '52.601', '7.109', '53.213')",Geen beperkingen,copyright,,
ffffff85-5f60-561b-87c7-68af7fb7a482,dataset,ISO 19115,,2008-11-14,dut,28992,Ontwikkelingsschets dagrecreatie (historie),recreatie; ruimtelijke ordening; streekplan,"Ontwikkelingsschets voor de dagrecreatie. Streekplan Drenthe, kaart B.3.2.",Provincie Drenthe,post@drenthe.nl,,,,Team Gis/Cartografie (Provincie Drenthe),"('6.105', '52.601', '7.109', '53.213')",Geen beperkingen,copyright,,
1c2b7064-bfd6-45ef-8760-b0a032e87cce,dataset,ISO 19115,WMS,2025-02-19,dut,28992,Luchtfoto 2022 Gemeente Koggenland,WMS; GEOSERVER; Luchtfoto,Luchtfoto 2022 Gemeente Koggenland,Gemeente Koggenland,geo@koggenland.nl,,,,,"('4.8433', '52.584', '5.0565', '52.7112')",Geen beperkingen,otherRestrictions,,
2320c087-1f81-4617-9e50-08d61c1ae4ee,dataset,ISO 19115,WFS,2025-01-27,dut,28992,Voortgangsrapportage Natuur (VRN),NATUUR; VRN; VOORTGANGSRAPPORTAGE; NATUURPACT,"De dataset Voortgangsrapportage Natuur (VRN) omvat de onderliggende kaartlagen zoals aangeleverd door de provincies en samengevoegd door BIJ12 per jaar (2016 t/m 2023) ten behoeve van de Voortgangsrapportage Natuur (VRN). De VRN geeft informatie over de voortgang van de afspraken uit het Natuurpact. De onderliggende kaartlagen zijn opgesteld volgens het Informatiemodel Natuur IMNa. Door wijzigingen in het informatiemodel komen ook historische attributen voor in de dataset, die niet langer in gebruik zijn.",BIJ12,vrn@bij12.nl,,,,BIJ12,"('2.8056', '50.6669', '7.6287', '53.6113')",geen beperkingen,otherRestrictions,,https://geoservices.portaalnatuurenlandschap.nl/geoserver/IMNa_VRN/wfs?service=WFS&version=1.3.0&request=GetCapabilities
0e3a54e4-3e1e-4da4-b62b-41bb06b28f0b,dataset,ISO 19115,WMS; WFS,2013-11-14,dut,28992,Aardkundig waardevolle gebieden,BESCHERMDE GEBIEDEN; AARDKUNDIG WAARDEVOLLE GEBIEDEN; AARDKUNDIGE WAARDEN,"Selectie van de gebieden met bijzondere abiotische waarden en/of antropogene waarden uit het bestand MILIEU_Bodembeschermingsgebieden, oorspronkelijk behorende bij het rapport ""Hoedzjen en noedzjen fan de Fryske grûn"". Onderdeel van de Feroardening Romte Fryslân, goedgekeurd door PS, dd 15-06-2011. In de plantoelichting van een ruimtelijk plan wordt aangegeven op welke manier het plan rekening houdt met de beschreven waarden in deze gebieden.",provincie Fryslân,provincie@fryslan.frl,,,,,"('4.848', '52.830', '6.421', '53.513')",http://creativecommons.org/publicdomain/mark/1.0/deed.nl,otherRestrictions,,https://geoportaal.fryslan.nl/arcgis/services/ProvinciaalGeoRegister/PGR2/MapServer/WFSServer?
5a1b6db0-0682-11ec-9fb2-059654019e08,dataset,ISO 19115,,2025-07-01,eng,,Climate normals - 1991-2020 day normals by station from KNMI automatic weather stations (AWS),Climate normals; Normals; AWS; Automatic weather stations; Day normals; Average day; Open data; Core dataset,The 30 year average value of a climate variable on 1 specific date.,Koninklijk Nederlands Meteorologisch Instituut (KNMI),opendata@knmi.nl,,,,Koninklijk Nederlands Meteorologisch Instituut (KNMI); Koninklijk Nederlands Meteorologisch Instituut (KNMI); Koninklijk Nederlands Meteorologisch Instituut (KNMI),"('3.3', '50.7', '7.2', '53.2')",https://creativecommons.org/licenses/by/4.0/deed.nl,otherRestrictions,,
5c482f60-dc48-59ae-a393-b5be904add5f,dataset,ISO 19115,,2008-11-11,dut,28992,"Korstmos, 2004 ammoniakmijdend (historie)",ammoniak; korstmossen; natuur,De AIW (Acidofiele Indicatie Waarde) is een maat voor de ammoniakbelasting en is gebaseerd op het voorkomen van korstmossen die gevoelig zijn voor ammoniak. Hoge waarden geven aan waar het milieu nog relatief weinig beinvloed is.,Provincie Drenthe,post@drenthe.nl,,,,Team Gis/Cartografie (Provincie Drenthe),"('6.105', '52.601', '7.109', '53.213')",Geen beperkingen,copyright,,
3cc5b451-aa69-4edb-bdb2-495a4fdfc231,dataset,ISO 19115,WMS; WFS,2023-12-28,dut,,Dekzandruggen (Omgevingsverordening),AARDKUNDIG WAARDEVOLLE GEBIEDEN; PROVINCIALE VERORDENINGEN; AARDKUNDIGE WAARDEN; LANDSCHAPSBESCHERMING; GEOMORFOLOGISCHE KAARTEN; OMGEVINGSWET; Downloadable Data,Dit bestand bevat dekzandruggen zoals vastgesteld in de Omgevingsverordening provincie Groningen. In deze Omgevingsverordening hebben wij ter bescherming van dekzandruggen regels opgenomen.  Op verschillende plaatsen in onze provincie zijn duidelijke hoogteverschillen in het landschap aanwezig die te maken hebben met de aardkundige geschiedenis. Wij beschermen het aardkundig reliëf en het zicht daarop.,Provincie Groningen,geoportaal@provinciegroningen.nl,,,,Datateam Beleid (Provincie Groningen),"('6.181543', '52.865576', '7.228004', '53.293402')",Geen beperkingen (https://creativecommons.org/publicdomain/mark/1.0/deed.nl),otherRestrictions,,https://geoservices.provinciegroningen.nl/server/services/Beleidsplannen/Omgevingsverordening/MapServer/WFSServer?request=GetCapabilities
8498D10B8A101D43E053D2041EACBDD8,dataset,ISO 19115,,2025-04-18,dut,28992,Omgevingsvisie 2018 - Verwachte archeologische waarden - locaties (historie),locaties,"Door Provinciale Staten van Drenthe op 3 oktober 2018 vastgestelde versie van Verwachte archeologische waarden - locaties. In gebieden of terreinen waar archeologische waarden worden verwacht (verwachtingsgebieden) die van provinciaal belang zijn, stuurt de provincie Drenthe op een goede uitvoering van archeologisch onderzoek, conform de gangbare, in de archeologische beroepsgroep geldende kwaliteitseisen. Onder deze verwachtingsgebieden vallen alle Drentse essen en beekdalen, het Holtingerveld (voorheen de Havelterberg), het Drentsche Aa-gebied, de gebieden waar Celtic fields worden verwacht, offerveentjes en het vermoede traject van de prehistorische weg over de Hondsrug. Kaart Kernkwaliteit archeologie",Provincie Drenthe,datateam@drenthe.nl,,,,Team Gis/Cartografie (Provincie Drenthe),"('6.0531', '52.5451', '7.2431', '53.2683')",Geen beperkingen,otherRestrictions,,
d2385cb4-c207-4d73-97fc-517587e31ae5,dataset,ISO 19115,,2018-09-07,,28992,Wijk- en buurtindeling,Wijk- en buurtindeling,Vastgestelde wijk- en buurtindeling van de gemeente Vlaardingen.,Gemeente Vlaardingen,geo.informatie@vlaardingen.nl,,P. Dekker,,,"('4.26648', '51.8934', '4.37091', '51.9517')",http://creativecommons.org/publicdomain/mark/1.0/deed.nl,otherRestrictions,,
ef23cc6f-b66a-50bf-bd1f-1d7f3576b775,dataset,ISO 19115,,2008-10-29,dut,28992,Kansenkaart voor ammoniakreductie d.m.v. gebiedsgerichte maatregelen (historie),ammoniak; bodem; mest; natuurgebied; nitraat,"De provincie Drenthe heeft in 2007 door Alterra een verkenning laten uitvoeren naar stikstofstromen en emissies uit de landbouw en zijn de mogelijke effecten van maatregelen in de landbouw op de emissie van stikstof uit de landbouw naar de atmosfeer, grondwater en oppervlaktewater opgenomen.  Dit bestand geeft een kansenkaart weer met natuurgebieden die het eerst in aanmerking komen voor gebiedsgerichte maatregelen, ten einde de natuur zo effectief mogelijk te beschermen",Provincie Drenthe,post@drenthe.nl,,,,Team Gis/Cartografie (Provincie Drenthe),"('6.105', '52.601', '7.109', '53.213')",Geen beperkingen,copyright,,
75d2e040-b0e2-4698-9956-617d0e9b0eab,dataset,ISO 19115,,2025-07-01,eng,,Precipitation - Long term average 1981-2010 - Average yearly precipitation,Climate; Precipitation; Rain; Rainfall; Open data; Core dataset,Gridded files of average yearly precipitation in the Nehterlands. Measured on +- 300 locations of the voluntary network.,Koninklijk Nederlands Meteorologisch Instituut (KNMI),opendata@knmi.nl,,,,Koninklijk Nederlands Meteorologisch Instituut (KNMI); Koninklijk Nederlands Meteorologisch Instituut (KNMI); Koninklijk Nederlands Meteorologisch Instituut (KNMI),"('3.18', '50.7', '7.3', '53.58')",https://creativecommons.org/licenses/by/4.0/deed.nl,otherRestrictions,,
1910c545-07b6-5ec3-b006-0108864e7e46,dataset,ISO 19115,,2003-04-14,dut,28992,"POP-2, Contourlijn (ontwerp) (historie)",contourlijn; kern; ruimtelijke ordening; volkshuisvesting,"Begrenzing ruimtelijke ontwikkeling kernen (contourlijn). Provinciaal Omgevingsplan Drenthe. POPII, kaart 1.",Provincie Drenthe,post@drenthe.nl,,,,Team Gis/Cartografie (Provincie Drenthe),"('6.105', '52.601', '7.109', '53.213')",Geen beperkingen,copyright,,
ffffffd0-9811-568d-9852-40e58edd02ed,dataset,ISO 19115,,2011-01-01,dut,28992,"Laagvliegroute, inclusief invloedssfeer (OGV, 2010) (historie)",defensie; omgevingsvisie,"Dit bestand geeft de laagvliegroute inclusief invloedssfeer  weer zoals in de door Provinciale Staten op 2 juni 2010 vastgestelde Omgevingsvisie, kaart 12 is weergegeven.",Provincie Drenthe,post@drenthe.nl,,,,Team Gis/Cartografie (Provincie Drenthe),"('6.105', '52.601', '7.109', '53.213')",Geen beperkingen,otherRestrictions,,
bc5ce5b7-e295-4a14-8c24-508858d90994,dataset,ISO 19115,WMTS; WMS,2018-06-28,dut,28992,Luchtfoto 2017 25cm RGB Ortho (voorjaarsvlucht),voorjaar; luchtfoto; 2017; 25cm; ortho; rgb; landelijke voorziening beeldmateriaal; lvb; beeldmateriaal; orthofoto; ortho25; orthofotomozaïek; mozaïek; orthofotomozaiek; mozaiek; lage resolutie; lr,RGB voorjaarsluchtfoto van 2017 met een resolutie van 25cm.,Waterschap Hunze en Aa's,gis_info@hunzeenaas.nl,,,,Waterschap Hunze en Aa's; Waterschap Hunze en Aa's,"('6.274500417904351', '52.6482562858353', '7.570597529185045', '53.47291066142737')",Geen beperkingen,otherRestrictions,,
ffffffe0-376c-5381-92ba-1353b89b1ba0,dataset,ISO 19115,,2009-04-26,dut,28992,Projecten klimaat en energie (historie),energie; klimaat; projecten,"Locaties van provinciale projecten binnen het programma klimaat en energie (http://www.drenthe.nl/klimaatenenergie).De projecten hebben als doelstelling energiebesparing en/of gebruik van milieuvriendelijke energiebronnen zoals bijvoorbeeld zonnepanelen, groen gas en innovatieve nieuwbouw.",Provincie Drenthe,post@drenthe.nl,,,,Team Gis/Cartografie (Provincie Drenthe),"('6.105', '52.601', '7.109', '53.213')",Geen beperkingen,copyright,,
7760ab09-06ff-4e86-9ad2-c6d085165ead,dataset,ISO 19115,WMS; WFS,2019-01-31,dut,28992,Karakteristieke waterlopen (Omgevingsvisie 2016-2020),STRUCTUURPLANNEN; WATERLOPEN; CULTUURHISTORIE; LANDSCHAPSBESCHERMING; NATUUR EN LANDSCHAP,"Dit bestand bevat karakteristieke waterlopen zoals vastgesteld in de Omgevingsvisie provincie Groningen 2016-2020.
Water, verkaveling en het beloop van wegen zijn bepalend voor het karakter van het landschap van Groningen. Wij beschermen karakteristieke waterlopen. Wij hebben in de Omgevingsverordening specifieke regels opgenomen.",Provincie Groningen,geoportaal@provinciegroningen.nl,,,,Afdeling INFO (Provincie Groningen),"('6.183', '52.838', '7.227', '53.441')",geen beperkingen,otherRestrictions,,https://geoservices.provinciegroningen.nl/server/services/Beleidsplannen/Omgevingsvisie/MapServer/WFSServer
859dca1e-bce3-500b-9c14-408951aa6e36,dataset,ISO 19115,,2015-11-12,dut,28992,Provinciale Omgevingsverordening 2015 - Vaarweg (historie),kanalen; scheepvaart; vaarwegen,Deze kaartlaag maakt onderdeel uit van de op 23 september 2015 vastgestelde versie van de Provinciale Omgevingsverordening Drenthe. (Bijbehorende kaart A).,Provincie Drenthe,post@drenthe.nl,,,,Team Gis/Cartografie (Provincie Drenthe),"('6.105', '52.601', '7.109', '53.213')",Geen beperkingen,otherRestrictions,,
c9af06ff-501e-4c38-b8c0-a7bcbe0912b4,dataset,ISO 19115,,2025-07-01,eng,,PBL IMAGE SSP scenarios - Fraction of land cover type (30 arcmin),Land cover,Global fraction of land cover type from 1970 to 2100 per land grid cell: cropland; pasture; forest; other nature; urban area. The data is licensed under CC-BY. The IMAGE-team would appreciate to be involved in projects using the data.,Koninklijk Nederlands Meteorologisch Instituut (KNMI),opendata@knmi.nl,,,,Koninklijk Nederlands Meteorologisch Instituut (KNMI); Koninklijk Nederlands Meteorologisch Instituut (KNMI); Koninklijk Nederlands Meteorologisch Instituut (KNMI),"('-180.0', '-90.0', '180.0', '90.0')",https://creativecommons.org/licenses/by/4.0/deed.nl,otherRestrictions,,
b01df8ab-b84b-4f35-a899-d256eadb6d48,service,ISO 19115,,2025-07-08,dut,,CBS Wijken en buurten 2024 versie 1 OGC API Features,CBS; Wijken; Buurten; Gemeenten; Statistiek; Bevolkingdichtheid; Inwoners; Allochtonen; Autos; Huishoudens; Nabijheid,"Het Bestand Wijk- en Buurtkaart 2024 bevat de geometrie van alle gemeenten, wijken en buurten in Nederland met als attribuut een aantal statistische kerncijfers. De begrenzingen van wijken en buurten zijn voor een groot deel gebaseerd op wat de gemeenten aan het CBS doorgeven. De gemeentegrens is afkomstig uit de BRK van het Kadaster. De land-watergrens uit het Bestand Bodemgebruik 2017.",,beheerpdok@kadaster.nl,,,,,"('2.13600536', '50.55886596', '8.15993368', '53.74961905')","Naamsvermelding verplicht, organisatienaam (https://creativecommons.org/licenses/by/4.0/deed.nl)",otherRestrictions,,
686b5321-28c1-4395-bb87-86f0e92dee06,dataset,ISO 19115,WMS,2022-05-25,dut,28992,Bovengrondse koolstofvoorraad in natuurgebieden,Natuurlijk Kapitaal,"Wat ziet u? Deze kaart laat de bovengrondse koolstofvoorraad zien die is vastgelegd in de vegetatie van natuurgebieden in Nederland.  Op de kaart staan de natuurgebieden in Nederland die vallen onder de subsidieregeling Natuur en Landschap (SNL).
Wat is de waarde? Overheden, Natuurbeheerders en overige belangstellenden voor koolstofvastlegging krijgen hiermee inzicht in de spreiding van koolstofvastlegging in natuur. Deze informatie kan worden gebruikt bij opstellen van beleidsplannen en andere strategische planning.  Daarnaast vormt deze kaart de basis voor verdere studies/kaarten die potentiele koolstofvastlegging in de Nederlandse vegetatie bepalen. 
Voor wie is dit belangrijk? Deze kaart is van belang voor beleidsmakers, terreinbeheerders en onderzoekers die zich bezig houden met klimaatmitigatie (koolstofvastlegging).",Atlas Natuurlijk Kapitaal,atlasnatuurlijkkapitaal@rivm.nl,,,,,"('3.37087', '50.7539', '7.21097', '53.4658')",http://creativecommons.org/publicdomain/mark/1.0/deed.nl,otherRestrictions,,
a8923c79-da24-56b2-b763-45067cdc7649,dataset,ISO 19115,,2011-01-01,dut,28992,"Gebied met karresporen, historische kern Meppel en Coevorden (OGV, 2010) (historie)",omgevingsvisie,"Dit bestand geeft het gebied met karresporen, de historische kern van Meppel en de historische kern van Coevorden weer, zoals aangegeven op kaart 2E van de Omgevingsvisie, vastgesteld door Provinciale Staten op 2 juni 2010.",Provincie Drenthe,post@drenthe.nl,,,,Team Gis/Cartografie (Provincie Drenthe),"('6.105', '52.601', '7.109', '53.213')",Geen beperkingen,otherRestrictions,,
80ea16c0-0dbe-4b4f-b81d-3aa93871e566,dataset,ISO 19115,WMS; WFS,2025-07-16,dut,28992,Landschappelijk Groen Erfgoed,landschapselementen; cultuurhistorie; natuurgebieden; landschap; bosbouw,"In de afgelopen 25 jaar is het oudste landschappelijk groen erfgoed, dat herleidbaar is van de topografische kaarten van rond 1850, voor een belangrijk deel in het veld nader onderzocht op authenticiteit en samenstelling. 
Het gaat hier om traditioneel aangelegde en beheerde groenelementen met wilde (autochtone) bomen en struiken.",Rijksdienst voor het Cultureel Erfgoed,info@cultureelerfgoed.nl,,,,InfoDesk (Rijksdienst voor het Cultureel Erfgoed),"('2.63204119', '50.63984689', '7.88025567', '53.574986')",Geen beperkingen (https://creativecommons.org/publicdomain/zero/1.0/deed.nl),otherRestrictions,,https://services.rce.geovoorziening.nl/landschapsatlas/wfs?service=WFS&request=GetCapabilities
764f5c72-4a15-46a9-a86d-9eccf1efd9c6,dataset,ISO 19115,WMTS; WMS,2018-07-02,dut,28992,Luchtfoto 2012 25cm RGB Ortho (voorjaarsvlucht),voorjaar; luchtfoto; 2012; 25cm; ortho; rgb; landelijke voorziening beeldmateriaal; lvb; beeldmateriaal; orthofoto; ortho25; orthofotomozaïek; mozaïek; orthofotomozaiek; mozaiek; lage resolutie; lr,RGB voorjaarsluchtfoto van 2012 met een resolutie van 25cm.,Waterschap Hunze en Aa's,gis_info@hunzeenaas.nl,,,,Waterschap Hunze en Aa's; Waterschap Hunze en Aa's,"('6.274500417904351', '52.6482562858353', '7.570597529185045', '53.47291066142737')",Geen beperkingen,otherRestrictions,,
61b08aeb-e437-4e33-bdcc-193867241e99,dataset,ISO 19115,WFS; WMS,2025-07-08,dut,,Bedrijventerreinen in Overijssel,bedrijfslocaties; bedrijfsvestigingen; bedrijventerreinen; industrie,"Dit bestand bevat de bedrijventerreinen in Overijssel. Het gaat om de bedrijventerreinen die voldoen aan de definitie van het Integraal Bedrijventerreinen Informatie Systeem (IBIS). Het gaat om locaties die bestemd en geschikt voor gebruik door handel, nijverheid, commerciële en niet-commerciële dienstverlening en industrie. Naast de ruimtelijke contouren bevat het bestand informatie over administratieve kenmerken zoals milieuzonering, erfpachtprijs en parkeergelegenheid. Deze kenmerken zijn door gemeenten zelf aangeleverd en gecontroleerd. De kenmerken die te maken hebben met oppervlaktes (zoals hectares uitgeefbaar terrein, uitgifte, bruto oppervlakte en netto oppervlakte) worden afgeleid van de Monitor Overijsselse Bedrijventerreinen (MOB). Dit is een meting die wordt uitgevoerd door de provincie op basis van onder andere basisregistraties. Dit is gecontroleerd en aangevuld door de gemeenten. De provincie levert dit vervolgens aan bij de IBIS-organisatie. Gegevens over voorgaande jaren zijn te vinden in het bestand “Bedrijventerreinen in Overijssel (historie)“.",Provincie Overijssel,kennishub@overijssel.nl,,,,,"('5.837', '52.145', '7.062', '52.828')",https://creativecommons.org/publicdomain/mark/1.0/deed.nl,otherRestrictions,,https://services.geodataoverijssel.nl/geoserver/B61_economie/wfs
ffffffb7-9a73-5136-9772-ccae6c52ba77,dataset,ISO 19115,,2011-01-01,dut,28992,"Potentieel gebied met grondwater voor de bereiding van drinkwater (OGV, 2010) (historie)",omgevingsvisie,Provinciale Staten van Drenthe hebben op 7 juli 2004 het Provinciaal Omgevingsplan Drenthe II vastgesteld. Hierin is op kaart 11  het potentieel gebied met grondwater voor de bereiding van drinkwater aangegeven.,Provincie Drenthe,post@drenthe.nl,,,,Team Gis/Cartografie (Provincie Drenthe),"('6.105', '52.601', '7.109', '53.213')",Geen beperkingen,otherRestrictions,,
ffffffcc-4f17-515a-b50a-69c0e2fb4e86,dataset,ISO 19115,,2010-11-01,dut,28992,Natuur op kaart 2010 (historie),BBL; inrichting; natuur; Nulmeting,"Realisatie EHS op grond van de begrenzing nieuwe natuur, robuuste verbinding en ecologische verbindingszones. Kaart geeft inzicht in welke percelen verworven zijn en welke ingericht zijn. Kaart geeft tevens inzicht in waar particulier natuurbeheerder de EHS realiseert. Kaart geeft inzicht in de situatie 1 januari 2010.",Provincie Drenthe,post@drenthe.nl,,,,Team Gis/Cartografie (Provincie Drenthe),"('6.105', '52.601', '7.109', '53.213')",Geen beperkingen,copyright,,
66bee60e-c5e4-48bf-8da5-edcccadcb310,service,ISO 19115,,2025-07-21,dut,3035,Statistical Units Vector (INSPIRE geharmoniseerd) OGC API Features,Statistische eenheden; Nationaal; CBS; Statistics; Vector; SU; NL; Statistical Unit; Netherlands,"This dataset contains the statistical Units of the Netherlands according to the INSPIRE datamodel for Statistical Units version 4.0. It contains the following SU-types: buurt, wijk, gemeente, provincie, landsdeel, nuts1, nuts2, nuts3, coropgebied and ggdregio.",,beheerpdok@kadaster.nl,,,,,"('-0.27377587', '50.03145752', '10.23161892', '54.24851967')","Naamsvermelding verplicht, organisatienaam (https://creativecommons.org/licenses/by/4.0/deed.nl)",otherRestrictions,,
f2aa2259-8c7f-5dfe-acdb-394b60085c05,dataset,ISO 19115,,2015-11-12,dut,28992,Provinciale Omgevingsverordening 2015 - Bergingsgebied (historie),waterberging,Een ruimtelijk plan dat een gebied bestrijkt dat samenvalt met een bergingsgebied strekt mede tot behoud van het waterbergend vermogen van dat gebied. Deze kaartlaag maakt onderdeel uit van de op 23 september vastgestelde versie van de Provinciale Omgevingsverordening Drenthe. (Bijbehorende kaart D14).,Provincie Drenthe,post@drenthe.nl,,,,Team Gis/Cartografie (Provincie Drenthe),"('6.105', '52.601', '7.109', '53.213')",Geen beperkingen,otherRestrictions,,
ed423f07-34e8-41e5-9dd0-e42ea5eedaa4,service,ISO 19115,,2025-07-22,dut,,Vierkant 500 meter bij 500 meter Nederland OGC API Features,Vierkant; Grid,"Het bestand vierkant 500 meter bij 500 meter bevat alle vierkanten van 500 meter bij 500 meter gelegen boven land van Nederland, aangevuld met grotere wateren. De dataset bevat een kolom waarvan de naam de EPSG-code vermeld van de projectie van het onderliggend gebied waarop de vierkanten als rechthoekig net betrekking hebben (Voor RD new is dat 28992) en de grootte van het vierkant (500 meter bij 500 meter). Aan ieder vierkant wordt een codering toegekend afgeleid van het linksonderpunt van het vierkant, opgebouwd uit een Oost en een Noord coördinaat. Zowel de x-coördinaat als de y-coördinaat van het linksonderpunt is een veelvoud van 500 meter en wordt weergegeven in hectometers. De y-coördinaat wordt weergegeven als N(orth) en de x-coördinaat als E(ast).",,beheerpdok@kadaster.nl,,,,,"('1.62908999', '50.4606049', '8.59420314', '53.84304509')","Naamsvermelding verplicht, organisatienaam (https://creativecommons.org/licenses/by/4.0/deed.nl)",otherRestrictions,,
82fa284e-8218-40e4-a593-c2f8a832c3d5,service,ISO 19115,WMS,2025-07-10,dut,,"Olie- en gasvelden onder INSPIRE, viewservice",Aardgas; Energie; Koolwaterstof; Mijnbouwwet,"Deze view service toont de dataset met gegevens van olie-, gas- en condensaatvelden in Nederland. Het bevat zowel on- als offshore velden, zoals bekend in de Mijnbouwwet. In de dataset is opgenomen wanneer het veld is ontdekt en in welke periode de exploitatie plaats vind (heeft gevonden). Ook bevat de dataset gegevens over de reserves van de velden, voor zover deze vrijgegeven mogen worden.",TNO Geologische Dienst Nederland,support@geologischedienst.nl,,,,TNO Geologische Dienst Nederland,"('2.53', '50.75', '7.22', '55.77')",Geen beperkingen (http://creativecommons.org/publicdomain/zero/1.0/deed.nl),otherRestrictions,,
81294A4709B90F67E053D2041EAC31E1,dataset,ISO 19115,,2018-10-05,dut,28992,Natura2000 Beheerplannen - Bestaand gebruik (puntlocaties DFW) (historie),locaties,Bestaand gebruik puntlocaties Drents Friesche Wold is als kaart(of een onderdeel van een kaart) opgenomen in het beheerplan natura 2000. Het beheerplan Drents Friesche Wold is vastgesteld op 07-03-2017.,Provincie Drenthe,post@drenthe.nl,,,,Team Gis/Cartografie (Provincie Drenthe),"('6.105', '52.601', '7.109', '53.213')",Geen beperkingen,otherRestrictions,,
aaf53e6f-fe99-4a86-a61c-50b128412d80,service,ISO 19115,WFS,2024-08-15,dut,,Mossel- en oesterhabitats WFS,infoFeatureAccessService,Dit betreft een bestandsopname van het areaal mossel en oesterbanken op de droogvallende platen in de Waddenzee. Dit geschiedt jaarlijks. De opdrachtgever is de Directie Dierlijke Agroketens en Dierenwelzijn / Cluster Duurzame Visserijketens. De bestandsopname zelf wordt uitgevoerd door IMARES.,Beheer PDOK,beheerPDOK@kadaster.nl,,,,Beheer PDOK (Beheer PDOK); Beheer PDOK,"('2.7383', '50.6633', '7.6448', '53.6501')",Geen beperkingen (http://creativecommons.org/publicdomain/zero/1.0/deed.nl/),otherRestrictions,,https://service.pdok.nl/rvo/mosselenoesterhabitats/wfs/v1_0?request=GetCapabilities&service=WFS
ffffff93-e8a9-552d-8392-b33eaefcc15e,dataset,ISO 19115,WMS; WFS,2022-06-01,dut,28992,Meetlocaties hemelhelderheid kas aan,donker; hemelhelderheid; licht; lichtbronnen,"Meetlocaties hemelhelderheid Drenthe. De grootheid luminantie (helderheid) kent verschillende eenheden. De eenheid candela per vierkante meter is de eenheid die verlichtingsdeskundigen gebruiken om te meten hoeveel licht ergens op straalt. De gebruikte eenheid mcd/m2 is een duizendste cd/m2. De eenheid magnitude wordt gebruikt door sterrenkundigen. Hoe helderder de hemel, hoe hoger het getal in candela per vierkante meter, hoe meer licht er van de hemel komt. Deze meetlocaties zijn gemeten met kaslicht aan.",Provincie Drenthe,post@drenthe.nl,,,,Team Gis/Cartografie (Provincie Drenthe),"('6.105', '52.601', '7.109', '53.213')",Geen beperkingen,otherRestrictions,,https://kaartportaal.drenthe.nl/server/services/GDB_actueel/GBI_MILIEU_HEMELHELDERH_KAS_AAN_P/MapServer/WFSServer
ffffffde-7e46-5235-a834-b3fad59f52da,dataset,ISO 19115,,2009-01-09,dut,28992,"STRP, functiekaart, diverse voorzieningen (historie)",afval; delfstoffen; geluid; recreatie; streekplan,"Goederenoverslagstation, zandwinput, dagrecreatie, stortplaats en helikopteropstappunt. Streekplan Drenthe, Functiekaart.",Provincie Drenthe,post@drenthe.nl,,,,Team Gis/Cartografie (Provincie Drenthe),"('6.105', '52.601', '7.109', '53.213')",Geen beperkingen,copyright,,
FEB44D94AC333D26E0441CC1DE40A734,dataset,ISO 19115,,2014-07-21,dut,28992,Provinciale weg als bron van licht (Omgevingsvisie 2014) (historie),infrastructuur; omgevingsvisie; provinciewegen; verkeersveiligheid; verlichting,"Door Provinciale Staten  van Drenthe op 2 juli 2014 vastgestelde versie van Provinciale weg als bron van licht.Deze kaart geeft de ligging van provinciale wegen aan. Bij de aanleg van provinciale infrastructuur wordt terughoudend omgegaan met verlichting buiten de bebouwde kom. In principe wordt verlichting aangebracht op locaties die vanwege de verkeersveiligheid extra aandacht van de weggebruiker vragen, bijvoorbeeld kruispunten, aansluitingen, onoverzichtelijk wegverloop of ter verbetering van de sociale veiligheid.Komt voor in kaart 3: Milieu- en leefomgevingskwaliteit.",Provincie Drenthe,post@drenthe.nl,,,,Team Gis/Cartografie (Provincie Drenthe),"('6.105', '52.601', '7.109', '53.213')",Geen beperkingen,otherRestrictions,,
ffffffcc-a2fc-552c-8d89-99fab1435be3,dataset,ISO 19115,WMS; WFS,2023-03-15,dut,28992,Geluidsbelasting panden EU-geluidsbelastingkaart 2011,BAG; EU-geluidsbelastingkaart; geluidsbelasting,Geluidsbelasting panden voor het basisjaar 2011.Dataset is tot stand gekomen in het kader van EU-richtlijn Omgevingslawaai.Dataset wordt eens per vijf jaar gemaakt. Deze dataset is gebaseerd op alle provinciale wegen.,Provincie Drenthe,post@drenthe.nl,,,,Team Gis/Cartografie (Provincie Drenthe),"('6.105', '52.601', '7.109', '53.213')",Geen beperkingen,copyright,,https://kaartportaal.drenthe.nl/server/services/GDB_actueel/GBI_MILIEU_GELCTR_PANDEN600M_V/MapServer/WFSServer
aade0f43-63d5-403b-a505-a5ea9255a35f,dataset,ISO 19115,,2023-03-28,dut,28992,Verandering in historische lijnelementen (Monitor Landschap),monitor; landschap; monitor landschap; verandering; basisset novex; historische lijnelementen; cultuurhistorie; dijken; wegen; waterlopen; opgaand groen; monitor landschap,"De indicator Historische Lijnelementen is bedoeld om de aanwezigheid van historische lijnvormige elementen van in het Nederlandse cultuurlandschap door de jaren heen te kunnen analyseren. Wanneer u inzoomt, kunt u in uw eigen omgeving ook – het verdwijnen van – historische lijnelementen op lokale schaal waarnemen.

De indicator is onderdeel van de Monitor Landschap. Met de monitor worden de veranderingen van ons landschap aan de hand van zes indicatoren in beeld gebracht. Dit zijn: bebouwing, landgebruik, openheid, opgaand groen, historische lijnelementen en reliëf.

De Rijksdienst voor het Cultureel Erfgoed, Het Kadaster, LandschappenNL en Wageningen University & Research ontwikkelden de Monitor Landschap in opdracht van de ministeries van BZK (Binnenlandse Zaken), OCW (Onderwijs, Cultuur en Wetenschap) en LNV (Landbouw, Natuur en Voedselkwaliteit).",Rijksdienst voor het Cultureel Erfgoed,info@cultureelerfgoed.nl,https://monitorlandschap.maps.arcgis.com/home/item.html?id=025524f59908493d97f6335b5c1d00b3,,,InfoDesk (Rijksdienst voor het Cultureel Erfgoed),"('3.37087', '50.7539', '7.21097', '53.4658')","Naamsvermelding verplicht, organisatienaam (http://creativecommons.org/licenses/by/4.0/deed.nl)",otherRestrictions,,
9941a8b9-da45-4cb2-b49e-df42362293d7,dataset,ISO 19115,WMS; WFS,2025-01-13,dut,28992,Rijksmonumentale boerderijen (en voorbeelden boerderijentypologie),,"In de dataset 'Rijksmonumentale boerderijen' zitten meer dan 6600 boerderijen die beschermd zijn als rijksmonument. Het gaat om het hoofdgebouw van het (voormalige) agrarische bedrijf. Soms gaat het om boerderijen die onderdeel uitmaken van een landgoederencomplex.
De kaart is gebaseerd op het Monumentenregister dat in beheer is van de Rijksdienst voor het Cultureel Erfgoed. Voor de selectie is gebruik gemaakt van verschillende gegevens uit het register, zoals de oorspronkelijke functie, de omschrijving of informatie over het monumentencomplex.

62 van deze boerderijen zijn geselecteerd als kenmerkend voorbeeld voor een boerderijtype voor een bepaalde streek of regio. Deze boerderijen staan in de aparte dataset/service 'Boerderijtypen'. Naast hierboven vermelde informatie vanuit het Monumentenregister zijn links naar foto's uit de RCE Beeldbank en naar artikelen in de RCE Kennisbank opgenomen. Algemene informatie over de Boerderijentypologie in de Kennisbank is te vinden via: https://kennis.cultureelerfgoed.nl/index.php/Boerderijentypologie.",Rijksdienst voor het Cultureel Erfgoed,info@cultureelerfgoed.nl,,Infodesk,,Infodesk (Rijksdienst voor het Cultureel Erfgoed),"('1.7355', '50.4252', '8.66', '53.8902')","Naamsvermelding verplicht, Rijksdienst voor het Cultureel Erfgoed (http://creativecommons.org/licenses/by/4.0/deed.nl)",otherRestrictions,,https://services.rce.geovoorziening.nl/landschapsatlas/wfs?request=GetCapabilities
ffffffa1-3cf9-5703-bdd4-c5f90b713751,dataset,ISO 19115,,2024-12-11,dut,28992,"Helihaven Emmen, geluidscontour Lden (historie)",geluid; luchtvaart; vliegveld,"LDEN (Level day-evening-night, een maat om de geluidsbelasting door omgevingslawaai uit te drukken) contour van de helihaven Emmen 48, 56 en 70 Lden.",Provincie Drenthe,post@drenthe.nl,,,,Team Gis/Cartografie (Provincie Drenthe),"('6.0531', '52.5451', '7.2431', '53.2683')",Geen beperkingen,copyright,,
FEB44D94AC013D26E0441CC1DE40A734,dataset,ISO 19115,,2014-07-21,dut,28992,Grondwaterbeschermingsgebied Drentsche Aa (Omgevingsvisie 2014) (historie),Drentsche Aa; drinkwater; grondwaterbescherming; grondwaterbeschermingsgebied,Door Provinciale Staten van Drenthe op 2 juli 2014 vastgestelde versie van Grondwaterbeschermingsgebied Drentsche Aa.,Provincie Drenthe,post@drenthe.nl,,,,Team Gis/Cartografie (Provincie Drenthe),"('6.105', '52.601', '7.109', '53.213')",Geen beperkingen,otherRestrictions,,
c6a53d1d-b31b-416d-b3b5-b79dab9ed101,dataset,ISO 19115,WMS; WFS,2022-02-25,dut,28992,Steiger,Steiger; Aanlegplaats; Vaarweg; Vaarweglegger,"Een constructie boven het water, meestal langs een oever, die dient voor het afmeren van schepen of woonschepen.
Herkomst definitie: Aquo",Waterschap Hunze en Aa's,gis_info@hunzeenaas.nl,,,,Waterschap Hunze en Aa's; Waterschap Hunze en Aa's,"('6.274500417904351', '52.6482562858353', '7.570597529185045', '53.47291066142737')",Geen beperkingen,otherRestrictions,,https://opendata.hunzeenaas.nl/geoserver/wfs
d6f00b3a-62f7-4e60-9ceb-2a0238362060,dataset,ISO 19115,WFS; WMS,2024-01-04,dut,,Nationale Landschappen (INSPIRE),beschermd landschap; landschapsbescherming; natuur- en landschapsbeleid; Downloadable Data,"Het betreft hier Nationale landschappen in de provincie Overijssel. Deze gegevens worden gebruikt bij levering aan Europese richtlijn INSPIRE. De Nationale Landschappen IJsseldelta en Noordoost-Twente zijn gebieden met (inter)nationaal zeldzame of unieke landschapskwaliteiten en in samenhang daarmee hebben zij bijzondere natuurlijke en recreatieve kwaliteiten. In de Nationale Landschappen gaat het om het behouden, duurzaam beheren en waar mogelijk versterken van de bijzondere kwaliteiten van deze gebieden. Ook worden de recreatieve toegankelijkheden vergroot. Voor grootschalige ruimtelijke ontwikkelingen die in strijd zijn met de doelstellingen van de Nationale Landschappen is geen plek.",Provincie Overijssel,kennishub@overijssel.nl,,,,,"('5.802', '52.221', '7.084', '52.66')",https://creativecommons.org/publicdomain/zero/1.0/deed.nl,otherRestrictions,,https://services.geodataoverijssel.nl/geoserver/INSPIRE_PS/wfs
7cc8a13d-d5e7-4f55-81d5-23b959d2b2ac,dataset,ISO 19115,,2017-02-20,dut,28992,"Opgave ecologische verbindingszones, Waterbeheerplan",Waterbeheersplan; WBP; Ecologische verbindingszone; EVZ; Ecologische hoofdstructuur; EHS; Flora; Fauna; Waterbeheerplan,"Het ontbreken van grote aaneengesloten natuurgebieden (Ecologische Hoofdstructuur - EHS) in Nederland maakt de deze leefomgeving minder geschikt voor flora en fauna. Met ecologische verbindingszones (EVZ), als onderdeel van de EHS, wordt gewerkt aan het onderling verbeteren van de natuurgebieden. Om zo een minder kwetsbare EHS te realiseren. In deze planperiode leggen we nog eens c.a. 65 km EVZ aan",Waterschap Aa en Maas,geoloket@aaenmaas.nl,,,,Waterschap Aa en Maas; Waterschap Aa en Maas,"('5.06', '51.31', '6.05', '51.86')",http://creativecommons.org/publicdomain/mark/1.0/deed.nl,otherRestrictions,,
3bf5dc2e-a6eb-4b08-a2d7-ae35f649d810,dataset,ISO 19115,,2019-11-26,dut,28992,Genexpressie in muizenlever door blootstelling aan benzo[a]pyreen,Toxicogenomics; Mus musculus; hepatocytes; benzo[a]pyrene,Genexpressie in lever van twee muismodellen na blootstelling aan benzo(a)pyreen; normale WT en DNA repair deficiente Xpa-/-p53+/- muizen.,RIVM/V&Z/GZB,jeroen.pennings@rivm.nl,,,,RIVM/V&Z/GZB; RIVM/V&Z/GZB,"('2.1943769153799892', '50.719508224348104', '8.04038938277185', '54.987059919430585')",Geen beperkingen,otherRestrictions,,
c8c4ed7d-9c80-4a51-b366-81deed958722,service,ISO 19115,WFS,2025-05-16,dut,4258,Maritieme grenzen - Noordzee - Downloadservice,infoFeatureAccessService,Maritieme grens tussen België en Nederland; Maritieme grens tussen Duitsland en Nederland op het Continentaal Plat voor het gedeelte nabij de kustlijn; Maritieme grens tussen Duitsland en Nederland op het Continentaal Plat voor het gedeelte verder weg van de kustlijn; Maritieme grens tussen Nederland en het Verenigd Koninkrijk.,"Ministerie van Defensie, Koninklijke Marine, Dienst der Hydrografie",niet beschikbaar,,,,"Ministerie van Defensie, Koninklijke Marine, Dienst der Hydrografie; Ministerie van Defensie, Koninklijke Marine, Dienst der Hydrografie","('2.659', '50.5871', '7.8306', '53.7364')",Geen beperkingen (http://creativecommons.org/publicdomain/mark/1.0/deed.nl),otherRestrictions,,https://inspire1.bathy.online/geoserver/boundary/wfs?service=WFS&version=2.0.0&request=GetCapabilities
0e1d5ff1-8481-4c95-8a85-54f90ac0755a,dataset,ISO 19115,WMS,2025-02-11,dut,28992,Geluid van treinverkeer (Lden),basisset NOVEX; model; Stamina; belasting; geluid,"Deze kaart toont de berekende geluidsbelasting voor heel Nederland afkomstig van treinverkeer, op een resolutie van 10 meter. Om de geluidsbelasting te berekenen zijn gegevens van de volgende geluidsbronnen gebruikt:

- spoorwegen (Prorail)",Atlas Leefomgeving,atlasleefomgeving@rivm.nl,,,,,"('3.37087', '50.7539', '7.21097', '53.4658')",Geen beperkingen (http://creativecommons.org/publicdomain/mark/1.0/deed.nl),otherRestrictions,,
ee9f6b1d-657b-5e4e-bdf8-6483ccc55006,dataset,ISO 19115,,2015-11-12,dut,28992,Provinciale Omgevingsverordening 2015 - Verwachting toetsen (Havelterberg en Drentsche Aa gebied) (historie),POV,Deze kaartlaag maakt onderdeel uit van de op 23 september 2015 vastgestelde versie van de Provinciale Omgevingsverordening Drenthe. (Bijbehorende kaart D4).,Provincie Drenthe,post@drenthe.nl,,,,Team Gis/Cartografie (Provincie Drenthe),"('6.105', '52.601', '7.109', '53.213')",Geen beperkingen,otherRestrictions,,
82fbc4ad-f9b9-4c25-879e-842f92f79a9e,dataset,ISO 19115,WMS; WFS,2021-05-26,,,landschappelijke en cultuurhistorische kernkwaliteiten,cultuurhistorie; landschapsbescherming; Beschermde gebieden,"Tot de landschappelijke en cultuurhistorische kernkwaliteiten worden die elementen en patronen gerekend die bepalend zijn voor het karakter van Flevoland, waarmee de essentie van het polderconcept wordt gewaarborgd. Dit zijn de dijken, vaarten, het wegconcept(interne ontsluiting) met flankerende beplanting de bossen aan de oostrand van Flevoland, oude elementen en de landschapskunstwerken.",Provincie Flevoland,geo@flevoland.nl,,,,"Afdeling SenB, Team GEO (Provincie Flevoland)","('4.98682', '52.2048', '6.09092', '52.88872')",http://creativecommons.org/publicdomain/zero/1.0/deed.nl,otherRestrictions,,https://geo2.flevoland.nl/geoserver/Extern/wfs?
95e20560-f348-5608-87cf-ca589b0a404d,dataset,ISO 19115,WMS; WFS,2022-06-02,dut,28992,"Luchtvaartbeleid, zonering (2 kilometer) rondom Natura 2000-gebieden",luchthaven; luchtruim; luchtvaart; natuur; natuurbeheer,"Luchtvaartbeleid, zonering (2 kilometer) rondom Natura 2000-gebieden. Natura 2000-gebieden worden uitgesloten voor alle nieuwe luchtvaartactiviteiten. Tevens geldt een verbod voor gemotoriseerde luchtvaartactiviteiten binnen een zone van 2000 m rondom alle Natura 2000-gebieden.(Zonering van toepassing op gemotoriseerd vliegverkeer).",Provincie Drenthe,post@drenthe.nl,,,,Team Gis/Cartografie (Provincie Drenthe),"('6.105', '52.601', '7.109', '53.213')",Geen beperkingen,otherRestrictions,,https://kaartportaal.drenthe.nl/server/services/GDB_actueel/GBI_VV_LUCHTVAARTBEL_NATURABUFF_V/MapServer/WFSServer
ffffffbd-6061-5e3f-a96e-8646297c78c6,dataset,ISO 19115,,2023-09-22,dut,28992,Hoofdprogrammagebieden Prolander 2019 (historie),locaties,"Programma gebieden 2019 inclusief subgebieden. Op basis van deze indeling legt Prolander verantwoording af aan de beide provincies. Ook de beide provincies hanteren deze begrenzing.Trefwoorden: Businessmodelgebieden, Programmagebieden, BMG",Provincie Drenthe,post@drenthe.nl,,,,Team Gis/Cartografie (Provincie Drenthe),"('5.9785', '52.5763', '7.595', '53.7894')",Geen beperkingen,otherRestrictions,,
5eb05c74-7b01-4254-9cb8-4800818bfa08,dataset,ISO 19115,WMS; WFS,2010-04-28,dut,,Snelvaren,Vaarrecreatie; Waterrecreatie,Locaties waar snelvaren is toegestaan,provincie Fryslân,provincie@fryslan.frl,,,,,"('5.167', '52.765', '5.811', '53.093')",http://creativecommons.org/publicdomain/mark/1.0/deed.nl,otherRestrictions,,https://geoportaal.fryslan.nl/arcgis/services/ProvinciaalGeoRegister/PGR2/MapServer/WFSServer?
249aa792-8b10-4af7-b05d-eb7cdaa941a4,dataset,ISO 19115,WMS; WFS,2022-05-25,dut,28992,"Meetlocaties PFOS - diep, onbeïnvloed",PFOA; PFOS; bodem,"In deze kaart zijn de meetlocaties te zien die door het RIVM bemonsterd zijn ten behoeve van het onderzoek naar de afleiding van de achtergrondwaarde PFAS in landbodem. De kaart laat meetwaarden zien van PFOS in de diepere bodemlaag (50-100 cm) in onbeïnvloede gebieden. Omdat de afleiding van de definitieve achtergrondwaarden is gebaseerd op de toplaag van de onbeïnvloede landbodem, zijn deze meetwaarden niet meegenomen in de afleiding van de definitieve achtergrondwaarde.",Atlas Leefomgeving,atlasleefomgeving@rivm.nl,,,,,"('3.37087', '50.7539', '7.21097', '53.4658')",geen beperkingen,otherRestrictions,,https://data.rivm.nl/geo/alo/wfs?
905ac0f9-4e54-4de6-8a1b-96854054e531,dataset,ISO 19115,,2019-11-26,dut,28992,Genexpresseprofielen van niet-genotoxische carcinogenen in muizenhepatocyten,Toxicogenomics; Mus musculus,"Verschillende soorten niet-genotoxisch carcinogenen, getest in primaire hepatocyten",RIVM/V&Z/GZB,jeroen.pennings@rivm.nl,,,,RIVM/V&Z/GZB; RIVM/V&Z/GZB,"('2.1943769153799892', '50.719508224348104', '8.04038938277185', '54.987059919430585')",Geen beperkingen,otherRestrictions,,
8a72d78a-fcf8-4882-b0ab-cd594961a267,dataset,ISO 19115,,2023-04-24,dut,28992,Covid-19 enquêteresultaten Trendonderzoek omgaan met gedragsregels,Covid-19; infectieziekten; gezondheid; gedrag; gedragsregels; naleving; draagvlak; welzijn,"Dit bestand bevat resultaten van het Trendonderzoek omgaan met gedragsregels. Regelmatig wordt aan een representatieve groep mensen gevraagd of zij de gedragsregels die ingesteld zijn naar aanleiding van de Coronapandemie naleven en wat zij vinden van de gedragsregels. Tot en met ronde 27 was dit elke drie weken, daarna elke vier weken, en vanaf ronde 33 elke zes weken. Tussen ronde 30 en 31 zit een interval van bijna vier maanden.
Voor meer informatie over de onderzoeksopzet:
https://www.rivm.nl/gedragsonderzoek/trendonderzoek/achtergrondinformatie

Vanaf ronde 36 gelden er geen coronaspecifieke gedragsadviezen meer. Er gelden nog wel algemene gedragsadviezen om luchtweginfecties te voorkomen.

Het bestand bevat landelijk (alle rondes) en per Veiligheidsregio (tot en met ronde 30) gegevens over:
-	Naleving van de gedragsregels
-	Draagvlak voor de gedragsregels
-	Zelfeffectiviteit (hoe moeilijk of makkelijk vindt u het om de gedragsregels op te volgen?)
-	Respons effectiviteit (helpt het als iedereen de gedragsregels volgt?)
-	Sociale norm (ziet u de meeste mensen in uw naaste omgeving de gedragsregels volgen?)
-	Affectieve respons (maakt u zich zorgen om het coronavirus?)
-	Vaccinatiebereidheid
-	Coronagerelateerde klachten
-	Psychische gezondheid (vanaf ronde 31)
-	Eenzaamheid (vanaf ronde 31)

Gedragsregels
Naleving, draagvlak, zelfeffectiviteit, respons effectiviteit en sociale norm worden voor de volgende gedragsregels uitgevraagd:
-	Avondklok: blijf thuis na 21.00 uur ‘s avonds
-	Bij_klachten_blijf_thuis: blijf thuis als u coronagerelateerde klachten hebt (tot en met ronde 11)
-	Bij_klachten_blijf_terecht_thuis: blijf thuis als u coronagerelateerde klachten hebt, tenzij u een negatieve test hebt gedaan (vanaf ronde 11)
-	Bij_klachten_laat_testen: doe een coronatest als u klachten hebt (bij de GGD of een zelftest)
-	Bij_klachten_postest_isolatie: blijf thuis als u een positieve testuitslag hebt
-	Draag_mondkapje_in_OV: draag een mondkapje in het openbaar vervoer
-	Draag_mondkapje_in_publieke_binnenruimtes: draag een mondkapje in publieke binnenruimtes
-	Draag_mondkapje_op_drukke_plekken: draag een mondkapje op drukke plekken buiten
-	Hoest_niest_in_elleboog: als u moet hoesten of niezen, doe dat dan in de elleboog
-	Houd_1_5m_afstand: houd 1,5 meter afstand van anderen (naleving gemeten in verschillende situaties)
-	Ontvang_max_bezoekers_thuis: ontvang een maximum aantal bezoekers thuis (het geadviseerde maximum varieerde over de tijd, gemeten is het op dat moment geldende advies)
-	Ventileren_woning: zorg voor voldoende frisse lucht in uw woning (meestal of altijd ventileren en 2 keer of vaker per dag de ruimte waar je het meeste was een kwartier of langer doorluchten)
-	Vermijd_drukke_plekken: vermijd drukke plekken of keer om als u toch op een drukke plek komt
-	Was_vaak_je_handen: was regelmatig uw handen (meer dan 10 keer per dag)
-	Werkt_thuis: werk (gedeeltelijk) thuis als dat kan (advies varieerde over tijd)
-	Zelftest_bezoek: doe een zelftest voordat u bij iemand op bezoek gaat


Gegevens
Het bestand bevat de volgende gegevens:
-	Percentage of gemiddelde
-	95% betrouwbaarheidsinterval ondergrens
-	95% betrouwbaarheidsinterval bovengrens
-	Verandering ten opzichte van de vorige meting
-	Aantal respondenten in de steekproef
Naar Veiligheidsregio, per meetperiode per indicator-categorie per indicator


Records
Het bestand bevat per vragenlijstronde de volgende set van records:
-	Een record voor elke Veiligheidsregio in Nederland per indicator-categorie per indicator (tot en met ronde 30, vanaf ronde 31 alleen Nederland)
-	Een record voor totaalpercentages in Nederland per indicator-categorie per indicator per leeftijdscategorie, per opleidingsniveau en per geslachtsaanduiding (vanaf ronde 32 doen deelnemers mee wiens geslacht anders is dan man of vrouw. Omdat dit een kleine groep deelnemers is, wordt deze groep niet weergegeven in een eigen record, maar zij tellen wel mee in het totaal)


Indicatorcategorieën
Naleving:	Worden de uitgevraagde gedragsregels nageleefd (actueel gedrag)?
Draagvlak:	In welke mate staat u achter de gedragsregel? 
Helpen_regels: 	Stel dat iedereen de gedragsregels van de overheid op zou volgen, hoe goed zou dat helpen om de verspreiding van het coronavirus tegen te gaan?
Moeite:	Hoe moeilijk of makkelijk vindt u het om de gedragsregel na te leven?
Naaste_omgeving: 	Volgen de meeste mensen in de naaste omgeving van de geënqueteerde de gedragsregels?
Zorgen:	Maakt u zich zorgen om het coronavirus?
Vaccinatiebereidheid:	Wilt u zich laten vaccineren tegen covid?
Klachten:	Percentage van de mensen met coronagerelateerde klachten
Psychisch:	Psychische gezondheid in vier categorieën op basis van de MHI-5.
Eenzaamheid:	Eenzaamheid in drie categorieën op basis van de verkorte Eenzaamheidsschaal van De Jong Gierveld.


Variabelen
Beschrijving van de variabelen:
Date_of_report: 	Datum en tijd waarop het databestand is aangemaakt door het RIVM.

Date_of_measurement:	Datum waarop de meting is gestart. De meetduur is een week. De meting heeft dus plaatsgevonden op genoemde datum en zes dagen erna.

Wave	Volgnummer van de meting

Region_code:	Nederland en Veiligheidsregiocode. Nederland heeft code NL00. Zie ook: https://www.cbs.nl/nl-nl/cijfers/detail/84721NED?q=Veiligheid

Region_name:	Nederland en naam van de Veiligheidsregio. Dit is de naam van de Veiligheidregio’s zoals tot dusver gebruikt in diverse rapportages en verslagen van het RIVM, en kan iets afwijken van de naamgeving zoals aangegeven in de codelijst van CBS (zie link hierboven bij variabele Security_region_code). Zie ook: https://www.rijksoverheid.nl/onderwerpen/veiligheidsregios-en-crisisbeheersing/veiligheidsregios

Subgroup_category:	Dimensies waarin de cijfers zijn uitgesplitst: 
- Alle (Totaal; geen uitsplitsing)
- Geslacht (Man / Vrouw)
- Leeftijd (16 – 24 jaar / 25 – 39 jaar / 40 – 54 jaar / 55 – 69 jaar / 70+)
- Opleidingsniveau (Laag / Midden / Hoog )

Subgroup:	Benaming van de dimensie (zie Subgroup_category)

Indicator_category:	Categorisering van de indicatoren:
-	Naleving
-	Draagvlak
-	Helpen_regels
-	Moeite
-	Naaste_omgeving
-	Zorgen
-	Vaccinatiebereidheid
-	Klachten
-	Psychisch
-	Eenzaamheid

Indicator:	Naleving, Draagvlak, Helpen_regels, Moeite en Naaste_omgeving voor de volgende gedragsregels:
-	Avondklok
-	Bij_klachten_blijf_thuis
-	Bij_klachten_blijf_terecht_thuis
-	Bij_klachten_laat_testen
-	Bij_klachten_postest_isolatie
-	Draag_mondkapje_in_OV
-	Draag_mondkapje_in_publieke_binnenruimtes
-	Draag_mondkapje_op_drukke_plekken
-	Hoest_niest_in_elleboog
-	Houd_1_5m_afstand
-	Ontvang_max_bezoekers_thuis
-	Thuisgewerkte_uren: Gemiddelde percentage uren die een deelnemer thuiswerkt van de uren die een deelnemer werkt
-	Ventileren_woning
-	Vermijd_drukke_plekken
-	Was_vaak_je_handen
-	Werkt_thuis
-	Zelftest_bezoek
Zorgen:
-	Zorgen_over_Coronavirus
Vaccinatiebereidheid (tot en met ronde 19):
-	Al_gevaccineerd
-	Ja
-	Nee
-	Weet_niet
Gevaccineerd_of_bereid
-	Ja (ten minste één vaccinatie gehad of bereid tot vaccinatie)
-	Nee
-	Weet_niet (vanaf ronde 31 vervalt deze antwoordoptie)
Klachten op het moment van het invullen van de vragenlijst:
-	Minstens_een_corona_gerelateerd

Sample_size:	Aantal respondenten dat antwoord heeft gegeven op een vraag

Figure_type:	Cijfersoort (Percentage / Gemiddelde)
Value	Berekende waarde van de Indicator
Lower_limit	95% betrouwbaarheidsinterval ondergrens
Upper_limit	95% betrouwbaarheidsinterval bovengrens
Change_wrt_previous_measurement	Significant (p < .05) verschil ten opzichte van de vorige meetperiode (-1 = afname / 0 = gelijk gebleven / 1 = toegenomen)",RIVM/V&Z/G&M,coronagedragsunit@rivm.nl,,,,RIVM/V&Z/G&M; RIVM/V&Z/G&M,"('3.37', '50.75', '7.21', '53.47')",Geen beperkingen,otherRestrictions,,
f874407b-25f9-4c1b-abe6-363467683bb1,service,ISO 19115,WMS,2025-07-18,dut,,CBS Gebiedsindelingen 2017 WMS,statistische eenheden; gebiedsindeling; gemeente; landsdeel; provincie; buurt; corop-gebied; ggd-regio; nuts3; nuts1; nuts2; wijk; grootstedelijke aglomeratie; stadsgewest; corop-plusgebied; corop-subgebied; landbouwgebied; landbouwgroep; rpa-gebied; toeristengroep; toeristengebied; arrondissementsgebied; brandweerregio; kamer van koophandelregio; politieregio; regionale eenheid; veiligheidsregio; zorgkantoorregio; arbeidsmarktregio; jeugdregio,"Het bestand CBS gebiedsindelingen geeft de gebiedsindelingen die het CBS hanteert. De indelingen zijn gegeven van 2016 t/m het meest recente jaar in gegeneraliseerde vorm. Het meest recente jaar bevat in de eerste helft van dat jaar voorlopige grenzen en nog geen wijken en buurten voor dat jaar. De volgende gebiedsindelingen kunnen voorkomen: Gemeente, Landsdeel, Provincie, Buurt, COROP-gebied, GGD-regio, NUTS3, NUTS1, NUTS2, Wijk, Grootstedelijke aglomeratie, Stadsgewest, COROP-plusgebied, COROP-subgebied, Landbouwgebied, Landbouwgroep, RPA-gebied, Toeristengroep, Toeristengebied, Arrondissementsgebied, Brandweerregio, Kamer van Koophandelregio, Politieregio, Regionale Eenheid, Veiligheidsregio, Zorgkantoorregio, Arbeidsmarktregio en Jeugdregio. In de metadata zijn alleen de lagen van het laatste jaar opgenomen.",,beheerpdok@kadaster.nl,,,,,"('2.55496711', '50.63305917', '7.80148461', '53.67894732')",Geen beperkingen (https://creativecommons.org/publicdomain/mark/1.0/deed.nl),otherRestrictions,,
8498D10B8A121D43E053D2041EACBDD8,dataset,ISO 19115,WMS; WFS,2022-06-01,dut,28992,Omgevingsvisie 2018 - Wegpanorama,locaties,"Door Provinciale Staten van Drenthe op 3 oktober 2018 vastgestelde versie van Wegpanorama. De provincie Drenthe hecht waarde aan een zorgvuldige presentatie van Drenthe aan de hoofdinfrastructuur en wil de karakteristieken van de landschapstypen en het contrast tussen stad en land, gezien vanaf de infrastructuur, zichtbaar houden. De provincie hanteert enkel het begrip wegpanorama dat voorkomt langs de doorgaande Rijks- en provinciale wegen, zoals bijvoorbeeld de A28, N33 en N391. Kaart Kernkwaliteit Landschap.",Provincie Drenthe,post@drenthe.nl,,,,Team Gis/Cartografie (Provincie Drenthe),"('6.105', '52.601', '7.109', '53.213')",Geen beperkingen,otherRestrictions,,https://kaartportaal.drenthe.nl/server/services/GDB_actueel/GBI_AOV18_K2B_WEGPANORAMA_L/MapServer/WFSServer
82b2172a-fe9a-44a2-a3c2-b6507128160e,dataset,ISO 19115,WMS; WFS,2019-01-29,dut,28992,Basistoervaartnet (Omgevingsvisie 2016-2020),STRUCTUURPLANNEN; VAARRECREATIE; PLEZIERVAART; WATERWEGEN; INFRASTRUCTUUR,"Dit bestand bevat het basistoervaartnet zoals vastgesteld in de Omgevingsvisie provincie Groningen 2016-2020. 
Wij willen het landelijke toervaartnet in stand houden en werken aan het verder verbeteren hiervan. Dit doen wij door het meefinancieren van projecten van gemeenten en waterschappen. We sluiten aan bij de richtlijnen voor verschillende categorieën vaarwegen in de landelijke Basisvisie Recreatietoervaart Nederland (BRTN). Voor de bijbehorende doorvaartmaten gaan wij uit van het principe 'Houden wat je hebt'.",Provincie Groningen,geoportaal@provinciegroningen.nl,,,,Afdeling INFO (Provincie Groningen),"('6.159', '52.838', '7.229', '53.479')",geen beperkingen,otherRestrictions,,https://geoservices.provinciegroningen.nl/server/services/Beleidsplannen/Omgevingsvisie/MapServer/WFSServer
a1eeeb14-c54b-4a15-a3ab-009a9c5ddf50,dataset,ISO 19115,,2024-10-18,dut,28992,Historische reeks stikstofdepositie en verzurende depositie,Stikstof; Stikstofdepositie; Stikstofoxiden; Ammoniak; monitor-wsn; zuur; zwaveldioxide,De historische reeks bevat de dataset stikstofdeposities (mol/hectare/jaar) en de dataset verzurende depositie (mol zuur-equivalenten per hectare) per vierkante kilometer van 2005 t/m 2023. De depositie voor historische jaren is berekend met specifieke meteorologische en chemische omstandigheden per jaar en gekalibreerd aan metingen uit hetzelfde jaar.,,zie contactformulier,https://www.rivm.nl/publicaties/monitor-stikstofdepositie-in-natura-2000-gebieden-2024,,,,"('3.1647', '50.66086', '7.37703', '53.66608')","Naamsvermelding verplicht, organisatienaam (http://creativecommons.org/licenses/by/4.0/deed.nl)",otherRestrictions,,
fd459d56-ff12-446e-b356-b61d98d6f5db,dataset,ISO 19115,,2025-04-08,dut,28992,Zonkrachtmetingen RIVM,Huidkanker; Zonkracht; Metingen; Zonbescherming,Zonkrachtmetingen,,info@rivm.nl,https://data.rivm.nl/data/zonkracht/,,,,"('3.37087', '50.7539', '7.21097', '53.4658')","Naamsvermelding verplicht, organisatienaam (http://creativecommons.org/licenses/by/4.0/deed.nl)",otherRestrictions,,
ffffff94-8324-5c72-b5d9-9e858966842d,dataset,ISO 19115,WMS; WFS,2023-11-29,dut,28992,Wegen voor EU-geluidsbelastingkaart 2021 (basis: wegen met intensiteit groter dan 3 mln. voertuigen p.jr.),EU-geluidsbelastingkaart; geluid; locaties,Geluidscontouren etmaalperiode voor het basisjaar 2021. Dataset is tot stand gekomen in het kader van EU-richtlijn Omgevingslawaai. Dataset wordt eens per vijf jaar gemaakt. Deze dataset is gebaseerd op alle provinciale wegen met een intensiteit van meer dan 3 miljoen voertuigen per jaar.Voor de verkeersintensiteiten is er echter op verzoek van Kenniscentrum Infomil voor gekozen om gebruik te maken van de verkeersintensiteiten van het jaar 2019. De intensiteiten voor de jaren 2020 en 2021 laten namelijk een duidelijk lagere omvang van het verkeer zien als gevolg van de Corona-maatregelen.,Provincie Drenthe,post@drenthe.nl,,,,Team Gis/Cartografie (Provincie Drenthe),"('6.105', '52.601', '7.109', '53.213')",Geen beperkingen,otherRestrictions,,https://kaartportaal.drenthe.nl/server/services/GDB_actueel/GBI_MILIEU_GELUID_WEG_2021_3MLN_L/MapServer/WFSServer
e7d0e91b-d683-41e8-9d11-3e0a0e25c307,dataset,ISO 19115,WMS,2022-12-16,dut,28992,Stikstofdioxide 2020 (NO2),basisset NOVEX; NO2; model; luchtkwaliteit; gezondheid,Deze kaart toont de gemodelleerde concentratie stikstofdioxide (µg NO2/m³) voor 2020 op basis van rekenpunten uit de monitoringstool van het nsl. Deze vlakdekkende kaart van Nederland heeft een resolutie van 25 meter.,Atlas Leefomgeving,atlasleefomgeving@rivm.nl,,,,,"('2.9384090107371654', '50.69124495110863', '7.3896774891517225', '53.642935777862114')",Geen beperkingen,otherRestrictions,,
93dc9cfa-3116-4195-814b-369515b4c53c,dataset,ISO 19115,,2024-10-21,dut,,"Gemiddeld laagste grondwaterstand bij scenario ""huidig"" in Mastenbroek",bodem,"Dit bestand toont de gemiddeld laagste grondwaterstand bij scenario ""huidig"" in Mastenbroek. De gegevens zijn afkomstig uit de studie Verkenning Bodemdaling NoordWest-Overijssel. Deze studie heeft firma Infram voor de provincie Overijssel en het waterschap Drents Overijsselse Delta verricht in de periode 2017–2019.",Provincie Overijssel,kennishub@overijssel.nl,,,,,"('5.903', '52.509', '6.112', '52.636')",,intellectualPropertyRights,,
2e3c105e-3764-11ee-8d9b-52de3d22f2a8,dataset,ISO 19115,,2025-07-01,eng,,WINS50 - wind at 10-600 meter height for the Netherlands from HARMONIE-AROME with wind farm parameterization and a 2050 wind farm scenario as daily files,Wind; Winds of the North Sea in 2050; WINS50; Wind energy; HARMONIE; Reanalysis; Scenario; Open data,"Winds of the North Sea in 2050 (WINS50): wind speed, wind direction, temperature, pressure and relative humidity at 10-600 meter height from a reanalysis for 2020 with the NWP model HARMONIE-AROME nested in the ECMWF reanalysis ERA5. The HARMONIE-AROME simulation includes a wind farm parameterization (Fitch et al., 2012) using a 2050 scenario for turbine locations and properties over sea and over land. Data are stored as daily files for a subdomain covering the Netherlands.",Koninklijk Nederlands Meteorologisch Instituut (KNMI),opendata@knmi.nl,,,,Koninklijk Nederlands Meteorologisch Instituut (KNMI); Koninklijk Nederlands Meteorologisch Instituut (KNMI); Koninklijk Nederlands Meteorologisch Instituut (KNMI),"('1.311', '50.078', '10.012', '55.656')",https://creativecommons.org/licenses/by/4.0/deed.nl,otherRestrictions,,
898c4a32-17e1-5e48-a30e-6efa052330ad,dataset,ISO 19115,,2011-01-01,dut,28992,"Veiligheidszonering munitiecomplex Defensie (OGV, 2010) (historie)",omgevingsvisie,"Deze kaart geeft de veiligheidszonering  van het munitiecomplex Defensie weer, zoals opgenomen in kaart 12 van de in de door Provinciale Staten van Drenthe op 2 juni 2010 vastgestelde Omgevingsvisie.",Provincie Drenthe,post@drenthe.nl,,,,Team Gis/Cartografie (Provincie Drenthe),"('6.105', '52.601', '7.109', '53.213')",Geen beperkingen,otherRestrictions,,
e1b5861b-f94c-4b1f-8012-4e51c69df98f,service,ISO 19115,WMS,2025-06-27,dut,,Drone No-fly Zones WMS,drones; vliegzones,"Webservice met de no-fly zones voor drones. Ook de recreatieve drone-vlieger moet zich aan deze no-fly zones houden. Tot op straatniveau is op de kaart zichtbaar waar je wel en niet met een drone mag vliegen. 


Relevante informatie over regelgeving is te vinden op www.rijksoverheid.nl/drones.",,beheerpdok@kadaster.nl,,,,,"('1.0031', '50.3286', '9.1316', '53.9683')",Geen beperkingen (http://creativecommons.org/publicdomain/mark/1.0/deed.nl),otherRestrictions,,
64ad042e-f296-4fad-919c-8e4128dd733d,dataset,ISO 19115,,2023-08-11,dut,,Gemiddeld laagste grondwaterstand tussen 2000 en 2014,,Dit bestand toont de gemiddeld laagste grondwaterstand tussen 2004 en 2014. De gegevens zijn afkomstig uit de studie Verkenning Bodemdaling NoordWest-Overijssel. Deze studie heeft firma Infram voor de provincie Overijssel en het waterschap Drents Overijsselse Delta verricht in de periode 2017–2019.,Provincie Overijssel,kennishub@overijssel.nl,,,,,"('5.652', '52.368', '6.354', '52.929')",,intellectualPropertyRights,,
ddf94c41-7510-526d-ae28-b3c8fe3b5976,dataset,ISO 19115,,2011-01-01,dut,28992,"Versterken bereikbaarheid water (recreatief en beroeps) (OGV, 2010) (historie)",omgevingsvisie,"Deze kaart geeft het versterken van de bereikbaarheid van water (recreatief en beroepsmatig) weer, zoals opgenomen in de kaarten 1 (Visiekaart) en 7 (Recreatie en toerisme) en 9 (Oppervlaktewater) van de in de door Provinciale Staten van Drenthe op 2 juni 2010 vastgestelde Omgevingsvisie.",Provincie Drenthe,post@drenthe.nl,,,,Team Gis/Cartografie (Provincie Drenthe),"('6.105', '52.601', '7.109', '53.213')",Geen beperkingen,otherRestrictions,,
48e7cee6-8823-4b7c-94aa-87aeed8d537e,dataset,ISO 19115,WMS; WFS,2025-01-13,dut,,Geluidbelasting alle wegverkeer 4e tranche Lden (lijn),GELUID; GELUIDHINDER; GELUIDSZONES; PROVINCIALE WEGEN; VERKEERSINTENSITEITEN; Downloadable Data,"Deze dataset toont de geluidbelasting van provinciale wegen in de provincie Groningen en  bevat de contouren Lden (55, 60, 65, 70 en 75 dB) van alle provinciale wegen in 2023. De kaart komt voort uit wettelijke verplichtingen (van de Wet milieubeheer). De dataset moet om de 5 jaar geactualiseerd worden. De data presenteren de contouren op een waarneemhoogte van 4 meter. De kaart heeft wettelijk betrekking op 2021 maar vanwege de afwijkende situatie door corona is ervoor gekozen de data te actualiseren met de gegevens van 2023 en de berekening volgens de Omgevingswet. Dit maakt vergelijking met berekeningen in de toekomst mogelijk",Provincie Groningen,geoportaal@provinciegroningen.nl,,,,Datateam Beleid (Provincie Groningen),"('6.180684', '52.846214', '7.235767', '53.448883')",Geen beperkingen (https://creativecommons.org/publicdomain/mark/1.0/deed.nl),otherRestrictions,,https://geoservices.provinciegroningen.nl/server/services/Milieu/ToezichtHandhaving/MapServer/WFSServer?request=GetCapabilities
2caa8d14-5c52-469b-a074-65175f89f415,dataset,ISO 19115,WMS; WCS,2022-11-13,dut,28992,"Ecologisch kapitaal van de onafgedekte, intacte bodem (percentage)",bodem; afdekking,"Wat ziet U: De relatief ongestoorde en niet vergraven bodem, die daardoor goed ecologisch kan functioneren.

Wat is de waarde: Alleen een onafgedekte bodem kan ecologisch functioneren. Ook de mate van vergravenheid beinvloedt het ecologisch functioneren en daardoor vele ecosysteemdiensten  Open bodem vertegenwoordigt een groot deel van het natuurlijk kapitaal van de toplaag van de bodem in Nederland. 

Belangrijk voor: Bodembeheer in de bebouwde omgeving, bij infrastructuur en in de glastuinbouw, waar de verstoring relatief groot is.",RIVM,atlasnatuurlijkkapitaal@rivm.nl,,,,,"('3.37087', '50.7539', '7.21097', '53.4658')",geen beperkingen,otherRestrictions,https://data.rivm.nl/geo/ank/wms?,
7593efa8-0bcf-4e56-83d0-68340e4f337c,dataset,ISO 19115,,2025-07-01,eng,,Evaporation - historic gridded daily Makkink evaporation for the Netherlands for 1910-2015 transformed to KNMI14 climate scenario 2050 GL,Climate; Evaporation; Makkink; Sunshine duration; Historic; KNMI14; Open data; Core dataset,"Historic gridded files of daily Makkink evaporation for 1910-2015 in the Netherlands. Calculated from sunshine duration (1951-1981) and radiation (1981-2015). The number of observations varies: 1910-1981 (5), 1981-2015 (35). Transformed to KNMI14 climate scenario 2050 GL.",Koninklijk Nederlands Meteorologisch Instituut (KNMI),opendata@knmi.nl,,,,Koninklijk Nederlands Meteorologisch Instituut (KNMI); Koninklijk Nederlands Meteorologisch Instituut (KNMI); Koninklijk Nederlands Meteorologisch Instituut (KNMI),"('3.2', '50.6', '7.4', '53.7')",https://creativecommons.org/licenses/by/4.0/deed.nl,otherRestrictions,,
3d412dcb-b4ae-443e-b8da-482cfcf185ee,dataset,ISO 19115,WMS; WFS,2019-01-29,dut,28992,Militaire laagvliegroutes (Omgevingsvisie 2016-2020),STRUCTUURPLANNEN; LUCHTVAART; GELUIDHINDER; BESTEMMINGSPLANNEN,"Dit bestand bevat militaire laagvliegroutes zoals vastgesteld in de Omgevingsvisie provincie Groningen 2016-2020.
Boven Westerwolde en het uiterste westen van onze provincie liggen militaire laagvliegroutes voor jachtvliegtuigen en transportvliegtuigen. Daar geldt een minimale vlieghoogte van 75 meter. In verband met de veiligheid mag onder deze laagvliegroutes niet hoger worden gebouwd dan 40 meter. Het betreft een strook van 1 nautische mijl (1852 meter) aan beide zijden van de middellijn van de route. Gemeenten moeten bij de vaststelling van bestemmingsplannen hiermee rekening houden.",Provincie Groningen,geoportaal@provinciegroningen.nl,,,,Afdeling INFO (Provincie Groningen),"('6.172', '52.915', '7.218', '53.175')",geen beperkingen,otherRestrictions,,https://geoservices.provinciegroningen.nl/server/services/Beleidsplannen/Omgevingsvisie/MapServer/WFSServer
ffffffc9-6545-5230-87ac-f94ed37928d1,dataset,ISO 19115,,2025-02-24,dut,28992,"Voortgangsrapportage Natuur 2020 tbv Prolander, begrenzing nieuwe natuur (historie)",locaties,"Voortgangsrapportage Natuur 2020. Geeft inzicht in begrenzing, verwerving, inrichting van de Nieuwe natuur in de provincies Drenthe en Groningen.",Provincie Drenthe,datateam@drenthe.nl,,,,Team Gis/Cartografie (Provincie Drenthe),"('6.0531', '52.5451', '7.2431', '53.2683')",Geen beperkingen,otherRestrictions,,
ffffffae-c978-5645-8846-c105d85419bb,dataset,ISO 19115,,1997-08-15,dut,28992,"Romda, grondwaterkwaliteitsmeetnet (historie)",bodem; water,Grove aanduiding meetpunten RUG- meetnet en grondwaterkwaliteits- meetnet.,Provincie Drenthe,post@drenthe.nl,,,,Team Gis/Cartografie (Provincie Drenthe),"('6.263728', '52.4548186', '6.3934522', '53.134739')",Geen beperkingen,copyright,,
de27cfb9-5e69-49b2-8039-6ae9a37d596e,dataset,ISO 19115,WFS; WMS,2022-04-20,dut,,Geluidszones industrieterreinen,geluidszones,"Dit is een weergave van de geluidszone (als vlak) rondom de vijf gezoneerde industrieterreinen van regionaal belang. Getoond wordt het gebied binnen de geluidzonegrens van 50 dB(A), de geluidszone. Buiten deze geluidzone mag de geluidsbelasting de waarde van 50 dB(A) niet te boven gaan. Zie ook de overige twee GIS bestanden (MI_GELUID_INDUST_TERR, MI_GELUIDSZONE_IND_L). De begrenzing van de industrieterreinen is vastgesteld door de betreffende gemeenten.",Provincie Noord-Holland,kuijerenn@noord-holland.nl,,,,,"('4.551', '52.26', '4.899', '52.518')",Geo Gedeeld licentie (http://creativecommons.org/publicdomain/mark/1.0/deed.nl),otherRestrictions,,https://geoservices.noord-holland.nl/ags/services/oi_dataservice_alg/MapServer/WFSServer?request=GetCapabilities&service=WFS
c45fb5d0-9b5e-48a5-8f5c-c2e99598132a,dataset,ISO 19115,WMS; WFS,2015-11-18,dut,28992,Besluit bodemkwaliteit - Toepassingsmogelijkheden,bodem; ondergrond; bodemkwaliteit; toepassingsmogelijkheden; BKK,"Omvat de toepassingsmogelijkheden van grond, gebasseerd op het Besluit bodemkwaliteit. Het Besluit bodemkwaliteit omvat regels voor de toepassingen van grond, baggerspecie en bouwstoffen. Verder stelt het kwaliteitseisen aan de uitvoering van bodemwerkzaamheden en is er een bodemkwaliteitskaart opgesteld in het kader van het besluit bodemkwaliteit.",Gemeente Enschede,vastgoedinformatie@enschede.nl,,,,Team Vastgoedinformatie (Gemeente Enschede),"('6.742291744436528', '52.15095437672479', '6.995873577790199', '52.29275133292069')",http://creativecommons.org/licenses/by/3.0/nl/legalcode,otherRestrictions,,https://arcgisp.enschede.nl/ArcGIS/services/BodemEnOndergrond/BKK2008_Toepassingsmogelijkheden/MapServer/WFSServer?request=GetCapabilities&service=WFS
1be28290-55fa-4486-b9d3-b9d147117863,dataset,ISO 19115,WMS; WMTS,2021-04-20,dut,28992,Luchtfoto Beeldmateriaal 2016 25cm infrarood open data,Landelijke voorziening beeldmateriaal; LVB; Beeldmateriaal; Luchtbeelden; Luchtfoto; Orthofoto; Ortho; Ortho25IR; Ortho25CIR; Orthofotomozaïek; Orthofotomozaiek; Mozaïek; Mozaiek; Lage resolutie; LR; Infrarood; CIR; Open data CC-BY,"De orthofotomozaïeken zijn een samenstelling van afzonderlijke infrarood orthofoto's, in principe van de centrale gedeelten van iedere orthofoto. Daardoor is de omvalling in de mozaïeken zo klein mogelijk gehouden. De orthomozaïeken zijn landsdekkend. Deze luchtfoto's zijn beschikbaar als open data.",Kadaster,dpi-gi@kadaster.nl,https://nationaalgeoregister.nl/geonetwork/srv/dut/catalog.search#/metadata/89eb9a7c-ed81-49d8-9ef1-61a1260b5b28,,,"Directie Operatie, Dienstverlening en Registratie, afdeling Data-, Proces- en Informatiemanagement (Kadaster); Contact (Het Waterschapshuis); Klantcontactcenter (Kadaster)","('3.30', '50.73', '7.24', '53.60')","Naamsvermelding verplicht, Beeldmateriaal.nl (http://creativecommons.org/licenses/by/4.0/deed.nl)",otherRestrictions,,
abdb85ea-523e-474d-9b4a-399446dc8e21,service,ISO 19115,WMS,2025-05-01,dut,28992,"Topografische Militaire Kaarten van 1850 (TMK1850, nettekeningen) WMS",,De veldminuten voor de Topografisch Militaire Kaart (TMK) zijn tussen 1836 en 1856 door officieren van het bureau van de Militaire Verkenningen gemaakt met als doel om voor het eerst een topografische kaart voor heel Nederland te vervaardigen. Het resultaat van de verkenningen is in kleur uitgewerkt in een serie nettekeningen. Deze nettekeningen vormen de tussenschakel tussen de veldminuten (1 : 25 000) en de in steen gegraveerde kaartbladen die zijn uitgegeven in zwart/wit (1 : 50 000).,Rijksdienst voor het Cultureel Erfgoed,info@cultureelerfgoed.nl,,,,Infodesk (Rijksdienst voor het Cultureel Erfgoed),"('2.0008', '50.4749', '8.4215', '53.8431')","Naamsvermelding verplicht, Kadaster, Wageningen Environmental Research, RCE (https://creativecommons.org/licenses/by/4.0/deed.nl)",otherRestrictions,,
232d42d8-c3d6-4f03-89cf-2ffd0cffef3c,dataset,ISO 19115,WFS; WMS,2017-09-11,dut,28992,Fosfor (P-totaal) emissies naar bodem 2014,Emissieregistratie; Emissie; PRTR,Fosfor (P-totaal) emissies naar bodem uit alle bronnen in 2014 in kg per jaar. Emissieregistratie 1990 - 2014. (vastgesteld 2016),RIVM,emissieregistratie@rivm.nl,,,,RIVM; RIVM,"('2.1943769153799892', '50.719508224348104', '8.04038938277185', '54.987059919430585')",Geen beperkingen,otherRestrictions,,http://geodata.rivm.nl/geoserver/erpub/wfs/?
e200a00e-3824-4db6-ba95-5b512b2cbd40,dataset,ISO 19115,WMS,2023-02-17,dut,28992,Straatmeubilair Barendrecht,Straatmeubilair; Afvalbak; Beheer; Gemeente; Barendrecht,Deze dataset bevat de afvalbakken die beheerd worden door de gemeente Barendrecht. Deze dataset wordt dagelijks bijgewerkt.,BAR-Organisatie,open-data@bar-organisatie.nl,,,,BAR-Organisatie; BAR-Organisatie,"('4.452308824829389', '51.83870745788625', '4.5732708888185', '51.8708644527908')",Geen beperkingen,otherRestrictions,,
8d4ce338-59c4-4cf9-98fb-c88e8b7361be,dataset,ISO 19115,,2019-03-19,dut,,"Copernicus Change layer with the changes classified into most relevant categories of sealing change (unchanged no sealing, new cover, loss of cover, unchanged sealed, increased sealing, decreased sealing) for the period 2009 – 2012",Bodemgebruik; Landgebruik,"Copernicus Land monitoring services – Gedetailleerde bodembedekkings kenmerken voor het referentiejaar 2009 (hoge resolutie): deel 1 – Ondoorlatendheid en veranderingen in ondoorlatendheid voor de EEA39. Herberekening van ondoorlatendheid en veranderingen in ondoorlatendheid producten voor de jaren 2006, 2009 en 2012. Ruimtelijke resolutie 20*20m.

«Data was produced with funding by the European Union. Copyright Copernicus Programme»
DISCLAIMER: Wageningen Environmental Research has undertaken to distribute the data on behalf of EEA under Specific Contract No 3436/R0-Copernicus/EEA.56950 implementing Framework service contract No EEA/IDM/R0/16/009/Netherlands. Wageningen Environmental Research accepts no responsibility or liability whatsoever with regard to the content and use of these data. 
The European Environment Agency accepts no responsibility or liability whatsoever with regard to the information on this site and the information does not necessarily reflect the official opinion of the EEA or other European Communities bodies and institutions.",Wageningen Environmental Research,gerard.hazeu@wur.nl,,,,Wageningen Environmental Research; Wageningen Environmental Research,"('3.2', '50.75', '7.22', '53.7')",,copyright,,
f3eb3b9e-3fc0-41a8-aefb-d831c1651b89,dataset,ISO 19115,,2025-07-01,eng,,Precipitation - 5 minute precipitation accumulations from climatological gauge-adjusted radar dataset for The Netherlands (1 km) in NetCDF4 format,Precipitation; Radar; Gauge; Climatology; Rain; Open data,"Climatological radar rainfall dataset of 5 minute precipitation depths at a 1-km grid, which have been adjusted employing validated and complete rain gauge data from both KNMI rain gauge networks. This dataset is updated once a month providing data up to a few months ago.",Koninklijk Nederlands Meteorologisch Instituut (KNMI),opendata@knmi.nl,,,,Koninklijk Nederlands Meteorologisch Instituut (KNMI); Koninklijk Nederlands Meteorologisch Instituut (KNMI); Koninklijk Nederlands Meteorologisch Instituut (KNMI),"('3.2', '50.6', '7.4', '53.7')",https://creativecommons.org/licenses/by/4.0/deed.nl,otherRestrictions,,
27fa1dc4-429e-4f88-9c45-2392f78466b2,dataset,ISO 19115,WMS; WFS,2010-04-26,dut,,Aardkunde - Terpen,Aardkundig waardevolle gebieden,Bestand met terpen in Fryslân.,provincie Fryslân,provincie@fryslan.frl,,,,,"('5.266', '53.003', '6.262', '53.407')",http://creativecommons.org/publicdomain/mark/1.0/deed.nl,otherRestrictions,,https://geoportaal.fryslan.nl/arcgis/services/ProvinciaalGeoRegister/PGR2/MapServer/WFSServer?
5fc59e4d-f534-50c9-b863-a5322cc52302,dataset,ISO 19115,,2015-08-12,dut,28992,"Natuurbeheerplan 2015, Agrarisch natuurgebied ruime jas (historie)",agrarisch; EHS; gebiedsplan; landbouw; landschap; landschapsbeheer; natuur; natuurbeheerplan; particulier; SNL; subsidie,"Sinds 1 januari 2010 geldt de nieuwe SNL-regeling (Subsidiestelsel Natuur- en Landschapsbeheer) voor natuur-agrarisch en natuur- en landschapsbeheer. Op basis van deze regeling heeft de provincie Drenthe het Natuurbeheerplan 2013 gemaakt. Voor het onderdeel agrarisch natuur- en landschapsbeheer soms gekoppeld aan zoekgebieden. Inrichting en functieverandering (kwaliteitsimpuls) loopt per 1 januari 2010, zowel voor agrarisch natuurbeheer als natuurbeheer via de PMJP. Dit thema heeft betrekking op het eventueel toekennen van subsidie voor Agrarisch Natuur Beheer.",Provincie Drenthe,post@drenthe.nl,,,,Team Gis/Cartografie (Provincie Drenthe),"('6.105', '52.601', '7.109', '53.213')",Geen beperkingen,otherRestrictions,,
3d976e22-51a7-4ceb-9002-cda435f4eb32,dataset,ISO 19115,WMS; WFS,2025-02-11,dut,28992,Stuw,Stuw; Peilbeheer; Afsluiter; Beheerregister; Bergingspolder; Calamiteiten afsluiter; Calamiteiten inlaat; Inlaat; Peilbesluit; Aflaat; Drempel; Peilscheiding,"Vaste of beweegbare constructie die dient om het peil bovenstrooms van de constructie te verhogen c.q. te regelen.

Herkomst definitie: Aquo",Waterschap Hunze en Aa's,gis_info@hunzeenaas.nl,,,,Waterschap Hunze en Aa's; Waterschap Hunze en Aa's,"('6.274500417904351', '52.6482562858353', '7.570597529185045', '53.47291066142737')",Geen beperkingen,otherRestrictions,,https://opendata.hunzeenaas.nl/geoserver/wfs
cea0d9fc-bec5-40d3-bdab-6f471228f0c5,dataset,ISO 19115,WMS; WFS,2022-11-24,dut,,Karakteristieke wegen Middag-Humsterland monitoring landschap,WEGEN; CULTUURHISTORIE; CULTUURLANDSCHAPPEN; LANDSCHAPSBESCHERMING; MONITORING; Downloadable Data,"Dit bestand omvat karakteristieke wegen Middag-Humsterland, met monitoringsinformatie ten behoeve van de Monitor Landschap. Vierjaarlijks worden deze karakteristieke wegen Middag-Humsterland beoordeeld op hun 'staat'. Water, verkaveling en het beloop van wegen zijn bepalend voor het karakter van het landschap van Groningen.",Provincie Groningen,geoportaal@provinciegroningen.nl,,,,Datateam Beleid (Provincie Groningen),"('6.332831', '53.259031', '6.507569', '53.322133')",Geen beperkingen (https://creativecommons.org/publicdomain/mark/1.0/deed.nl),otherRestrictions,,https://geoservices.provinciegroningen.nl/server/services/LandelijkGebied/Cultuurhistorie/MapServer/WFSServer?request=GetCapabilities
fa4b4928-ca6a-11ee-8a7e-3ce9f7462b93,dataset,ISO 19115,,2025-07-01,eng,,Hot air balloon derived winds,Wind; Boundary layer winds; GNSS; GPS; Hot air balloon; Wind shear; Lagrangian flow; Open data,"This dataset consists of navigational data from hot-air balloon flights and are a potential source of wind data in the atmospheric boundary layer. The data is provided on voluntary basis by professional balloonists.

The dataset was compiled for the PhD thesis with DOI: 10.18174/589639. The PhD thesis is about the application of hot air balloon tracks  as a potential source of wind data in the lower kilometer of the atmosphere. Balloon flights from the archives of balloonists were studied and interesting wind patterns were explained with respect to their meteorological background. The motion of a hot air balloon was studied as well as the inertia of the balloon after changing winds. A field experiment was conducted in the Netherlands to collect data using a smartphone app, which was used to determine balloon wind data. Verification with the 200m high Cabauw tower measurements yielded positive results. Balloon dynamics were studied with an accurate wind meter mounted under the balloon basket. Next, verification and impact studies were performed with two weather models to demonstrate the applicability of the hot air balloon wind data.",Koninklijk Nederlands Meteorologisch Instituut (KNMI),opendata@knmi.nl,,,,Koninklijk Nederlands Meteorologisch Instituut (KNMI); Koninklijk Nederlands Meteorologisch Instituut (KNMI); Koninklijk Nederlands Meteorologisch Instituut (KNMI),"('-15', '35', '27', '69')",https://creativecommons.org/licenses/by/4.0/deed.nl,otherRestrictions,,
27e5d9da-b3b3-489a-b9ac-6f8ff2e729d6,dataset,ISO 19115,WMS; WFS,2019-01-29,dut,28992,Esgehuchten (Omgevingsvisie 2016-2020),STRUCTUURPLANNEN; CULTUURHISTORISCHE WAARDENKAARTEN; CULTUURHISTORIE; DORPEN; CULTUURLANDSCHAPPEN,"Dit bestand bevat esgehuchten zoals vastgesteld in de Omgevingsvisie provincie Groningen 2016-2020.
In onze provincie liggen veel karakteristieke nederzettingen waarvan de ruimtelijke structuur nauw verbonden is met het omliggende landschap. Wij beschermen deze waarden en hebben regels opgenomen in de Omgevingsverordening.",Provincie Groningen,geoportaal@provinciegroningen.nl,,,,Afdeling INFO (Provincie Groningen),"('6.990', '52.911', '7.156', '53.056')",geen beperkingen,otherRestrictions,,https://geoservices.provinciegroningen.nl/server/services/Beleidsplannen/Omgevingsvisie/MapServer/WFSServer
fc399dca-c7bf-4abf-ba97-47eb343a703a,dataset,ISO 19115,,2019-09-16,dut,,EV oplaadpunten,EV; Elektrische auto; oplaadpunt,De dataset is te downloaden van het gemeentelijk open data portaal: https://gemeente-bloemendaal.opendata.arcgis.com/search/protocol: website,Gemeente Bloemendaal en Gemeente Heemstede,postbusgeo@heemstede.nl,,,,Daniël van Dok (Gemeente Bloemendaal en Gemeente Heemstede); Daniël van Dok (Gemeente Bloemendaal en Gemeente Heemstede),"('52.320767', '4.583637', '52.335706', '4.629852')",,otherRestrictions,,
FEB44D94AC173D26E0441CC1DE40A734,dataset,ISO 19115,,2014-07-21,dut,28992,Potentieel gebied met grondwater voor de bereiding van drinkwater  (Omgevingsvisie 2014) (historie),drinkwater; grondwater; omgevingsvisie; water,Door Provinciale Staten van Drenthe op 2 juli 2014 vastgestelde versie van Potentieel gebied met grondwater voor de bereiding van drinkwater. Potentiele gebieden (voorkeurslocaties) met grondwater voor toekomstige drinkwaterwinning. Komt voor in kaart 10: Grondwater.,Provincie Drenthe,post@drenthe.nl,,,,Team Gis/Cartografie (Provincie Drenthe),"('6.105', '52.601', '7.109', '53.213')",Geen beperkingen,otherRestrictions,,
45a73175-5bff-47cb-856c-93db4715f1bb,dataset,ISO 19115,WMS; WFS,2024-09-30,dut,,Natuurbeheerplan 2023 - Zoekgebied Water,AGRARISCH NATUURBEHEER; BEGRENZINGENPLANNEN; BEHEERSGEBIEDSPLANNEN; NATUURONTWIKKELING; SUBSIDIES; Downloadable Data,Het Natuurbeheerplan (NBP) is het provinciaal plandocument waarin op basis van een afgestemde ambitie de overeengekomen doelen op het gebied van (agrarisch) natuur- en landschapsbeheer zijn vastgelegd.  Met het zoekgebied water geeft de provincie het begrensde zoekgebied weer waarbinnen subsidie voor waterbeheertypen kan worden aangevraagd.,Provincie Groningen,geoportaal@provinciegroningen.nl,,,,Datateam Beleid (Provincie Groningen),"('6.170036', '52.836399', '7.239458', '53.471044')",Geen beperkingen (https://creativecommons.org/publicdomain/mark/1.0/deed.nl),otherRestrictions,,https://geoservices.provinciegroningen.nl/server/services/LandelijkGebied/Natuur/MapServer/WFSServer?request=GetCapabilities
730e3510-0306-49c8-9645-5faccb669e35,dataset,ISO 19115,WMS; WFS,2022-03-29,dut,,Karakteristieke wegen (Omgevingsvisie 2016-2020),STRUCTUURPLANNEN; WEGEN; CULTUURHISTORIE; CULTUURLANDSCHAPPEN; LANDSCHAPSBESCHERMING; Downloadable Data,"Dit bestand bevat karakteristieke wegen zoals vastgesteld in de Omgevingsvisie provincie Groningen 2016-2020.  Water, verkaveling en het beloop van wegen zijn bepalend voor het karakter van het landschap van Groningen. Wij hebben in de Omgevingsverordening specifieke regels opgenomen voor karakteristieke wegen. Aanvullend is voor Middag-Humsterland een regel opgenomen ter bescherming van karakteristieke wegen.",Provincie Groningen,geoportaal@provinciegroningen.nl,,,,Afdeling iNFO (Provincie Groningen),"('6.333', '53.26', '6.508', '53.323')",Geen beperkingen (https://creativecommons.org/publicdomain/mark/1.0/deed.nl),otherRestrictions,,https://geoservices.provinciegroningen.nl/server/services/Beleidsplannen/Omgevingsvisie/MapServer/WFSServer?request=GetCapabilities
3ac5737f-55ed-455d-8350-44af11b67fc3,service,ISO 19115,WMS,2025-03-14,dut,,CBS Wijken en Buurten 2019 versie 3 WMS,cbs; wijken; buurten; gemeenten; statistiek; bevolkingdichtheid; inwoners; herkomst; autos; huishoudens; nabijheid,"Het Bestand Wijk- en Buurtkaart 2019 bevat de geometrie van alle gemeenten, wijken en buurten in Nederland met als attribuut een aantal statistische kerncijfers. De begrenzingen van wijken en buurten zijn voor een groot deel gebaseerd op wat de gemeenten aan het CBS doorgeven. De gemeentegrens is afkomstig uit de BRK van het Kadaster. De land-watergrens uit het Bestand Bodemgebruik 2015. Deze derde versie bevat de meeste kerncijfers. Hierna volgt geen update meer.",,beheerpdok@kadaster.nl,,,,,"('2.8009', '50.6678', '7.6393', '53.6253')",Geen beperkingen (https://creativecommons.org/publicdomain/mark/1.0/deed.nl),otherRestrictions,,
e13fbc0b-f344-4af0-9077-45cb731bc955,dataset,ISO 19115,WMS,2022-10-03,dut,,Bodemgeschiktheidskaart - cumulatieve dikte veen,BODEM; VEEN; WATERPEIL; DUURZAAM BOUWEN; WONINGBOUW,"Deze kaart toont de cumulatieve dikte van de veenlagen in de holocene ondergrond in meters. Deze informatie is gebruikt bij het bepalen van de geschiktheid van de ondergrond in de provincie Utrecht voor (traditioneel) bouwen.     Voor de gemeente Vijfheerenlanden, die sinds 1 januari 2019 deel uitmaakt van de provincie Utrecht, is nog geen data beschikbaar.",Provincie Utrecht,GIS@provincie-utrecht.nl,,,,GIS (Provincie Utrecht),"('4.789', '51.933', '5.631', '52.306')",Open data (publiek)|https://creativecommons.org/publicdomain/mark/1.0/deed.nl,otherRestrictions,,
3d9b5d25-91a5-4e5d-a5fc-10cc33e5f418,dataset,ISO 19115,WMTS; WMS,2018-07-02,dut,28992,Luchtfoto 2009 25cm RGB Ortho,zomer; luchtfoto; 2009; 25cm; ortho; rgb; landelijke voorziening beeldmateriaal; lvb; beeldmateriaal; orthofoto; ortho25; orthofotomozaïek; mozaïek; orthofotomozaiek; mozaiek; lage resolutie; lr,RGB zomerluchtfoto van 2009 met een resolutie van 25cm.,Waterschap Hunze en Aa's,gis_info@hunzeenaas.nl,,,,Waterschap Hunze en Aa's; Waterschap Hunze en Aa's,"('6.274500417904351', '52.6482562858353', '7.570597529185045', '53.47291066142737')",Geen beperkingen,otherRestrictions,,
48b9eefd-5237-4ba2-99d2-253955bf9785,dataset,ISO 19115,WFS,2024-10-18,dut,28992,AERIUS relevante habitatkartering (historisch archief),AERIUS,"Deze webservice bevat de stikstofgevoelige habitattypen uit de voorgaande release binnen een Natura2000-bied die ook daadwerkelijk relevant zijn bevonden voor AERIUS 2023, uitgaande van de beleidsmatig vastgestelde voorwaarden voor relevantie.",,via contactformulier,https://link.aerius.nl/documenten/data/handboek_2023.pdf#page=57,,,,"('3.37087', '50.7539', '7.21097', '53.4658')",Geen beperkingen (http://creativecommons.org/publicdomain/mark/1.0/deed.nl),otherRestrictions,,https://connect2023.aerius.nl/opendata/wfs?request=getCapabilities
81CA2C32C449282BE053D2041EAC8006,dataset,ISO 19115,,2018-10-05,dut,28992,Natura2000 Beheerplannen - Vegetatie 1900 - 1930 Elperstroom (historie),locaties,Vegetatie 1900 - 1930 is als kaart(of een onderdeel van een kaart) opgenomen in Natura2000 beheerplan Elperstroom. Het beheerplan is vastgesteld op 07-03-2017.,Provincie Drenthe,post@drenthe.nl,,,,Team Gis/Cartografie (Provincie Drenthe),"('6.105', '52.601', '7.109', '53.213')",Geen beperkingen,otherRestrictions,,
657917f6-c86a-48ae-9d8f-9629d75bc666,dataset,ISO 19115,,2019-03-19,dut,,"Copernicus Change layer with the changes classified into most relevant categories of sealing change (unchanged no sealing, new cover, loss of cover, unchanged sealed, increased sealing, decreased sealing) for the period 2006 – 2009",Landgebruik; Bodemgebruik,"Copernicus Land monitoring services – Gedetailleerde bodembedekkings kenmerken voor het referentiejaar 2006 (hoge resolutie): deel 1 – Ondoorlatendheid en veranderingen in ondoorlatendheid voor de EEA39. Herberekening van ondoorlatendheid en veranderingen in ondoorlatendheid producten voor de jaren 2006, 2009 en 2012. Ruimtelijke resolutie 20*20m .

«Data was produced with funding by the European Union. Copyright Copernicus Programme»
DISCLAIMER: Wageningen Environmental Research has undertaken to distribute the data on behalf of EEA under Specific Contract No 3436/R0-Copernicus/EEA.56950 implementing Framework service contract No EEA/IDM/R0/16/009/Netherlands. Wageningen Environmental Research accepts no responsibility or liability whatsoever with regard to the content and use of these data. 
The European Environment Agency accepts no responsibility or liability whatsoever with regard to the information on this site and the information does not necessarily reflect the official opinion of the EEA or other European Communities bodies and institutions.",Wageningen Environmental Research,gerard.hazeu@wur.nl,,,,Wageningen Environmental Research; Wageningen Environmental Research,"('3.2', '50.75', '7.22', '53.7')",,copyright,,
FEB44D94AC033D26E0441CC1DE40A734,dataset,ISO 19115,,2014-07-21,dut,28992,Dierenpark Emmen (Omgevingsvisie 2014) (historie),cultuur; dagrecreatie; omgevingsvisie; ontspanning; recreatie,Door Provinciale Staten van Drenthe  op 2 juli 2014 vastgestelde versie van Dierenpark Emmen.Emmen beschikt met het Dierenpark over een nationale recreatieve publiekstrekker. De verplaatsing van het Dierenpark biedt kansen voor de kwalitatieve ontwikkeling van het centrum van Emmen. Komt voor in kaart 4: Robuust sociaal-economisch systeem.,Provincie Drenthe,post@drenthe.nl,,,,Team Gis/Cartografie (Provincie Drenthe),"('6.105', '52.601', '7.109', '53.213')",Geen beperkingen,otherRestrictions,,
FEB44D94AC483D26E0441CC1DE40A734,dataset,ISO 19115,,2014-07-21,dut,28992,Top-gebied verdroging (Omgevingsvisie 2014) (historie),grondwaterstand; natuur; natuurdoelen; omgevingsvisie,Door Provinciale Staten van Drenthe op 2 juli 2014 vastgestelde versie van Top-gebied verdroging.Gebieden waar prioriteit wordt gegeven aan de aanpak van de verdroging van natuur. Er is sprake van verdroging als de grondwaterstand te laag is voor het natuurdoel. Komt voor in kaart 10: Grondwater.,Provincie Drenthe,post@drenthe.nl,,,,Team Gis/Cartografie (Provincie Drenthe),"('6.105', '52.601', '7.109', '53.213')",Geen beperkingen,otherRestrictions,,
cff5ab1a-cb76-4a98-b0d1-ef72500d81d0,dataset,ISO 19115,WMS; WFS,2022-11-14,dut,28992,Geurhinder wegverkeer,hinder; geur; GGD; verkeer,Op de kaart ziet u welk percentage van de bevolking in een gemeente ernstig gehinderd is door geur van wegverkeer. De resultaten zijn gebaseerd op de GGD Volksgezondheid monitors uit de periode 2007-2010,RIVM,atlasleefomgeving@rivm.nl,,,,,"('3.1954102881017565', '50.67190131033707', '7.383358171635846', '53.63951025614753')",Geen beperkingen,otherRestrictions,,https://data.rivm.nl/geo/alo/wfs?
0802e6f3-3240-45e5-8a2c-94f1a32c0cbd,dataset,ISO 19115,,2025-07-01,eng,,Evaporation - historic gridded daily Makkink evaporation for the Netherlands for 1910-1980,Climate; Evaporation; Makkink; Sunshine duration; Open data; Core dataset,Historic gridded files of daily Makkink evaporation for 1910-1980 in the Netherlands. Calculated from sunshine duration measured on 5 weather stations.,Koninklijk Nederlands Meteorologisch Instituut (KNMI),opendata@knmi.nl,,,,Koninklijk Nederlands Meteorologisch Instituut (KNMI); Koninklijk Nederlands Meteorologisch Instituut (KNMI); Koninklijk Nederlands Meteorologisch Instituut (KNMI),"('3.2', '50.6', '7.4', '53.7')",https://creativecommons.org/licenses/by/4.0/deed.nl,otherRestrictions,,
f513309b-b122-4e2e-b80b-5d50a046187b,dataset,ISO 19115,WFS; WMS,2025-06-20,dut,,Zachte woningbouwplannen (vlakken),woningbouw; woningmarkt; bouwblokken; bouwplannen; volkshuisvesting,Met gemeenten in Overijssel zijn woonafspraken gemaakt over het aantal te bouwen woningen. Gemeenten brengen daarom elk jaar de harde en (wanner mogelijk) de zachte woningbouwplannen in beeld via een online webapplicatie (Planregistratie). Dit vlakbestand geeft de zachte plancapaciteit per 1-1-2025 met een globale aanduiding van de ligging (veelal met een cirkel waar het plan ligt).,Provincie Overijssel,kennishub@overijssel.nl,,,,,"('5.834', '52.142', '7.066', '52.829')",https://creativecommons.org/publicdomain/zero/1.0/deed.nl,otherRestrictions,,https://services.geodataoverijssel.nl/geoserver/B82_volkshuisvesting/wfs
07e56435-5192-5cf5-ba38-10c5ce938f94,dataset,ISO 19115,WMS; WFS,2022-06-01,dut,28992,Potentieel gasopslag,bodem; gaswinning; ondergrond; opslag,"Geschiktheid van gasvelden voor gasopslag in de provincies Groningen, Friesland en Drenthe. Bestand onderdeel van potentieelkaart gasopslag in lege gasvelden.",Provincie Drenthe,post@drenthe.nl,,,,Team Gis/Cartografie (Provincie Drenthe),"('4.4552947', '52.3348457', '7.135964', '53.388444')",Geen beperkingen,copyright,,https://kaartportaal.drenthe.nl/server/services/GDB_actueel/GBI_MILIEU_BODEM_POTGASOPS_V/MapServer/WFSServer
504c54c1-aed6-47af-9d2c-279337bdb113,dataset,ISO 19115,WFS; WMS,2022-04-29,dut,,Werkingsgebied - Beperkingengebied provinciale wegen,ruimtegebruik; ruimtelijke ordening,"Deze werkingsgebied maakt onderdeel uit van Omgevingsverordening NH2020, vastgesteld op 16-11-2020 (besluitnr.: 1477251/1478383). Het plan is te raadplegen op ruimtelijkeplannen.nl via deze link:  https://www.ruimtelijkeplannen.nl/viewer/view?planidn=NL.IMRO.9927.POVPNH-VG01  Meer informatie over deze werkingsgebied is te lezen in artikel(en): 4.81, 4.82",Provincie Noord-Holland,kaartendata@noord-holland.nl,,,,,"('4.52', '52.176', '5.289', '53.061')",Geo Gedeeld licentie (http://creativecommons.org/publicdomain/mark/1.0/deed.nl),otherRestrictions,,https://geoservices.noord-holland.nl/ags/services/oi_dataservice_povnh2020/MapServer/WFSServer?request=GetCapabilities&service=WFS
5eb52054-0a89-5c23-b489-60c34e432f1b,dataset,ISO 19115,,2012-09-26,dut,28992,"Dwingelderveld, inundaties ondiep oppervlaktewater (historie)",landschap; natuur; water,Dit bestand geeft de inundaties van ondiep opervlaktewater in het Dwingelderveld weer.,Provincie Drenthe,post@drenthe.nl,,,,Team Gis/Cartografie (Provincie Drenthe),"('6.105', '52.601', '7.109', '53.213')",Geen beperkingen,copyright,,
622370bc-6665-460e-9f63-eae1cc8359c9,service,ISO 19115,,2025-07-21,dut,,BRT Achtergrondkaart OGC API (Vector) Tiles,Kadaster; BRT; Basisregistratie Topografie; Topografie; BRT Achtergrondkaart; BRT-A; Automatische generalisatie; Bodemgebruik; Geografische namen; Hydrografie; Transport netwerken; Topografische kaart; TOP10NL,De BRT Achtergrondkaart is afgeleid uit TOP10NL uit de Basisregistratie Topografie (BRT).,,beheerpdok@kadaster.nl,,,,,"('1.49796619', '50.42088892', '8.90951628', '53.78367411')","Naamsvermelding verplicht, organisatienaam (https://creativecommons.org/licenses/by/4.0/deed.nl)",otherRestrictions,,
a133eb43-7b86-5063-b0f9-d7770cd1159e,dataset,ISO 19115,WMS; WFS,2022-06-01,dut,28992,Vormgroepen,aardkunde; bodem; bonneblad; geomorfologie; vormenkaart,"Vormgroepen zijn een onderdeel van geomorfologie. Geomorfologie (vaak ook kortweg als morfologie aangeduid) is de wetenschap die de vormen van het landschap en de processen die daarbij een rol spelen of hebben gespeeld, bestudeert. Het gaat hierbij niet alleen om natuurlijke (aardkundige) aspecten maar juist ook over de cultuurhistorische aspecten. Deze kaart toont alleen de aardkundige aspecten. De cultuurhistorische aspecten zijn onder de kop antropogeen samengevat.",Provincie Drenthe,post@drenthe.nl,,,,Team Gis/Cartografie (Provincie Drenthe),"('6.105', '52.601', '7.109', '53.213')",Geen beperkingen,copyright,,https://kaartportaal.drenthe.nl/server/services/GDB_actueel/GBI_MILIEU_BOBES_VORMGROEP_V/MapServer/WFSServer
d8f0a286-1429-4a6c-8c4c-15721e50cd21,dataset,ISO 19115,WMS; WFS,2021-10-11,dut,28992,Mengsel toxische druk oppervlaktewater - NHx,ecologie; waterkwaliteit; biologisch; ammonium; ammoniak,"Deze kaart geeft een beeld over de toxische druk van ammonium/ammoniak in Nederlands oppervlaktewater. Toxische druk is belangrijk omdat chemische verontreiniging de aquatische levensgemeenschappen beïnvloedt, en tevens een signaal is dat er maatregelen moeten worden genomen om het water geschikt te maken voor allerlei maatschappelijke doelen (drinkwater, irrigatie, etc.). Alle punten waar in de periode 2013-2018 watermonsters genomen zijn voor het meten van stoffen zijn weergegeven. De toxische druk wordt weergegeven in vijf klassen van toenemende toxische druk. Toenemende toxische druk betekent dat de aquatische levensgemeenschap in toenemende mate belemmerd wordt, waardoor steeds meer soorten verdwijnen.",Atlas Natuurlijk Kapitaal,atlasnatuurlijkkapitaal@rivm.nl,,,,,"('3.37087', '50.7539', '7.21097', '53.4658')",Geen beperkingen (http://creativecommons.org/publicdomain/mark/1.0/deed.nl),otherRestrictions,,https://data.rivm.nl/geo/ank/wfs?request=GetCapabilities
aa5c615b-ef97-423c-afcb-ed1b078caea2,dataset,ISO 19115,,2018-07-10,dut,,Parkeermeters gemeente Heemstede,Landgebruik; Parkeermeters; Heemstede,"Deze dataset bevat de locaties van alle parkeermeters binnen de gemeente Heemstede.
Naast de locatie heeft elk record een ID, nummer, parkeersector, locatie omschrijving, tarief en een X- en Y-coordinaat.
De dataset wordt maandelijks bijgewerkt, tenzij er geen wijzigingen zijn doorgevoerd in de brondata.",Gemeente Heemstede,Postbusgeo@heemstede.nl,,,,,"('4.587085259556759', '52.323040153937995', '4.643633375225596', '52.36538145666808')",Geen beperkingen,otherRestrictions,,
1089132f-cb3e-45d5-b4af-54e207a55c6a,dataset,ISO 19115,WFS; WMS,2022-04-29,dut,,Werkingsgebied - Bodemsanering,ruimtegebruik; ruimtelijke ordening,"Deze werkingsgebied maakt onderdeel uit van Omgevingsverordening NH2020, vastgesteld op 16-11-2020 (besluitnr.: 1477251/1478383). Het plan is te raadplegen op ruimtelijkeplannen.nl via deze link:  https://www.ruimtelijkeplannen.nl/viewer/view?planidn=NL.IMRO.9927.POVPNH-VG01  Meer informatie over deze werkingsgebied is te lezen in artikel(en): 4.44, t/m 4.46, 7.9 t/m 7.14",Provincie Noord-Holland,kaartendata@noord-holland.nl,,,,,"('4.476', '52.164', '5.317', '53.187')",Geo Gedeeld licentie (http://creativecommons.org/publicdomain/mark/1.0/deed.nl),otherRestrictions,,https://geoservices.noord-holland.nl/ags/services/oi_dataservice_povnh2020/MapServer/WFSServer?request=GetCapabilities&service=WFS
2abb1499-d763-4ab9-914b-3ba280ae146f,service,ISO 19115,,2025-01-17,dut,,Bestuurlijke Gebieden OGC API Features,nationaal; globaal; lokaal; gemeentegebied; provinciegebied; landgebied; gebieden; administratievegebieden; administratieveeenheden; rijksgrens; basissetnovex; ogcapi; api; hvd; geospatialedata; gemeentegrens; provinciegrens; landsgrens; grenzen; provincie; gemeente; gemeenten; provincies; nederland; features,Overzicht van de bestuurlijke indeling van Nederland in gemeenten en provincies alsmede de rijksgrens. Gegevens zijn afgeleid uit de Basisregistratie Kadaster (BRK).,,beheerpdok@kadaster.nl,,,,,"('1.0031', '50.3286', '9.1316', '53.9683')","Naamsvermelding verplicht, organisatienaam (http://creativecommons.org/licenses/by/4.0/deed.nl)",otherRestrictions,,
db28c4f6-1655-4e17-b4ea-29d54f4db64a,dataset,ISO 19115,WFS; WMS,2021-03-08,dut,28992,Geur industrie 98-percentiel geurcontouren 2015,GEUROVERLAST; MILIEUVERGUNNINGEN; INDUSTRIE,"Dit bestand bevat gegevens over de geuruitstoot van industriële bedrijven met een vergunning van de provincie. De provincie heeft met behulp van een geurverspreidingsmodel de 98-percentiel geurcontouren berekend. Bijvoorbeeld 98 percentiel van 5 ge/m3 wil zeggen dat buiten de contour in 98% van de tijd de geurimmissie op een bepaald punt lager zal zijn dan5 ge/m3.

    De kaart geeft niet precies de gebieden aan waar geur waarneembaar is, maar hoe groot de kans is dat de geur waarneembaar is en hoe sterk deze geur is. Of iemand de geur ook daarwerkelijk ruikt is afhankelijk van de bedrijfsvoering, het weer, de plek en het reukvermogen van die persoon.",Provincie Noord-Brabant,geo@brabant.nl,,,,,"('4.239', '51.326', '5.912', '51.806')",geen beperkingen,otherRestrictions,,https://atlas.brabant.nl/arcgis/services/pgr_m01_milieu/MapServer/WFSServer
544c7c2a-ee1e-5cc4-b44d-c9c2d8cf047a,dataset,ISO 19115,,2011-09-22,dut,28992,Grondwaterkwaliteit 2010 (historie),aluminium; bodem; cadmium; fosfaat; grondwater; grondwaterkwaliteit; kwaliteit; nikkel; nitraat; normoverschrijding; ondergrond; pH; zink,"Kaartlaag geeft de kwaliteit van het grondwater weer in % normoverschrijding in het diepe (25 m - mv) en het ondiepe grondwater (10 - 25 m - mv) voor de parameters: NITRAAT, FOSFAAT, ZINK, NIKKEL, CADMIUM, ALUMINIUM en PH. Het gaat hier om het meetjaar 2010.",Provincie Drenthe,post@drenthe.nl,,,,Team Gis/Cartografie (Provincie Drenthe),"('3.1617316', '50.4624242', '7.135964', '53.388444')",Geen beperkingen,copyright,,
c7ad4b7e-4cc2-4440-b237-34d3784fa606,service,ISO 19115,WMS,2024-06-11,dut,,Luchtfoto Landelijke Voorziening Beeldmateriaal (2014) WMS,Landelijke voorziening beeldmateriaal; LVB; Beeldmateriaal; Orthofotomozaiek; Orthofoto; Ortho; Luchtfoto; Mozaiek; Hoge resolutie; HR; Luchtbeelden; Lage resolutie; Infrarood,"De orthofotomozaieken zijn een samenstelling van afzonderlijke orthofoto's, in principe van de centrale gedeelten van iedere orthofoto. Daardoor is de omvalling in de mozaieken zo klein mogelijk gehouden. De orthomozaieken zijn landsdekkend.
Binnen de service worden 3 lagen per jaargang aangeboden,
- Hoge resolutie orthofoto onder de naam Ortho10
- Lage resolutie orthofoto (RGB) onder de naam Ortho25 (de opnames van het Waddengebied zijn van 2013)
- Lage resolutie orthofoto (CIR) onder de naam Ortho25IR  (de opnames van het Waddengebied zijn van 2013)",,beheerpdok@kadaster.nl,,,,,"('2.2408', '50.5695', '8.235', '53.6421')",Geen beperkingen (https://creativecommons.org/publicdomain/mark/1.0/deed.nl),otherRestrictions,,
9eabbe5a-d9f4-539e-9d16-f7eca7541894,dataset,ISO 19115,,2001-03-21,dut,28992,Bos en hei 1850 (historie),bos; cultuurhistorie; grondgebruik; natuur,"Historische kaart, situatie rond 1850 van bos, heide/hoogveen, water en stedelijk gebied in Drenthe.",Provincie Drenthe,post@drenthe.nl,,,,Team Gis/Cartografie (Provincie Drenthe),"('6.105', '52.601', '7.109', '53.213')",Geen beperkingen,copyright,,
ffffff85-73b9-59a3-884c-5bcc8995f1ca,dataset,ISO 19115,,2010-11-09,dut,28992,GT (Grondwatertrappen) (historie),bodem; grondwater; grondwatertrap; waterhuishouding,"De GT-kaart, Grondwatertrappen op basis van karteerbare kenmerken. Diepte en dynamiek van de grondwaterstand ten opzichte van het maaiveld wordt sinds jaar en dag aangeduid met grondwatertrappen (GT). Grondwatertrappen worden op de bodemkaarten van nat naar droog aangeduid met de Romeinse cijfers I - VIII en zijn gebaseerd op de gemiddeld hoogste en gemiddeld laagste waterstand (afgekort met GHG en GLG).",Provincie Drenthe,post@drenthe.nl,,,,Team Gis/Cartografie (Provincie Drenthe),"('6.105', '52.601', '7.109', '53.213')",Geen beperkingen,copyright,,
f29210a8-52fa-4684-baa5-77f1edc8271f,dataset,ISO 19115,WMS,2022-05-25,dut,28992,Potentiële invang fijn stof (PM10) door vegetatie,Natuurlijk Kapitaal,"Wat ziet u? Op de kaart is de potentiële invangcapaciteit van vegetatie voor fijnstof (PM10) weergegeven.
Wat is de waarde? Groene vegetaties (vooral opgaande begroeiingen, waar lucht doorheen kan stromen) kunnen fijn stof invangen. Omdat fijnstof vanwege de gezondheidsbedreigende werking een landelijk (en Europees) probleem is, lijken er kansen voor groen om als ecosysteemdienst bij te dragen aan een goede luchtkwaliteit. 
De mate waarin groene vegetaties fijn stof invangen is nog onderwerp van discussie. Het is daarom nog onduideljk of en waar groenelementen gericht kunnen worden ingezet voor bestrijding van fijn stof in Nederland. Er lijken kansen, maar eerst moet er meer duidelijkheid komen over omvang en effect van de werking van de invang door vegetatie.
Voor wie is dit belangrijk? Luchtkwaliteit is belangrijk voor de gezondheid van alle inwoners van Nederland. De kaart kan beleidsmakers en ruimtelijke planners ondersteunen bij de inrichting van de groene ruimte, aanleg van infrastructuur en groene elementen voor verbetering van de luchtkwaliteit. Gezien de onzekerheid in de werking is bij gebruik van de kaart altijd nader onderzoek nodig voor toepassingen op concrete lokaties.",Atlas Natuurlijk Kapitaal,atlasnatuurlijkkapitaal@rivm.nl,,,,,"('3.37087', '50.7539', '7.21097', '53.4658')",http://creativecommons.org/publicdomain/mark/1.0/deed.nl,otherRestrictions,,
d9277067-70c9-4382-af25-9b56beab463a,dataset,ISO 19115,,2024-10-30,dut,28992; 5709,"Omgevingsverordening, Hollandse waterlinies",provinciale verordeningen; cultuurhistorie; cultuurlandschappen; landschapsbescherming,"In het Besluit kwaliteit leefomgeving zijn de erfgoederen van uitzonderlijke universele waarde aangewezen, waaronder de Hollandse Waterlinies die zijn aangewezen als werelderfgoed. De bescherming van de universele waarde van dit werelderfgoed gebeurt bij provinciale verordening. De regels beschermen in ieder geval de erfgoederen bij wijziging van het omgevingsplan. Dit artikel bevat de regels die gemeenten bij hun planvorming in acht moeten nemen.",Provincie Noord-Brabant,geo@brabant.nl,,GEO,,,"('4.853', '51.772', '5.034', '51.827')",,intellectualPropertyRights,,
ffffffdf-c2e0-58df-8229-5307f11e9789,dataset,ISO 19115,WMS; WFS,2022-06-02,dut,28992,Faunaknelpunten - werkkaart,EHS; faunapassages; gemeentewegen,"Inventarisatie van knelpunten die ontstaan doordat gemeentewegen EHS en trekroutes van dieren kruisen. Het gaat om nog op te lossen, deels opgeloste en geheel opgeloste knelpunten. Waar wegen van natuur de wegen van mensen kruisen, kunnen problemen ontstaan. Wegen en kanalen belemmeren de vrije uitwisseling tussen natuurgebieden, padden kunnen tijdens de trek massaal doodgereden worden, dassen verdrinken in kanalen en overstekende reeen zorgen voor gevaarlijke verkeerssituaties of zelfs slachtoffers. Op veel probleemlocaties zijn voorzieningen mogelijk zoals buizen onder de weg door (faunatunnels), geleidende rasters naar een veilige oversteekplaats, verlaagde oevers om weer op de kant te komen of natuurbruggen.",Provincie Drenthe,post@drenthe.nl,,,,Team Gis/Cartografie (Provincie Drenthe),"('6.105', '52.601', '7.109', '53.213')",Geen beperkingen,copyright,,https://kaartportaal.drenthe.nl/server/services/GDB_actueel/GBI_NAT_FAUNAKNELPT_P/MapServer/WFSServer
89567cc1-8516-4ca3-ba88-496879de53c7,dataset,ISO 19115,WFS; WMS,2023-04-24,dut,28992,"Energie uit oppervlaktewater (EOW) | Koude - Gemalen, Stuwen en diepe plassen (Dataset)",bodem; energie; water,"Kunstwerken
Gemalen (en andere kunstwerken) kunnen voorzien worden van warmtewisselaars waarmee koude gewonnen kan worden uit de waterstroom.

Hiermee kan met een kleine investering een zeer hoog koel vermogen worden opgewekt. Deze koude (5 - 9 °C) wordt opgeslagen in het grondwater van de WKO waarmee het in de zomer beschikbaar komt en kan worden ingezet voor koeling voor afnemers van koude in de nabijheid van een kunstwerk. 

Diepe plassen 
Het water van “diepe”plassen (>18 meter) kan worden ingezet voor het duurzaam koelen van gebouwen. Het koude water (4 – 8 °C) uit de diepte van een plas blijft geïsoleerd en biedt hiermee een duurzame bron van koeling.
 
Door deze koude in de zomer op te pompen en in te zetten voor het koelen van gebouwen of processen kan een energiebesparing worden gerealiseerd van 90% voor afnemers van koude in de nabijheid van een diepe plas.

Beschrijving
De dataset beschrijft het economisch winbaar potentieel van thermische energie uit oppervlaktewater ten opzichte van de huidige koudevraag gecorrigeerd voor de bodemopslagcapaciteit voor WKO uitgedrukt in geschiktheidsklassen (matig geschikt, redelijk geschikt, geschikt, zeer geschikt, uitstekend geschikt) van een locatie binnen een straal van 1.000 meter van kunstwerken en diepe plassen.",,klantcontact@rvo.nl,,,,,"('3.1171766051524608', '50.70616274502519', '7.307676276673971', '53.53586301402093')",Geen beperkingen (http://creativecommons.org/publicdomain/zero/1.0/deed.nl),otherRestrictions,,http://www.warmteatlas.nl/geoserver/WarmteAtlas/wfs?request=GetCapabilities&service=WFS
33770ad5-cdc0-4118-9a28-e5bb0737209d,dataset,ISO 19115,WMS,2020-07-06,dut,28992,Bomen Rotterdam,"Bomen, beheer buitenruimte, Rotterdam",Bomensoorten in Rotterdam uit het Beheersysteem Buitenruimte,Gemeente Rotterdam,gis-diensten@rotterdam.nl,,,,,"('4.274575880873941', '51.828677741769695', '4.6397949699965695', '51.966846239284884')",http://creativecommons.org/publicdomain/mark/1.0/deed.nl,otherRestrictions,,
dbb71bea-99b3-4c63-9bcc-67363543d6f6,dataset,ISO 19115,WFS; WMS,2025-03-20,dut,,Zwemwaterplassen kwaliteit 1990-2022 (wijzigen in kwaliteit zwemwateren 1990-2023),wateren; waterlichaam; water; zwemwater (zoet); zwemwater (algemeen),"Zwemwateren zijn als zodanig aangewezen officiële zwemwaterlocaties in oppervlaktewater in de provincie Overijssel. Gedeputeerde Staten wijst jaarlijks, voor aanvang van het zwemseizoen, zwemlocaties aan. De aanwijzing vindt plaats op basis van de Waterwet en Besluit kwaliteit leefomgeving (BKL) via een openbare procedure. Het waterbeheer wordt op deze gebruiksfunctie afgestemd (de zwemfunctie is kader stellend voor andere ontwikkelingen). De provincie ziet toe op de veiligheid en hygiëne van de zwemwaterlocaties in Overijssel en geeft voorlichting over de mogelijkheden en risico’s om te zwemmen. Gebruikers worden ter plekke geïnformeerd over mogelijke bedreigingen en hun invloed daarop via publieksinformatieborden. De informatie is afkomstig uit de betreffende zwemwaterprofielen en/of ervaringen van de afgelopen jaren. De controle van de kwaliteit van het water wordt gemeten en uitgevoerd door de waterkwaliteitsbeheerders. Voor de kwaliteit van de zwemwaterlocaties is de Zwemwaterrichtlijn (ZWR) van 2006 van kracht. Op basis hiervan worden twee parameters de intestinale enterococcen en de E.coli gemeten.  De Kaderrichtlijn Water (KRW) verplicht de lidstaten tot het opnemen van maatregelenprogramma’s in de Stroomgebiedbeheerplannen (SGBP’s) voor de uitvoering van de ZWR. De actuele informatie is te vinden op de website zwemwater.nl",Provincie Overijssel,kennishub@overijssel.nl,,,,,"('6.052', '52.169', '7.063', '52.831')",http://creativecommons.org/publicdomain/mark/1.0/deed.nl,otherRestrictions,,https://services.geodataoverijssel.nl/geoserver/B33_beheer_oppervlaktewater/wfs
5e58716c-d547-5299-9313-8b97d613014f,dataset,ISO 19115,,2015-11-03,dut,28992,"Verdroging, stand van zaken 2015 (historie)",EHS; KRW-N2000; verdroging,"Gebieden binnen de TOP-lijst verdroogde gebieden waar maatregelen worden genomen om de verdroging te bestrijden. Het item ""Status"" geeft de stand van zaken van de aanpak van de uitvoering.",Provincie Drenthe,post@drenthe.nl,,,,Team Gis/Cartografie (Provincie Drenthe),"('6.105', '52.601', '7.109', '53.213')",Geen beperkingen,copyright,,
FEB44D94AC143D26E0441CC1DE40A734,dataset,ISO 19115,,2014-07-21,dut,28992,Oppervlaktewaterlichamen Waterlopen (Omgevingsvisie 2014) (historie),kunstmatige wateren; oppervlaktewater; stromende wateren; water,"Door Provinciale Staten van Drenthe op 2 juli 2014 vastgestelde versie van Waterlopen. De waterlopen (kunstmatige wateren, stromende wateren) maken onderdeel uit van de oppervlaktewaterlichamen uit de Kaderrichtlijn water.",Provincie Drenthe,post@drenthe.nl,,,,Team Gis/Cartografie (Provincie Drenthe),"('6.105', '52.601', '7.109', '53.213')",Geen beperkingen,otherRestrictions,,
ffffffdd-92cf-51e7-84bc-cbb50efd7979,dataset,ISO 19115,,2010-04-28,dut,28992,"Woeste gronden heide (Cultuurhistorisch Kompas en OGV, 2010) (historie)",bouwkunst; cultuurhistorie; cultuurhistorisch kompas; Drents Plateau; historische geografie,"Vlakelementen van de cultuurhistorische hoofdstructuur voor de provincie Drenthe betreffende geselecteerde woeste grond/heicomplexen. De geselecteerde heiden zijn alle duidelijk gerelateerd aan esdorpencomplexen. Geselecteerd zijn de Dwingelderheide, het Hoogeveld bij Hooghalen, het Balloerveld, de Havelterberg, het Doldersummer Veld en het Noordsche Veld.",Provincie Drenthe,post@drenthe.nl,,,,Team Gis/Cartografie (Provincie Drenthe),"('6.105', '52.601', '7.109', '53.213')",Geen beperkingen,copyright,,
7B40133214B7456CE053D2041EACD771,dataset,ISO 19115,WMS; WFS,2022-06-01,dut,28992,Hemelhelderheidskaart,locaties,"Hemelhelderheid Drenthe met kasverlichting gedoofd (2015-2016). De grootheid luminantie (helderheid) kent verschillende eenheden en die worden in de kaart weergegeven. De eenheid candela per vierkante meter is de eenheid die verlichtingsdeskundigen gebruiken om te meten hoeveel licht ergens op straalt. De gebruikte eenheid mcd/m2 is een duizendste cd/m2. De eenheid magnitude wordt gebruikt door sterrenkundigen. Hoe helderder de hemel, hoe hoger het getal in candela per vierkante meter, hoe meer licht er van de hemel komt.",Provincie Drenthe,post@drenthe.nl,,,,Team Gis/Cartografie (Provincie Drenthe),"('6.105', '52.601', '7.109', '53.213')",Geen beperkingen,otherRestrictions,,https://kaartportaal.drenthe.nl/server/services/GDB_actueel/GBI_MILIEU_HEMELHELDERHEID_V/MapServer/WFSServer
f59a886c-9f34-4ffc-a24e-fe65d12dfade,dataset,ISO 19115,,2020-10-08,dut,28992,Basiskaart Aquatisch: de Watertypenkaart 2013,water; watertypen; oppervlaktewater,"De basiskaart aquatisch watertypen is een gedetailleerde dataset met de ligging van het Nederlandse oppervlaktewater. Bij alle oppervlaktewateren is aangegeven wat voor type water het is. Van de wateren die in de Kaderrichtlijn Water (KRW) zijn aangewezen als waterlichaam zijn tevens de kenmerken van het waterlichaam opgenomen. Deze dataset is gebaseerd op de TOP10NL kaart met een nauwkeurigheid van 1:10.000. Daarmee is deze kaart een zeer nauwkeurige kaart van het Nederlandse water, heeft deze kaart een landsdekkende indeling in watertypen en een koppeling met de Kaderrichtlijn Water. PBL Planbureau voor de Leefomgeving.",PBL Planbureau voor de Leefomgeving,data@pbl.nl,,Geoloket,,,"('3.047', '50.67', '7.276', '53.612')",Geen beperkingen,otherRestrictions,,
ffffff9c-2011-5dc7-b3ec-a6b2dd4e8fd3,dataset,ISO 19115,,2011-01-01,dut,28992,"Es (archeologie) (OGV, 2010) (historie)",omgevingsvisie,"Es (archeologie) (OGV, 2010), kaart 2E (Omgevingsvisie).",Provincie Drenthe,post@drenthe.nl,,,,Team Gis/Cartografie (Provincie Drenthe),"('6.105', '52.601', '7.109', '53.213')",Geen beperkingen,otherRestrictions,,
2436ba1d-bf8e-4e57-a95b-6b7b0fc7a3b9,dataset,ISO 19115,WMS,2025-02-19,dut,28992,Luchtfoto 2015 Gemeente Koggenland,WMS; GEOSERVER; Luchtfoto,Luchtfoto 2015 Gemeente Koggenland,Gemeente Koggenland,geo@koggenland.nl,,,,,"('4.8433', '52.584', '5.0565', '52.7112')",Geen beperkingen,otherRestrictions,,
84603264-580b-59a5-994b-6982ae4123a4,dataset,ISO 19115,,2009-01-13,dut,28992,"Buisleiding, hoofd (historie)",buisleiding; landschap; ruimtelijke ordening,"Hoofdbuisleidingen voor gastransport (bestaand of gepland). 
Streekplan Drenthe, kaart A.5.7.",Provincie Drenthe,post@drenthe.nl,,,,Team Gis/Cartografie (Provincie Drenthe),"('6.105', '52.601', '7.109', '53.213')",Geen beperkingen,copyright,,
d789ceee-4998-4972-bedc-684d3b996991,dataset,ISO 19115,,2025-07-01,eng,,Clouds - height and coverage at a 10 minute interval,Cloudbase; Cloudcoverage; 10 minutes; Netherlands; Bonaire; Sint Eustatius; Saba; Archive; Open data,This dataset is constructed using measurements of cloudheight-sensors and a algorithm for coverage. The dataset is neither validated nor are missing values completed.,Koninklijk Nederlands Meteorologisch Instituut (KNMI),opendata@knmi.nl,,,,Koninklijk Nederlands Meteorologisch Instituut (KNMI); Koninklijk Nederlands Meteorologisch Instituut (KNMI); Koninklijk Nederlands Meteorologisch Instituut (KNMI),"('-68.275833', '12.13', '6.890833', '55.399167')",https://creativecommons.org/licenses/by/4.0/deed.nl,otherRestrictions,,
FEB44D94AC343D26E0441CC1DE40A734,dataset,ISO 19115,,2014-07-21,dut,28992,Geluidsportcentrum  (Omgevingsvisie 2014) (historie),geluidsport; lawaaisport; motorsport; omgevingsvisie,"Door Provinciale Staten  van Drenthe op 2 juli 2014 vastgestelde versie van Geluidsportcentrum. Deze kaart geeft de ligging van de locaties van 3 geluidssportcentra (Assen, Nieuw-Roden en Emmen) en 2 motorsportterreinen (Zuidwolde en Westerbork) aan, waar geluidsport onder voorwaarden is toegestaan. Met uitzondering van Westerbork vallen de andere 4 locaties onder de noemer gezoneerd bedrijventerrein. Komt voor in kaart 3: Milieu- en leefomgevingskwaliteit.",Provincie Drenthe,post@drenthe.nl,,,,Team Gis/Cartografie (Provincie Drenthe),"('6.105', '52.601', '7.109', '53.213')",Geen beperkingen,otherRestrictions,,
60f286cd-11bd-4ad7-81d2-9c1ebc1f491e,dataset,ISO 19115,,2019-03-19,dut,,Copernicus Change layer indicating if the percentage of sealing increase or decrease for the period 2006 – 2009,Bodemgebruik; Landgebruik,"Copernicus Land monitoring services – Gedetailleerde bodembedekkings kenmerken voor het referentiejaar 2006 (hoge resolutie): deel 1 – Ondoorlatendheid en veranderingen in ondoorlatendheid voor de EEA39. Herberekening van ondoorlatendheid en veranderingen in ondoorlatendheid producten voor de jaren 2006, 2009 en 2012. Ruimtelijke resolutie 20*20m .

«Data was produced with funding by the European Union. Copyright Copernicus Programme»
DISCLAIMER: Wageningen Environmental Research has undertaken to distribute the data on behalf of EEA under Specific Contract No 3436/R0-Copernicus/EEA.56950 implementing Framework service contract No EEA/IDM/R0/16/009/Netherlands. Wageningen Environmental Research accepts no responsibility or liability whatsoever with regard to the content and use of these data. 
The European Environment Agency accepts no responsibility or liability whatsoever with regard to the information on this site and the information does not necessarily reflect the official opinion of the EEA or other European Communities bodies and institutions.",Wageningen Environmental Research,gerard.hazeu@wur.nl,,,,Wageningen Environmental Research; Wageningen Environmental Research,"('3.2', '50.75', '7.22', '53.7')",,copyright,,
858CFECC3A364638E053D2041EAC26AA,dataset,ISO 19115,WMS; WFS,2022-06-02,dut,28992,Provinciale Omgevingsverordening 2018 - Windenergie specifieke afspraken,locaties,Deze kaartlaag maakt onderdeel uit van de op 3 oktober 2018 vastgestelde versie van de Provinciale Omgevingsverordening Drenthe. (Bijgevoegde kaart D10).,Provincie Drenthe,post@drenthe.nl,,,,Team Gis/Cartografie (Provincie Drenthe),"('6.105', '52.601', '7.109', '53.213')",Geen beperkingen,otherRestrictions,,https://kaartportaal.drenthe.nl/server/services/GDB_actueel/GBI_POV18_WINDZOEKGEBIED_V/MapServer/WFSServer
7f4d70ee-df19-4613-bd4a-1b5b369c421a,dataset,ISO 19115,WFS; WMS,2022-04-29,dut,,Werkingsgebied - Cultureel Erfgoed - provinciale monumenten,ruimtegebruik; ruimtelijke ordening,"Deze werkingsgebied maakt onderdeel uit van Omgevingsverordening NH2020, vastgesteld op 16-11-2020 (besluitnr.: 1477251/1478383). Het plan is te raadplegen op ruimtelijkeplannen.nl via deze link:  https://www.ruimtelijkeplannen.nl/viewer/view?planidn=NL.IMRO.9927.POVPNH-VG01  Meer informatie over deze werkingsgebied is te lezen in artikel(en): 4.57 t/m 4.59",Provincie Noord-Holland,kaartendata@noord-holland.nl,,,,,"('4.564', '52.207', '5.304', '52.956')",Geo Gedeeld licentie (http://creativecommons.org/publicdomain/mark/1.0/deed.nl),otherRestrictions,,https://geoservices.noord-holland.nl/ags/services/oi_dataservice_povnh2020/MapServer/WFSServer?request=GetCapabilities&service=WFS
1cf4e7b4-6dc4-4832-8fff-613e93314b44,dataset,ISO 19115,WFS; WMS,2018-04-11,dut,28992,Peilbuis,peilbuis; grondwaterpeil; grondwaterstand; meetpunt,"Een peilbuis is een buis met één geperforeerd deel, die in de bodem wordt geplaatst om de stijghoogte van het grondwater (zowel van het freatisch vlak als van diepere stijghoogten) vast te stellen, of voor bewaking van de kwaliteit en kwantiteit van het grondwater. Het geperforeerde gedeelte wordt ook wel het filterdeel genoemd en is in de regel 1 à 2 meter lang. Afhankelijk van het doel van het onderzoek wordt het filter onder de grondwaterspiegel of snijdend ten opzichte van de grondwaterspiegel geplaatst. Met een snijdend filter kan een drijflaag met oliebestanddelen opgespoord worden. Een peilbuis kan gemaakt zijn van onder andere PVC, HDPE. Herkomst definitie: Wikipedia",Waterschap Hunze en Aa's,gis_info@hunzeenaas.nl,,,,Waterschap Hunze en Aa's; Waterschap Hunze en Aa's,"('6.274500417904351', '52.6482562858353', '7.570597529185045', '53.47291066142737')",Geen beperkingen,otherRestrictions,,https://opendata.hunzeenaas.nl/geoserver/wfs
ffffffe8-26c7-5e60-963a-8e2c31438be2,dataset,ISO 19115,,2016-04-18,dut,28992,"Natuurbeheerplan 2017, Agrarisch zoekgebied (historie)",agrarisch; EHS; gebiedsplan; landbouw; landschap; landschapsbeheer; natuur; natuurbeheer; particulier; SNL; subsidie,"Sinds 1 januari 2010 geldt de nieuwe SNL-regeling (Subsidiestelsel Natuur- en Landschapsbeheer) voor natuur-agrarisch en natuur- en landschapsbeheer. Op basis van deze regeling heeft de provincie Drenthe het Natuurbeheerplan 2017 gemaakt. Voor het onderdeel agrarisch natuur- en landschapsbeheer soms gekoppeld aan zoekgebieden. Inrichting en functieverandering (kwaliteitsimpuls) loopt per 1 januari 2010, zowel voor agrarisch natuurbeheer als natuurbeheer via de PMJP. Dit thema heeft betrekking op het eventueel toekennen van subsidie voor Agrarisch Natuur Beheer.",Provincie Drenthe,post@drenthe.nl,,,,Team Gis/Cartografie (Provincie Drenthe),"('6.105', '52.601', '7.109', '53.213')",Geen beperkingen,otherRestrictions,,
d04b7448-183b-5743-a67d-bfdc84dca1e2,dataset,ISO 19115,,2015-11-12,dut,28992,Provinciale Omgevingsverordening 2015 - Bodemenergie diepte formatie van Breda (historie),POV,Deze kaartlaag maakt onderdeel uit van de op 23 september 2015 vastgestelde versie van de Provinciale Omgevingsverordening Drenthe. (Bijbehorende kaart C3).,Provincie Drenthe,post@drenthe.nl,,,,Team Gis/Cartografie (Provincie Drenthe),"('6.105', '52.601', '7.109', '53.213')",Geen beperkingen,otherRestrictions,,
1de30473-267e-5e13-9eff-d63f9de3270b,dataset,ISO 19115,WMS; WFS,2022-06-02,dut,28992,Habitatrichtlijnsoorten Natura 2000,dieren; instandhoudingsdoel; Natuurbeschermingswet 1998; planten,"De diersoorten of planten in de Natura 2000-gebieden, waarvoor een instandhoudingsdoelstelling is opgenomen. Het betreft een doelstelling voor het leefgebied of populatie, waarvoor het gebied geschikt moet zijn. Een voorbeeld is het verbeteren en uitbreiden van het leefgebied voor de kamsalamander.",Provincie Drenthe,post@drenthe.nl,,,,Team Gis/Cartografie (Provincie Drenthe),"('6.105', '52.601', '7.109', '53.213')",Geen beperkingen,copyright,,https://kaartportaal.drenthe.nl/server/services/GDB_actueel/GBI_NAT_RICHTLIJNSOORTEN_N2000_V/MapServer/WFSServer
72e2eb9b-45ea-4069-9901-dedade1ce436,dataset,ISO 19115,WMS; WFS,2023-12-28,dut,,Gereserveerd tracé wegverbinding (Omgevingsverordening),INFRASTRUCTUUR; PROVINCIALE WEGEN; WEGEN; PROVINCIALE VERORDENINGEN; RUIMTELIJKE ORDENING; OMGEVINGSWET; Downloadable Data,Dit bestand bevat gereserveerde tracés van provinciale wegen zoals vastgesteld in de Omgevingsverordening provincie Groningen. In deze Omgevingsverordening hebben wij de tracés voor de nieuwe wegverbindingen of verbetering van bestaande wegverbindingen opgenomen.,Provincie Groningen,geoportaal@provinciegroningen.nl,,,,Datateam Beleid (Provincie Groningen),"('6.421284', '53.16039', '6.900647', '53.315936')",Geen beperkingen (https://creativecommons.org/publicdomain/mark/1.0/deed.nl),otherRestrictions,,https://geoservices.provinciegroningen.nl/server/services/Beleidsplannen/Omgevingsverordening/MapServer/WFSServer?request=GetCapabilities
3558ed23-613f-4f05-aee4-0c2aa42c0dd3,dataset,ISO 19115,,2018-07-10,dut,,Afvalcontainers gemeente Heemstede,Menselijke gezondheid en veiligheid; Afvalcontainers; Heemstede,"Deze dataset bevat de locaties van alle afvalcontainers binnen de gemeente Heemstede. 
Naast de locatie heeft elk record een ID, categorie, locatie omschrijving en een X- en Y-coordinaat. 
De dataset wordt maandelijks bijgewerkt, tenzij er geen wijzigingen zijn doorgevoerd in de brondata.",Gemeente Heemstede,Postbusgeo@heemstede.nl,,,,,"('4.587085259556759', '52.323040153937995', '4.643633375225596', '52.36538145666808')",Geen beperkingen,otherRestrictions,,
85bb8b41-0fab-55a3-96f5-3b00bb4e9523,dataset,ISO 19115,,1999-08-24,dut,28992,Regeling onderhoud landschapselement (historie),landschap,-,Provincie Drenthe,post@drenthe.nl,,,,Team Gis/Cartografie (Provincie Drenthe),"('6.105', '52.601', '7.109', '53.213')",Geen beperkingen,copyright,,
1872cd71-faea-448a-b005-00d6e6a8e28d,dataset,ISO 19115,WMS; WFS,2023-12-28,dut,,Leefgebieden weidevogels (Omgevingsverordening),WEIDEVOGELS; AGRARISCH NATUURBEHEER; LEEFGEBIEDEN; PROVINCIALE VERORDENINGEN; AGRARISCHE BEDRIJVEN; OMGEVINGSWET; Downloadable Data,"Dit bestand bevat leefgebieden weidevogels zoals vastgesteld in de Omgevingsverordening provincie Groningen. In deze Omgevingsverordening hebben wij regels opgenomen ter bescherming van  weidevogels en concentreren onze beschermingsmaatregelen daarbij op de gebieden waar nog levenskrachtige populaties weidevogels voorkomen, de zogenaamde leefgebieden. Het weidevogelbeheer wordt georganiseerd door samenwerkingsverbanden van boeren (de agrarische collectieven).",Provincie Groningen,geoportaal@provinciegroningen.nl,,,,Datateam Beleid (Provincie Groningen),"('6.188767', '53.116301', '6.902529', '53.39176')",Geen beperkingen (https://creativecommons.org/publicdomain/mark/1.0/deed.nl),otherRestrictions,,https://geoservices.provinciegroningen.nl/server/services/Beleidsplannen/Omgevingsverordening/MapServer/WFSServer?request=GetCapabilities
2458a947-6eaa-5051-bb59-8d0271cbb1c2,dataset,ISO 19115,,1997-07-07,dut,28992,Weerstandbiedende laag (historie),bodem; water,"Weerstandbiedende lagen in de ondergrond (zie Werkboek Waterhuishoudingsplan, 1992).",Provincie Drenthe,post@drenthe.nl,,,,Team Gis/Cartografie (Provincie Drenthe),"('6.105', '52.601', '7.109', '53.213')",Geen beperkingen,copyright,,
2c696bfb-9a8f-40e8-a533-dbf633aca022,dataset,ISO 19115,WMS; WFS,2025-03-14,dut,28992,BO_Kunstwerken,BO; Beheer en onderhoud; beheer; onderhoud; VVW; kunstwerk; kunstwerken; stuw; inlaat; aflaat; gemaal; sluis; bodemval; voorde; duiker; brug; steiger; vispassage; zakput; vuilvang; Spotmaster; maaibeheer,"Beheer en onderhoud, kunstwerken. Deze data wordt gebruikt door de applicatie van Spotmaster voor het maaibeheer. Naast deze data zijn er nog 5 andere tabellen die gebruikt worden voor de maaibeheer applicatie van Spotmaster: BO_Districsgrens, BO_Handwerk_Rayon, BO_Productiemeting, BO_Poductieming_vlak en BO_Rayon.",waterschap Hunze en Aa's,gisinfo@hunzeenaas.nl,,,,waterschap Hunze en Aa's; waterschap Hunze en Aa's,"('6.43349812', '52.66674608', '7.29043172', '53.40660815')",Geen beperkingen,otherRestrictions,,https://opendata.hunzeenaas.nl/geoserver/wfs
b9891800-8216-4674-bfce-7777edf979f2,dataset,ISO 19115,,2019-12-19,,,LGN3 Monitoringsbestand,Landbouw; Landgebruik; Orthobeeldvorming,"Het LGN3-monitoringsbestand is een rasterbestand met een resolutie van 25 meter. Dit  bestand biedt de mogelijkheid om veranderingen in landgebruik, die in de periode 1995-2000 hebben plaatsgevonden, op een eenvoudige en betrouwbare manier op te kunnen sporen.",Wageningen Environmental Research,geodesk@wur.nl,,,,GeoDesk (Wageningen Environmental Research); Gerard Hazeu (Wageningen Environmental Research (Alterra)),"('3.37087', '50.7539', '7.21097', '53.4658')",Copyrighthouder: Wageningen Environmental Research (Alterra),copyright,,
FEB44D94AC083D26E0441CC1DE40A734,dataset,ISO 19115,,2014-07-21,dut,28992,Harde grens stad en land (Omgevingsvisie 2014) (historie),cultuurhistorische waarden; grenzen; landschappelijke waarden; omgevingsvisie; ruimtelijke kwaliteit,"Door Provinciale Staten van Drenthe op 2 juli 2014 vastgestelde versie van Harde grens stad en land.Op kaart 2B: Kernkwaliteit landschap,  is bij de stadsranden van Assen, Hoogeveen en Meppel een harde grens tussen stad en land getrokken. Daar grenzen de steden aan landschappelijke en cultuurhistorische waarden. De Drentsche Aa (Assen), het Oude Diep (Hoogeveen) en de Reest (Meppel) zijn iconisch voor de ruimtelijke kwaliteit van Drenthe. Deze waarden wil provincie Drenthe behouden en versterken.",Provincie Drenthe,post@drenthe.nl,,,,Team Gis/Cartografie (Provincie Drenthe),"('6.105', '52.601', '7.109', '53.213')",Geen beperkingen,otherRestrictions,,
f2d2cd9d-7410-485a-95e0-c1b885243eaf,service,ISO 19115,WMS,2025-04-14,dut,,EEZ volgens UNCLOS - Noordzee - Viewservice,infoMapAccessService,Exclusieve Economische Zone van Nederland,"Ministerie van Defensie, Koninklijke Marine, Dienst der Hydrografie",niet beschikbaar,,,,"Ministerie van Defensie, Koninklijke Marine, Dienst der Hydrografie; Ministerie van Defensie, Koninklijke Marine, Dienst der Hydrografie","('-6.1974', '48.9871', '11.3447', '56.9741')",Geen beperkingen (http://creativecommons.org/publicdomain/mark/1.0/deed.nl),otherRestrictions,,
ffffffc7-3237-5a5e-b43c-6ae0dc089c61,dataset,ISO 19115,,2011-01-01,dut,28992,"Lofar (globale zonering) (OGV, 2010) (historie)",omgevingsvisie,"Door Provinciale Staten van Drenthe is op 2 juni 2010 de Omgevingsvisie vastgesteld. Op  bijbehorende kaart 1 (Visiekaart) wordt de globale zonering aangegeven. LOFAR (Low Frequency Array) doet metingen op lage frequenties. Ongeveer 7.000 kleine antennes vangen signalen op uit de ruimte. De signalen worden verwerkt door een supercomputer tot beelden die bestudeerd worden door astronomen. De antennes staan in clusters opgesteld in het centrale LOFARgebied van 400 hectare tussen Exloo en Buinen en op ongeveer achttien antennevelden (circa twee hectare) verspreid over Friesland, Groningen, Drenthe en Overijssel.",Provincie Drenthe,post@drenthe.nl,,,,Team Gis/Cartografie (Provincie Drenthe),"('6.105', '52.601', '7.109', '53.213')",Geen beperkingen,otherRestrictions,,
1b960b7e-3019-5460-b9a6-fb4197d83f99,dataset,ISO 19115,,2011-01-01,dut,28992,"Functiekaart Drenthe (OGV, 2010) (historie)",grondgebruik; omgevingsvisie,"Functieindeling van Drenthe, waar het gaat om grondgebruik ""Natuur"", ""Landbouw"", ""Multifunctioneel""en overige functies (Omgevingsvisie, kaart 1).",Provincie Drenthe,post@drenthe.nl,,,,Team Gis/Cartografie (Provincie Drenthe),"('6.105', '52.601', '7.109', '53.213')",Geen beperkingen,otherRestrictions,,
6eafac71-b2c4-42a6-be65-3f97510081a7,dataset,ISO 19115,WMS; WFS,2024-05-01,dut,28992,Grafheuvels,,"Een grafheuvel is een heuvel, opgeworpen met heideplaggen, graszoden of kleischollen, boven het graf van een overledene. Het aanleggen van dergelijke grafmonumenten kent een lange traditie, vanaf het laat-neolithicum (ca. 2900 v.Chr.) tot in de Romeinse tijd. 
In de database ‘grafheuvels’ zijn ca. 3000 heuvels opgenomen. Het gaat veelal om landmeetkundig ingemeten heuvellichamen, gelegen op terreinen die wettelijk zijn beschermd. De kaart biedt een dynamisch beeld, want regelmatig worden er nieuwe grafheuvels ontdekt. Vooral bestudering van het Actueel Hoogtebestand Nederland levert nog onbekende heuvels in het landschap op. Of het daadwerkelijk gaat om aarden heuvels die oudtijds zijn opgeworpen (en geen stuifheuvels) kan door middel van een veldtoets worden achterhaald.",Rijksdienst voor het Cultureel Erfgoed,info@cultureelerfgoed.nl,,,,InfoDesk (Rijksdienst voor het Cultureel Erfgoed),"('3.1089', '50.7165', '7.4482', '53.5016')",Geen beperkingen (https://creativecommons.org/publicdomain/zero/1.0/deed.nl),otherRestrictions,,https://services.rce.geovoorziening.nl/landschapsatlas/wfs?&request=GetCapabilities
ffffff88-bcfe-5ae9-8020-20473488400b,GIS dataset,ISO 19115,WMS; WFS,2024-02-09,dut,28992,Provinciale Omgevingsverordening 2023 - Bestaand stedelijk gebied,locaties; omgevingsverordening; stedelijk gebied,Kaart van het bestaand stedelijk gebied in Drenthe.,Provincie Drenthe,post@drenthe.nl,,,,Team Gis/Cartografie (Provincie Drenthe),"('6.105', '52.601', '7.109', '53.213')",Geen beperkingen,otherRestrictions,,https://kaartportaal.drenthe.nl/server/services/GDB_actueel/GBI_POV2023_BESTAANDSTEDGEBIED_V/MapServer/WFSServer
ffffffc7-29d9-572a-8823-1bcfa89cb4d4,dataset,ISO 19115,,2024-10-01,dut,28992,"Natuurbeheerplan 2023, Beheertypenkaart (historie)",agrarisch; EHS; gebiedsplan; landbouw; landschap; landschapsbeheer; natuur; natuurbeheerplan; particulier; SNL; subsidie,"Sinds 1 januari 2010 geldt de nieuwe SNL-regeling (Subsidiestelsel Natuur- en Landschapsbeheer) voor natuur-agrarisch natuur- en landschapsbeheer. Op basis van deze regeling heeft de provincie Drenthe het Natuurbeheerplan 2023 gemaakt. Voor het onderdeel agrarisch natuur- en landschapsbeheer soms gekoppeld aan zoekgebieden. Inrichting en functieverandering (kwaliteitsimpuls) loopt per 1 januari 2010, zowel voor agrarisch natuurbeheer als natuurbeheer via PMJP. Dit thema heeft betrekking op het eventueel toekennen van natuursubsidie (SN-pakketten).",Provincie Drenthe,post@drenthe.nl,,,,Team Gis/Cartografie (Provincie Drenthe),"('6.0531', '52.5451', '7.2431', '53.2683')",Geen beperkingen,otherRestrictions,,
ffffff88-a5a9-5441-8565-02c7ecc6d065,dataset,ISO 19115,WMS; WFS,2022-06-01,dut,28992,Veenkartering,bodem; veen; veenafname; veenbegindiepte; veenkartering; water,Kaart geeft aan waar de veengronden zijn verdwenen.,Provincie Drenthe,post@drenthe.nl,,,,Team Gis/Cartografie (Provincie Drenthe),"('6.105', '52.601', '7.109', '53.213')",Geen beperkingen,copyright,,https://kaartportaal.drenthe.nl/server/services/GDB_actueel/GBI_MILIEU_BODEM_VEENKARTERING_V/MapServer/WFSServer
7d214670-b0f1-488f-8aad-1ef525601244,dataset,ISO 19115,WMS; WFS,2021-03-11,dut,,Buitengebied (Omgevingsvisie 2016-2020),STRUCTUURPLANNEN; BUITENGEBIEDEN; INRICHTINGSPLANNEN; LANDSCHAPSONTWIKKELING; LANDELIJKE GEBIEDEN; Downloadable Data,"Dit bestand bevat het buitengebied zoals vastgesteld in de Omgevingsvisie provincie Groningen 2016-2020.  Onder het buitengebied verstaan wij die gebieden die buiten stedelijke gebieden liggen en een overwegend agrarische-, natuur- en recreatieve functie hebben.  Omdat de inrichting van het buitengebied zowel vitaal als duurzaam dient te zijn, is daarnaast zuinig ruimtegebruik een belangrijk uitgangspunt. Hiervoor hebben wij regels opgenomen in de Omgevingsverordening.",Provincie Groningen,geoportaal@provinciegroningen.nl,,,,Afdeling iNFO (Provincie Groningen),"('6.158', '52.837', '7.245', '53.582')",Geen beperkingen (https://creativecommons.org/publicdomain/mark/1.0/deed.nl),otherRestrictions,,https://geoservices.provinciegroningen.nl/server/services/Beleidsplannen/Omgevingsvisie/MapServer/WFSServer?request=GetCapabilities
f5e3a9ae-aec2-4060-ba4e-67e3d0786943,dataset,ISO 19115,WMS; WFS,2024-05-02,dut,28992,Irrigatiewater - Locatie beregeningsonttrekkingen uit grondwater en oppervlaktewater,grondwater; beregening; landbouw; watervoorziening,"De kaartenset ‘irrigatiewater’ bestaat uit een combinatie van de volgende drie kaartlagen:
                    •	5a: Effect van beregeningsonttrekkingen op grondwaterkwel (indicator voor effect van gebruik van deze ecosysteemdienst, op de ecosysteemdiensten ‘water voor terrestrische natuur’ en ‘water voor aquatische natuur’).
                    •	5b (deze kaart): Locatie beregeningsonttrekkingen uit het grondwater (indicator voor gebruik/flow)
                    •	5c: Vermeden reductie van gewasverdamping als gevolg van beregening (indicator voor effect van gebruik van deze ecosysteemdienst op landbouwproductie).

                    Kaart 5a en 5b zijn bedoeld om gecombineerd te bekijken. De puntlocaties (5b) geven aan waar de onttrekkingen plaatsvinden (schatting op basis van het NHI) en kaart 5a toont de effecten op grondwaterkwel. Bij uitzoomen zullen alleen de onttrekkingslocaties zichtbaar zijn. Na inzoomen op een specifiek gebied, wordt het onderliggende effect van de onttrekkingen zichtbaar.

                    Kaart 5c en 5b zijn bedoeld om gecombineerd te bekijken. De puntlocaties (5b) geven aan waar de onttrekkingen plaatsvinden (schatting op basis van het NHI) en kaart 5c toont de vermeden verdampingsreductie. Bij uitzoomen zullen alleen de onttrekkingslocaties zichtbaar zijn. Na inzoomen op een specifiek gebied, wordt het onderliggende effect van de irrigatie zichtbaar.

                    Kaart 5a toont het effect van grondwateronttrekkingen ten behoeve van beregening op grondwaterkwel in Zuid- en Oost-Nederland. Het effect op grondwaterkwel is gekozen als indicator voor het effect van gebruik van deze ecosysteemdienst op twee andere ecosysteemdiensten: ‘water voor terrestrische natuur’ en ‘water voor aquatische natuur’. Dit effect is vooral van belang in Zuid- en Oost-Nederland, waar de meeste beregening uit grondwater plaatsvindt en kwel naar beekdalen een belangrijke rol speelt. De kaart met grondwaterkwel toont zowel de afname van kwel (in mm per dag) als gebieden waar kwel geheel verdwijnt door de beregeningsonttrekkingen en omslaat naar infiltratie.
                    Kaart 5b (deze kaart) toont de ligging van beregeningsonttrekkingen in Nederland die aan het effect ten grondslag ligt en dient als ondersteuning van de interpretatie van de effectkaarten (5a en 5c).
                    Kaart 5c toont de vermeden verdampingsreductie als gevolg van beregening. Landbouwgewassen worden beregend met als doel de gewassen altijd van genoeg water te voorzien om optimaal te groeien. Gewassen verdampen in dat geval ook maximaal (ook wel ‘potentiele gewasverdamping’ genoemd), terwijl reductie van verdamping optreedt wanneer gewassen niet voldoende water beschikbaar hebben (‘actuele gewasverdamping’). Kaart 5c is daarmee een goede maat voor de effectiviteit van beregening. Om de getallen in perspectief te zetten: een gewas verdampt in Nederland tijdens het groeiseizoen ongeveer 300 mm per jaar.

                    Belangrijkste boodschap bij de kaart:
                    Beregeningsonttrekkingen vinden plaats in relatieve korte perioden in het jaar (droge zomers, perioden met vochttekort in de wortelzone van gewassen), maar bereiken gezamenlijk een flinke omvang. Deze omvang is ’s zomers vergelijkbaar met die van de grote drinkwateronttrekkingen. De effecten zijn daarom ook niet gering en kunnen grote effecten hebben op andere ecosysteemdiensten, zoals drinkwatervoorziening en water voor terrestrische en aquatische natuur. Als deze ecosysteemdiensten maken namelijk gebruik van dezelfde watervoorraad. Onttrekking van grondwater zorgt, via verlaging van grondwaterstanden en stijghoogte, bijvoorbeeld voor afname van grondwaterkwel en daarmee basisafvoer in beken en verminderde beschikbaarheid van water van goede kwaliteit voor natte natuurgebieden.

                    Uitgebreidere toelichting
                    Beregeningswater wordt zowel onttrokken uit grondwater als uit oppervlaktewater. Het percentage dat uit grondwater wordt onttrokken varieert tussen ca. 80 en 65% van het irrigatiewater voor respectievelijk droge en natte jaren (Hoogeveen e.a., 2003) Veel provincies verplichten gebruik van oppervlaktewater. Steeds vaker wordt echter grondwater als alternatief genoemd, zeker in droge perioden. In gebieden waar gewassen worden verbouwd die gevoelig zijn voor bruinrot en ringrot, zoals aardappelen, is irrigatie uit oppervlaktewater verboden en is grondwater het enige alternatief.

                    Onttrekking van grondwater en oppervlaktewater ten behoeve van irrigatie gebeurt voornamelijk in perioden met een neerslagtekort. Beregening vindt dan plaats om het vochttekort in de wortelzone aan te vullen, ten behoeve van agrarische productie. In gebieden met fruitteelt wordt soms beregening uit grondwater ook toegepast om vorstschade aan bloesem in het vroege voorjaar te voorkomen.

                    Meerdere ecosysteemdiensten maken gebruik van dezelfde watervoorraad. Voor beregening is het van belang dat voldoende oppervlaktewater of grondwater op beperkte diepte aanwezig is. De capaciteit van deze voorraden neemt af door beregeningsonttrekkingen, waardoor deze ook voor andere ecosysteemdiensten, zoals water voor drinkwater en industrie, water voor waterafhankelijke natuurgebieden en watervoerendheid en waterkwaliteit van beken afneemt (figuur 1).
                    Beregeningsonttrekkingen hebben op zowel het oppervlaktewater- als het grondwatersysteem effect. Directe onttrekking uit het oppervlaktewater verlaagt de, in deze perioden reeds lage, beekafvoer waarvan waternatuur afhankelijk is. Onttrekking van grondwater zorgt, via verlaging van grondwaterstanden en stijghoogte, voor afname van zowel grondwaterkwel als beekafvoer. Vooral in droge perioden is deze kwel in de beek de belangrijkste bron voor beekafvoer en afname van kwel betekent een directe afname van de afvoer van beken. Veel natte natuurgebieden zijn afhankelijk van kwel omdat het zorgt voor (permanent) natte condities (hoge grondwaterstanden) en een bijzondere kwaliteit (bijvoorbeeld kalkrijk). Afname van kwel leidt tot een verslechtering van deze standplaatscondities voor de vaak bijzondere vegetatie in kwelafhankelijke natuurgebieden.

                    Boeren investeren steeds meer in het beregenen van landbouwgrond. Het potentieel te beregenen areaal open landbouwgrond (dus zonder glastuinbouw) is de afgelopen jaren gestegen van 18 procent in 2003 naar 26 procent in 2010. Het deel van de landbouwgrond dat daadwerkelijk beregend werd is zelfs harder gestegen. In de periode 2002-2009 is het beregende areaal verdubbeld (Bron: CBS).
                    Met name in de provincies Noord-Brabant, Limburg, Flevoland en de kop van Noord-Holland wordt een groot areaal beregend. Onderzoek in Noord-Brabant toont aan dat de vraag naar irrigatiewater evenredig toeneemt met het neerslagtekort. In de provincie Noord-Brabant is de ruimtelijke spreiding van het effect van irrigatieonttrekkingen op de grondwaterstijghoogte veel groter dan het effect op de freatische grondwaterstand. Dit komt door de aanwezigheid van weerstandbiedende lagen op geringe diepte (figuur 2).

                    De omvang van de beregeningsonttrekkingen uit het grondwater kan in de zomerperiode een omvang bereiken gelijk aan die van alle drinkwaterwinningen samen (Kuijper e.a., 2012). Deze grote hoeveelheid die in een korte tijd wordt onttrokken, zorgt voor zeer sterke effecten. Figuur 3 toont een meting van het zogenaamde ELS-effect ( Extreem-Lage-Standen). Dit treedt op door beregeningsonttrekkingen in het grondwater en is op veel plaatsen in Noord-Brabant gemeten. Tijdens de beregeningsperiode neemt de kwel en basisafvoer sterk af. Voor veel gebieden verdwijnt de kwel zelfs (Figuur 3) en dit vindt juist plaats tijdens droge periodes waarin ook terrestrische en aquatische natuur water nodig heeft. Na het stoppen van beregening herstelt het watersysteem zich weer gedeeltelijk (zie Figuur 3). In de hoger gelegen infiltratiegebieden treden echter structurele dalingen van de freatische grondwaterstand als gevolg van beregeningsonttrekkingen uit het grondwater.


                    Herkomst:
                    Kaart 5a Effect op grondwaterkwel: Deze kaartlaag (gridfile) is berekend met het Nationaal Hydrologisch Instrumentarium (NHI) versie 3.0.2.
                    Kaart 5b (deze kaart) Onttrekingslocaties voor beregening: Deze kaartlaag (punten, shapefile) toont de beregeningslocaties uit grond- danwel oppervlaktewater zoals deze zijn opgenomen in het Nationaal Hydrologisch Instrumentarium (NHI) (De Lange e.a., 2014), versie 3.0.2
                    Kaart 5c Vermeden verdampingsreductie als gevolg van beregening: De kaartlaag (gridfile) is berekend met NHI versie 3.0.2 (De Lange e.a., 2014). Het resultaat is tot stand gekomen door naast de referentierun, waarin normaal wordt beregend, het model door te rekenen voor een situatie waarin niet wordt beregend. De kaart toont het verschil in cumulatieve verdampingsreductie tussen beide modeluitkomsten voor het groeiseizoen (april tot oktober) van het droge jaar 2003 (frequentie ongeveer 1 maal per 10 jaar.",Atlas Natuurlijk Kapitaal,atlasnatuurlijkkapitaal@rivm.nl,,Marijn Kuijper - Bodem- en Grondwatersystemen,,Atlas Natuurlijk Kapitaal,"('3.37087', '50.7539', '7.21097', '53.4658')","Naamsvermelding verplicht, organisatienaam (http://creativecommons.org/licenses/by/4.0/deed.nl)",otherRestrictions,,https://data.rivm.nl/geo/ank/wfs?request=GetCapabilities
FEB44D94AC2C3D26E0441CC1DE40A734,dataset,ISO 19115,,2014-07-21,dut,28992,Toets verwachte archeologische waarden es  (Omgevingsvisie 2014) (historie),omgevingsvisie,"Door Provinciale Staten op 2 juli 2014 vastgestelde versie van Toets verwachte archeologische waarden es. In gebieden of terreinen met een archeologische verwachting op de archeologiekaarten, stuurt de provincie Drenthe op een goede uitvoering van archeologisch onderzoek, conform de gangbare, in de beroepsgroep geldende kwaliteitseisen van de Kwaliteitsnorm Nederlandse Archeologie (KNA). Hieronder vallen alle essen en beekdalen, de Havelterberg en het Drentsche Aa-gebied, verwachte Celtic fields, offerveentjes, een burcht bij Zuidlaren en het vermoede traject van de prehistorische weg over de Hondsrug. Komt voor in kaart 2 E: Archeologie Informatie; kaart 2 E: Archeologie Kernkwaliteiten.",Provincie Drenthe,post@drenthe.nl,,,,Team Gis/Cartografie (Provincie Drenthe),"('6.105', '52.601', '7.109', '53.213')",Geen beperkingen,otherRestrictions,,
a9beeba1-721b-415a-8e6e-f31af55eee1c,dataset,ISO 19115,WMS; WMTS,2024-05-03,dut,28992,Luchtfoto Beeldmateriaal 2023 25cm infrarood open data,Landelijke voorziening beeldmateriaal; LVB; Beeldmateriaal; Luchtbeelden; Luchtfoto; Orthofoto; Ortho; Ortho25IR; Ortho25CIR; Orthofotomozaïek; Orthofotomozaiek; Mozaïek; Mozaiek; Lage resolutie; LR; Infrarood; CIR; Open data CC-BY,"De orthofotomozaïeken zijn een samenstelling van afzonderlijke infrarood orthofoto's, in principe van de centrale gedeelten van iedere orthofoto. Daardoor is de omvalling in de mozaïeken zo klein mogelijk gehouden. De orthomozaïeken zijn landsdekkend. Deze luchtfoto's zijn beschikbaar als open data.",Kadaster,dpi-gi@kadaster.nl,https://nationaalgeoregister.nl/geonetwork/srv/dut/catalog.search#/metadata/d7a395a2-8673-4794-a5a6-fed6492cd580,,,"Directie Operatie, Dienstverlening en Registratie, afdeling Data-, Proces- en Informatiemanagement (Kadaster); Contact (Het Waterschapshuis); Klantcontactcenter (Kadaster)","('3.30', '50.73', '7.24', '53.60')","Naamsvermelding verplicht, Beeldmateriaal.nl (http://creativecommons.org/licenses/by/4.0/deed.nl)",otherRestrictions,,
ffffffbe-4b24-54b0-9434-db94399cfe21,dataset,ISO 19115,,2008-11-13,dut,28992,"Natuurdoeltype Drenthe, actualisatie (historie)",gebiedsvisie; natuur; natuurdoeltype,"Actualisatie van gewenste natuurdoelen van bestaande en nieuwe gebieden met speciale natuurfunctie. G.S. 24 april 2007.A. De natuurdoeltypenkaart is op drie hoofdpunten geactualiseerd.   - De kaartlegenda is aangepast aan de actuele rijkstypologie.- De kaart is aangevuld met gebieden die een natuurfunctie hebben gekregen.- In gebieden waar ontwikkelingen dat nodig maken zijn doelen gewijzigd. - De kaart wordt periodiek bijgesteld; nieuw begrensde gebieden met een natuurfunctie worden toegevoegd. B. Natuurdoelen geven richting aan inrichtings- en beheersplannen voor gebieden.  De natuurdoeltypen zijn doelen voor de realiseringstermijn (tot 2018) van de Ecologische Hoofdstructuur van de provincie Drenthe. POPII, kaart G. geeft de stand van zaken 2007 weer.",Provincie Drenthe,post@drenthe.nl,,,,Team Gis/Cartografie (Provincie Drenthe),"('6.105', '52.601', '7.109', '53.213')",Geen beperkingen,copyright,,
5b34d56a-ce9e-48f6-bb36-39d850a8f741,service,ISO 19115,WFS,2025-01-29,dut,4258,Administratieve Eenheden (INSPIRE geharmoniseerd) WFS,Administratieve eenheden; Statistische eenheden; Nationaal,"Overzicht van de bestuurlijke indeling van Nederland in gemeenten en provincies. Gegevens zijn gebaseerd op de dataset Bestuurlijke Gebieden, welke afgeleid is uit de Basisregistratie Kadaster (BRK).",,beheerpdok@kadaster.nl,,,,,"('2.0008', '50.4749', '8.4215', '53.8431')","Naamsvermelding verplicht, organisatienaam (http://creativecommons.org/licenses/by/4.0/deed.nl)",otherRestrictions,,https://service.pdok.nl/kadaster/au/wfs/v2_0?request=GetCapabilities&service=WFS
43fe76cf-96c6-416c-8b7d-532936b46551,dataset,ISO 19115,WMS,2025-04-07,dut,28992,Stikstofdioxide 2023 (NO2),basisset NOVEX; NO2; model; luchtkwaliteit; gezondheid,Deze kaart is gemaakt door de NO2 concentratie op zo’n 10 miljoen locaties in Nederland te interpoleren naar een landsdekkend rasterbestand met een resolutie van 25x25 meter.,Atlas Leefomgeving,atlasleefomgeving@rivm.nl,,,,,"('2.9384090107371654', '50.69124495110863', '7.3896774891517225', '53.642935777862114')",Geen beperkingen (http://creativecommons.org/publicdomain/mark/1.0/deed.nl),otherRestrictions,,
12505d53-a942-467e-a462-ddbe5ac6467f,service,ISO 19115,WFS,2024-02-05,dut,25832; 4326,Overzicht van Nederlandse seismologische meetstations,seismologische meetstation; infoFeatureAccessService,"Het KNMI heeft een uitgebreid netwerk van seismometers om de seismiciteit in en rondom Nederland en Caribisch Nederland te meten.Het netwerk bestaat uit geophones in de boorgaten (tot 300m diepte), versnellingsmeters en 'broadband' seismometers.",Koninklijk Nederlands Meteorologisch Instituut (KNMI),opendata@knmi.nl,,,,KNMI Datacentrum (Koninklijk Nederlands Meteorologisch Instituut (KNMI)); KNMI Datacentrum (Koninklijk Nederlands Meteorologisch Instituut (KNMI)),"('-63.24875', '17.4714', '7.119599', '53.5812')",no limitations to public access (http://inspire.ec.europa.eu/metadata-codelist/LimitationsOnPublicAccess/noLimitations),otherRestrictions,,https://haleconnect.com/ows/services/org.874.28716afd-1e98-4623-9239-8abbd9249408_wfs?SERVICE=WFS&Request=GetCapabilities
2d8e9629-0073-4e28-9284-4f72f91f2f58,service,ISO 19115,WFS,2025-03-12,dut,,CBS Vierkantstatistieken 500m 2016 WFS,Demografie; Statische_eenheden; Vierkant; Grid; Statistiek; Bevolking; Inwoners; Woning; Leeftijd; Herkomst; Woz; Inkomen; Energie; Stedelijkheid; Bevolkingdichtheid; Concentratie; Spreiding_van_de_bevolking,Het bestand CBS vierkanten 500m bevat statistische gegevens per 500 meter bij 500 meter vierkant. In april 2022 zijn gegevens over 2021 toegevoegd en zijn gegevens over de jaren 2020 en 2019 aangevuld. Lees voor meer informatie: https://www.cbs.nl/nl-nl/longread/diversen/2022/statistische-gegevens-per-vierkant-2021-2020-2019,,beheerpdok@kadaster.nl,,,,,"('1.986', '50.6749', '7.8197', '55.7059')","Naamsvermelding verplicht, organisatienaam (https://creativecommons.org/licenses/by/4.0/deed.nl)",otherRestrictions,,https://service.pdok.nl/cbs/vierkantstatistieken500m/2016/wfs/v1_0?request=GetCapabilities&service=WFS
5de9f653-f8ea-4f14-b254-e222233df115,dataset,ISO 19115,WMS,2022-12-16,dut,28992,Verkoelend effect van groen en blauw,basisset NOVEX; zomer; hitte; klimaatverandering; ecosysteemdienst; water; vegetatie; natuurlijk kapitaal; temperatuur,"U ziet het verkoelend effect van groen (bomen e.d.) en blauw (water) in stedelijke gebieden. Het stedelijk hitte-eiland effect zorgt ervoor dat de luchttemperatuur 's nachts niet daalt waardoor gevoelige bevolkingsgroepen (baby's, kinderen, ouderen) gezondheidseffecten ondervinden. Vegetatie en water kunnen zorgen voor verkoeling. Het is nuttig om te weten waar nu reeds geschikte vegetatie aanwezig is. Dit is o.a. belangrijk voor stedenbouwkundige ontwerpers en beleidsmedewerkers klimaatadaptatie.",Atlas Natuurlijk Kapitaal,atlasnatuurlijkkapitaal@rivm.nl,,,,,"('3.37087', '50.7539', '7.21097', '53.4658')",Geen beperkingen (http://creativecommons.org/publicdomain/mark/1.0/deed.nl),otherRestrictions,,
e5ef707f-6458-4567-8d2c-d24fe88ab5e9,service,ISO 19115,WMS,2025-07-10,dut,,"zoutvelden en zoutproductieputten onder INSPIRE, viewservice",mijnbouwwet; zouten,Dit is de dataset t.b.v. gegevensverstrekking door INSPIRE voor het thema 'Minerale bronnen'. In de dataset staan de locaties van zoutproductieputten en zoutvelden. Omdat de vorm van de zoutcavernes in de tijd wijzigen worden zij als een punt weergegeven. De dataset bevat de cumulatieve zoutproductie van (zout)putten in Nederland. Deze wordt bijgehouden sinds 2003; de productie van voor 2003 ontbreekt daarom.,TNO Geologische Dienst Nederland,support@geologischedienst.nl,,,,TNO Geologische Dienst Nederland,"('3.19', '50.75', '7.22', '53.71')",Geen beperkingen (http://creativecommons.org/publicdomain/zero/1.0/deed.nl),otherRestrictions,,
ffffff87-5304-5f89-b245-9ad152f66357,dataset,ISO 19115,,2015-03-04,dut,28992,Wildbeheereenheid 2015 (historie),jachtgebied; wildbeheer,"Indeling in wildbeheereenheden (jachtgebieden), situatie per 2015.Om ten behoeve van verhuur van jachtrechten door waterschappen, domeinen, enzovoorts werkgebieden van Wildbeheereenheden vast te leggen worden WBE-grenzen door gedeputeerde staten gepubliceerd.",Provincie Drenthe,post@drenthe.nl,,,,Team Gis/Cartografie (Provincie Drenthe),"('6.105', '52.601', '7.109', '53.213')",Geen beperkingen,copyright,,
05b0d961-77fc-4fb5-8c38-0d2df0b6143d,dataset,ISO 19115,,2023-11-23,dut,28992,Acute luchtweginfecties Percentage deelnemers met klachten passend bij een acute luchtweginfectie in Infectieradar per rapportagedatum,infectieziekten; infectieradar; gezondheid; symptomen; covid-19; infectious diseases; health; symptoms; acute luchtweginfecties,"For English, see below


Beschrijving bestand:
Dit bestand bevat de volgende percentages:
- (1) percentage deelnemers met klachten passend bij een acute luchtweginfectie in Infectieradar
- (2) 7-daags gemiddelde van (1)
naar rapportagedatum van de wekelijkse vragenlijst.

Het bestand is als volgt opgebouwd:
• Eén record per rapportagedatum
Het bestand wordt een keer in de week geüpdatet, maar alleen gegevens van volledig afgeronde dagen worden weergegeven. Iedere week op dinsdag worden er zeven nieuwe dagen (dinsdag tot en met maandag) aan het bestand toegevoegd.

Vanaf 6 september 2023 wordt dit bestand wekelijks op woensdag geüpdatet. De data wordt met terugwerkende kracht bijgewerkt voor de andere dagen.

Beschrijving van de variabelen:
Version: versienummer van de dataset. Wanneer de inhoud van de dataset structureel wordt gewijzigd (dus niet de dagelijkse update of een correctie op record niveau), zal het versienummer aangepast worden (+1) en ook de corresponderende metadata in RIVMdata (data.rivm.nl).

Date_of_report: Datum en tijd waarop het databestand is aangemaakt door het RIVM.

Date_of_statistics: Datum waarop de wekelijkse vragenlijst is ingestuurd.

Perc_ari_symptoms: Percentage deelnemers in Infectieradar dat in de week voor de 
[Date_of_statistics] klachten heeft gerapporteerd passend bij een acute luchtweginfectie. Acute 
luchtweginfectie klachten zijn hoesten, keelpijn, kortademig, loopneus  of verstopte neus.

MA_perc_ari_symptoms: Het zevendaags lopende gemiddelde (moving average/MA) van [Perc_ari_symptoms]. Dit gemiddelde wordt op de middelste dag weergegeven. Voor de eerste 3 en de laatste 3 dagen in de dataset is deze waarde leeg, omdat deze dagen niet in het midden van een 7 daagse periode liggen.

Vanaf 24 november 2022 zijn de analyses van Infectieradar met terugwerkende kracht aangepast. Hierdoor zijn er minimale verschillen in de resultaten die voor deze datum gepubliceerd waren.

--------------------------------------------------------------------------------

Acute respiratory Infections Percentage of participants with symptoms consistent with an acute respiratory infection in Infectieradar per reporting date


File description:
This file contains the following percentages:
- (1) percentage of participants with symptoms consistent with an  acute respiratory infection in Infectieradar
- (2) 7-day average of (1)
per reporting date of the weekly questionnaire.

The file is structured as follows:
• One record per reporting date
The file is updated once a week, but only data from fully completed days is displayed. Every week on Tuesday, seven new days (Tuesday through Monday) are added to the file.

From September 6, 2023, this file will be updated weekly on Wednesdays. The data is retroactively updated for the other days.

Description of the variables:
Version: version number of the dataset. When the content of the dataset is structurally changed (so not the daily update or a correction at record level), the version number will be adjusted (+1) and also the corresponding metadata in RIVMdata (data.rivm.nl).

Date_of_report: Date and time on which the data file was created by the RIVM.

Date_of_statistics: Date on which the weekly questionnaire was submitted.

Perc_ari_symptoms: Percentage of participants in Infectieradar who reported symptoms consistent with an acute respiratory infection in the week before the [Date_of_statistics]. Acute respiratory complaints are cough, sore throat, shortness of breath, dyspnea.
MA_perc_ari_symptoms: The 7-day moving average (MA) of [Perc_ari_symptoms]. This average is shown on the middle day. For the first 3 and last 3 days in the dataset, this value is empty, because these days are not in the middle of a 7-day period.

From November 24, 2022, the analyzes of Infectieradar have been adjusted retroactively. As a result, there are minimal differences in the results published before this date.",Rijksinstituut voor Volksgezondheid en Milieu,EPI-datamanagement@rivm.nl,,,,Rijksinstituut voor Volksgezondheid en Milieu; Rijksinstituut voor Volksgezondheid en Milieu,"('3.37087', '50.7539', '7.21097', '53.4658')",Geen beperkingen (http://creativecommons.org/publicdomain/mark/1.0/deed.nl),otherRestrictions,,
c56987ac-950d-461c-9e14-5d8a4c35cfff,dataset,ISO 19115,WMS; WFS,2024-07-23,dut,,Natuurbeheerplan 2025 - Beheergebied Ambitie,AGRARISCH NATUURBEHEER; BEGRENZINGENPLANNEN; BEHEERSGEBIEDSPLANNEN; NATUURONTWIKKELING; SUBSIDIES; NBP; Natuurbeheerplan (NBP); NATUUR; NATUURBEHEER; Downloadable Data,Het Natuurbeheerplan (NBP) is het provinciaal plandocument waarin op basis van een afgestemde ambitie de overeengekomen doelen op het gebied van (agrarisch) natuur- en landschapsbeheer zijn vastgelegd. Gebied met natuur- of landschapswaarden met natuurtypen zoals in de Ambitiekaart is vastgelegd. Daarnaast is vastgelegd of het gebied is begrensd als beoogde NNN. Wanneer een ecologische verbindingszone kan worden begrensd op Top10NL niveau kan deze worden meegenomen in de kaart. Dit model biedt geen ruimte voor beleidskaarten met een ander abstractieniveau. Begrenzing is gebaseerd op Top10NL objecten. Deze klasse is de basis voor de ambitiekaart.,Provincie Groningen,geoportaal@provinciegroningen.nl,,Datateam Beleid,,Datateam Beleid (Provincie Groningen),"('6.1324', '52.8342', '7.3054', '53.6044')",Geen beperkingen (https://creativecommons.org/publicdomain/mark/1.0/deed.nl),otherRestrictions,,https://geoservices.provinciegroningen.nl/server/services/LandelijkGebied/Natuur/MapServer/WFSServer?request=GetCapabilities
ffffffc6-5ce6-5c52-8ac9-4916c4beb0d4,dataset,ISO 19115,WMS; WFS,2022-06-01,dut,28992,Cavernes,bodem; ondergrond,"Dit bestand is onderdeel van ""Potentiekaart zoutwinning diapieren"" en ""Potentieelkaart gas(perslucht)opslag in cavernes"" en geeft bestaande cavernes in Noord-Nederland weer. Cavernes zijn holtes in de bodem die ontstaan door winning van delfstoffen. De provincie Drenthe is trekker bij het opstellen van een Beleidsvisie diepe ondergrond Noord-Nederland. In deze visie wordt een inventarisatie gemaakt van de kansen en mogelijkheden die de diepe ondergrond biedt.",Provincie Drenthe,post@drenthe.nl,,,,Team Gis/Cartografie (Provincie Drenthe),"('4.4552947', '52.3348457', '7.135964', '53.388444')",Geen beperkingen,copyright,,https://kaartportaal.drenthe.nl/server/services/GDB_actueel/GBI_MILIEU_BODEM_CARVERNES_100_V/MapServer/WFSServer
42e75c00-bc8b-5e00-b8cd-0ee7ee1e7b7e,dataset,ISO 19115,,2023-02-27,dut,28992,Natuurnetwerk 2020 (NNN) (historie),ecologie; EHS; natuur; Beschermde gebieden,"Op 16 juni 2020 hebben Gedeputeerde Staten van Drenthe de NNN (Natuurnetwerk Nederland, voorheen de EHS) geactualiseerd. De kaart van het Natuurnetwerk is onderdeel van de Provinciale Omgevingsverordening. De ecologische verbindingen zijn onderdeel van de NNN.",Provincie Drenthe,post@drenthe.nl,,,,Team Gis/Cartografie (Provincie Drenthe),"('6.105', '52.601', '7.109', '53.213')",Geen beperkingen,otherRestrictions,,
bb506ba7-0954-42d6-98f0-bb4a0ee92b85,dataset,ISO 19115,WMS; WFS,2019-07-05,dut,28992,Wegen,weg; weg op kade; pad; zeedijk; kade; waterkering; dijk; kering; wegen,"Een weg is een smalle strook van het land of van het oppervlakte van kunstmatige structuur, bijvoorbeeld een dijk of een brug, dat gebruikt en geschikt gemaakt is voor het wegverkeer. Wegen zijn meestal verhard om de begaanbaarheid voor voertuigen te verbeteren of mogelijk te maken. Wegen zijn een belangrijk onderdeel van de verkeersinfrastructuur. Met wegen wordt meestal gedoeld op openbare wegen, zo ook in de rest van dit artikel. Er zijn echter ook zogenaamde ""eigen wegen"" die niet openbaar zijn voor het wegbeheer.
In bredere betekenis kan men de weg als primaire infrastructuur voor bepaalde transportmiddel definiëren. Zo spreekt men over spoorweg en waterweg. In sommige talen worden zelfs vliegroutes en kabelbanen als een soort ""weg"" aangeduid. Herkomst definitie: Wikipedia.
De wegen die een onderdeel zijn van een kering liggen dus op een kering of een zeedijk.
Deze kunnen verhard of onverhard zijn.",Waterschap Hunze en Aa's,gis_info@hunzeenaas.nl,,,,Waterschap Hunze en Aa's; Waterschap Hunze en Aa's,"('6.274500417904351', '52.6482562858353', '7.570597529185045', '53.47291066142737')",Geen beperkingen,otherRestrictions,,https://opendata.hunzeenaas.nl/geoserver/wfs
15dc2644-1822-4fc2-8536-2bb2058c4a43,dataset,ISO 19115,WMS; WFS,2024-05-01,dut,28992,Hunebedden,hunebedden; historische geografie; landschap; RCE; archeologie; rijksmonument; monument; cultureel erfgoed; erfgoed,In de dataset 'Hunebedden' zijn de locaties opgenomen van alle hunebedden die nog zichtbaar zijn.,Rijksdienst voor het Cultureel Erfgoed,info@cultureelerfgoed.nl,,InfoDesk,,InfoDesk (Rijksdienst voor het Cultureel Erfgoed),"('5.6761', '52.6573', '7.4004', '53.2667')",Geen beperkingen (https://creativecommons.org/publicdomain/mark/1.0/deed.nl),otherRestrictions,,https://services.rce.geovoorziening.nl/landschapsatlas/wfs?service=WFS&request=GetCapabilities
ffffffea-8486-56fe-836a-7d997e5f1735,dataset,ISO 19115,,2008-10-29,dut,28992,"EDR, bestuurlijke indeling (historie)",algemeen bestuur; grenzen,Grenzen bestuurlijke indeling van de Eems Dollard Regio.,Provincie Drenthe,post@drenthe.nl,,,,Team Gis/Cartografie (Provincie Drenthe),"('4.4552947', '52.3348457', '7.135964', '53.388444')",Geen beperkingen,copyright,,
50E70BB3C1110313E053D2041EAC669F,dataset,ISO 19115,,2017-05-03,dut,28992,"Voortgangsrapportage Natuur, verwervingskaart 2015 (historie)",locaties,"Voortgangsrapportage Natuur 2015 geeft inzicht in de voortgang van verwerving, inrichting en beheer van het Natuurnetwerk op de peildatum 1-1-2015. Daarnaast is het op 1-1-2015 actuele bestand het Natuurnetwerk opgenomen.",Provincie Drenthe,post@drenthe.nl,,,,Team Gis/Cartografie (Provincie Drenthe),"('6.105', '52.601', '7.109', '53.213')",Geen beperkingen,otherRestrictions,,
56ea51be-c88a-4056-84de-1a83a79c460e,dataset,ISO 19115,WMS; WFS,2012-10-31,dut,28992,Geluidskartering provinciale wegen 2011 - contouren nacht,GELUIDHINDER; VERKEERSLAWAAI; PROVINCIALE WEGEN,"De provincie Fryslân heeft geluidskaarten laten opstellen. Met behulp van geavanceerde rekenmodellen is de geluidsbelasting inzichtelijk gemaakt voor woningen, gebouwen met een onderwijs of gezondheidsfunctie en stiltegebieden. Cijfermatig is een onderscheid gemaakt tussen de wegen die verplicht moeten worden onderzocht (provinciale wegen met 3 miljoen of meer voertuigpassages) en alle provinciale wegen. Het onderhavige bestand betreft de geluidscontouren-nacht.",provincie Fryslân,provincie@fryslan.frl,,,,,"('5.422', '52.798', '6.390', '53.423')",http://creativecommons.org/publicdomain/mark/1.0/deed.nl,otherRestrictions,,https://geoportaal.fryslan.nl/arcgis/services/ProvinciaalGeoRegister/PGR2/MapServer/WFSServer?
94547db5-1255-42af-bdda-2c0ffd997a1b,dataset,ISO 19115,,2021-10-11,dut,28992; 5709,Voorspelde fout van Gemiddeld Voorjaars Grondwaterstand 2002,grondwaterstand,Voorspelde fout van Gemiddeld Voorjaars Grondwaterstand (GVG) t.o.v het locale maaiveld in de Provincie Noord-Brabant. De waarden per gridcel geven de voorspelde fout van de GVG aan in cm.,Provincie Noord-Brabant,,,,,Provincie Noord-Brabant; GEO (Provincie Noord-Brabant),"('4.185', '51.216', '6.050', '51.832')",,copyright,,
8498D10B8A091D43E053D2041EACBDD8,dataset,ISO 19115,,2025-04-18,dut,28992,Omgevingsvisie 2018 - Toets verwachte archeologische waarden beekdal (historie),locaties,"Door Provinciale Staten van Drenthe op 3 oktober 2018 vastgestelde versie van Toets verwachte archeologische waarden beekdal. In gebieden of terreinen waar archeologische waarden worden verwacht (verwachtingsgebieden) die van provinciaal belang zijn, sturen wij op een goede uitvoering van archeologisch onderzoek, conform de gangbare, in de archeologische beroepsgroep geldende kwaliteitseisen. Onder deze verwachtingsgebieden vallen alle Drentse essen en beekdalen, het Holtingerveld (voorheen de Havelterberg), het Drentsche Aa-gebied, de gebieden waar Celtic fields worden verwacht, offerveentjes en het vermoede traject van de prehistorische weg over de Hondsrug. Kaart Kernkwalteit archeologie.",Provincie Drenthe,datateam@drenthe.nl,,,,Team Gis/Cartografie (Provincie Drenthe),"('6.0531', '52.5451', '7.2431', '53.2683')",Geen beperkingen,otherRestrictions,,
8498D10B8A291D43E053D2041EACBDD8,dataset,ISO 19115,,2025-04-18,dut,28992,Omgevingsvisie 2018 - Bekende archeologische waarden - Behoud ex situ (historie),locaties,"Door Provinciale Staten van Drenthe op 3 oktober 2018 vastgestelde versie van Bekende archeologische waarden ex situ. De Erfgoedwet (2016) regelt dat alle archeologische vondsten en opgravingsdocumentatie uit archeologisch onderzoek in Drenthe, eigendom zijn van de provincie. Daartoe houden wij, samen met de provincies Groningen en Fryslan, het Noordelijke Archeologisch Depot in Nuis in stand. Hier wordt het archeologisch erfgoed ex situ op verantwoorde wijze beheerd en toegankelijke gemaakt voor wetenschappelijk onderzoek. Wij staan voor een ruimhartig uitleenbeleid dat de beleving en benutting van dit erfgoed stimuleert. Kaart Kernkwaliteit Archeologie",Provincie Drenthe,datateam@drenthe.nl,,,,Team Gis/Cartografie (Provincie Drenthe),"('6.0531', '52.5451', '7.2431', '53.2683')",Geen beperkingen,otherRestrictions,,
b38d6c01-3370-54e5-bf4e-0f13bb90c845,dataset,ISO 19115,WMS; WFS,2025-04-18,dut,28992,Omgevingsvisie 2022 - Offerveen,locaties; omgevingsvisie; veen,"Kleine veentjes speelden een belangrijke rol in het leven van de pre- en protohistorische Drenten. In het verre verleden waren dit de plaatsen waar men contact zocht met de bovennatuurlijke wereld, de plaatsen waar men offers achterliet. Men offerde stenen of bronzen bijlen, houten bakken, potten met voedsel, runderhorens, eergetouwscharen, mantelspelden en mensen.",Provincie Drenthe,datateam@drenthe.nl,,,,Team Gis/Cartografie (Provincie Drenthe),"('6.0531', '52.5451', '7.2431', '53.2683')",Geen beperkingen,otherRestrictions,,https://kaartportaal.drenthe.nl/server/services/GDB_actueel/GBI_OGV22_ARCHEO_OFFERVEEN_V/MapServer/WFSServer
ffffffcd-9c72-5b22-ad20-f49e880c5ab8,dataset,ISO 19115,WMS; WFS,2025-04-18,dut,28992,Omgevingsvisie 2022 - Es,essen; locaties; omgevingsvisie,"Bij essen gaat het om afgedekte landschappen met een hoge, potentiele kwaliteit en informatiewaarde. Ze kennen vaak een enorme tijdsdiepte en de vondsten zijn goed geconserveerd hetzij door het aanwezige plaggendek. Ze bieden de mogelijkheid tot interdisciplinaire landschapsarcheologie.",Provincie Drenthe,datateam@drenthe.nl,,,,Team Gis/Cartografie (Provincie Drenthe),"('6.0531', '52.5451', '7.2431', '53.2683')",Geen beperkingen,otherRestrictions,,https://kaartportaal.drenthe.nl/server/services/GDB_actueel/GBI_OGV22_ARCHEO_ES_V/MapServer/WFSServer
2414a57d-b082-5acf-a562-435ee6adce5a,dataset,ISO 19115,WMS; WFS,2025-04-18,dut,28992,Omgevingsvisie 2022 - Voordezone,omgevingsvisie; voorden; zone,"De voorden (oversteekplaatsen) vormen bijzonder kansrijke locaties binnen beekdalen. Zij liggen doorgaans binnen de gekarteerde beekdalen, en sporadisch in natte laagten die op de gemeentelijke archeologische kaarten niet als beekdal zijn geinterpreteerd.",Provincie Drenthe,datateam@drenthe.nl,,,,Team Gis/Cartografie (Provincie Drenthe),"('6.0531', '52.5451', '7.2431', '53.2683')",Geen beperkingen,otherRestrictions,,https://kaartportaal.drenthe.nl/server/services/GDB_actueel/GBI_OGV22_ARCHEO_VOORDEN_V/MapServer/WFSServer
ffffffff-6e06-502c-a4c6-8e04a0c83070,GIS dataset,ISO 19115,WMS; WFS,2025-04-06,dut,28992,Provinciale Omgevingsverordening 2023 - Verbodszone diepe boringen,locaties; omgevingsverordening; verbodsgebied; verbodszone diepe boringen,Deze kaart gaat over de verbodszones diepe boringen (zie ook  Afdeling 6.2.4. diepe boringen).,Provincie Drenthe,post@drenthe.nl,,,,Team Gis/Cartografie (Provincie Drenthe),"('6.0744', '52.5688', '7.1855', '53.2448')",Geen beperkingen,otherRestrictions,,https://kaartportaal.drenthe.nl/server/services/GDB_actueel/GBI_POV2023_VERBODSZONEBORING_V/MapServer/WFSServer?SERVICE=WFS&REQUEST=GetCapabilities
5bbad32c-21f0-4162-a7eb-d22350520cbd,service,ISO 19115,WMS,2024-08-08,dut,,CBS Gebiedsindelingen 1996 WMS,Statistische eenheden; Gebiedsindeling; Gemeente; Landsdeel; Provincie; Buurt; COROP-gebied; GGD-regio; NUTS3; NUTS1; NUTS2; Wijk; Grootstedelijke aglomeratie; Stadsgewest; COROP-plusgebied; COROP-subgebied; Landbouwgebied; Landbouwgroep; RPA-gebied; Toeristengroep; Toeristengebied; Arrondissementsgebied; Brandweerregio; Kamer van Koophandelregio; Politieregio; Regionale Eenheid; Veiligheidsregio; Zorgkantoorregio; Arbeidsmarktregio; Jeugdregio,Deze service bevat de CBS Gebiedsindelingen van 1996. De volgende gebiedsindelingen kunnen voorkomen: Gemeente Landsdeel Provincie Buurt COROP-gebied GGD-regio NUTS1 NUTS2 NUTS3 Wijk COROP-plusgebied COROP-subgebied Landbouwgebied Landbouwgroep RPA-gebied Toeristengroep Toeristengebied Arrondissementsgebied KamervanKoophandelregio Regionale-Eenheid Veiligheidsregio Veiligthuisregio Zorgkantoorregio Arbeidsmarktregio Regioplus-arbeidsmarktregio Jeugdregio Ressort RES-regio Regionaalmeldcoördinatiepunt Regionale-energiestrategie SubRES-regio,,beheerpdok@kadaster.nl,,,,,"('1.086', '50.5622', '8.4677', '55.8094')","Naamsvermelding verplicht, organisatienaam (https://creativecommons.org/licenses/by/4.0/deed.nl)",otherRestrictions,,
0fef5341-fa35-4856-a72e-3c92f9926f98,dataset,ISO 19115,WMS; WFS,2021-08-23,dut,28992,Houtsingelgebied Zuidelijk Westerkwartier,LANDSCHAPSBEHEER; NATUUR EN LANDSCHAP; CULTUURLANDSCHAPPEN; CULTUURHISTORIE; BOSSEN,"Dit bestand bevat de houtsingelgebieden die zijn gelegen in het Zuidelijk Westerkwartier, een streek in de provincie Groningen.
Houtsingels, elzensingels, meidoornhagen en houtwallen zijn lijnvormige beplantingen met bomen en/of struiken. Bij houtsingels is de samenstelling van bomen gevarieerd, elzensingels bestaan voornamelijk uit elzen en meidoornhagen uit meidoorns. Deze elementen vormen vaak begrenzingen van percelen of zijn afscheidingen met een andere functie, oorspronkelijk meestal als veekering. Grofweg kunnen twee typen worden onderscheiden: beplantingen die op een kunstmatige aarden wal staan (houtwal) en beplantingen die op dezelfde hoogte staan als het omringende land (houtsingel).

Karakteristiek voor het Zuidelijk Westerkwartier is de besloten houtsingelstructuur en de daarin aanwezige pingoruïnes. De houtsingels staan onder druk door schaalvergroting in de landbouw en het uitblijven van voldoende onderhoud. De pingoruïnes dreigen hun waarde te verliezen door onder meer diepploegen, egaliseren en afschuiven van grond. 


Voor de ontwikkeling en instandhouding van de houtsingelstructuur in het Zuidelijk Westerkwartier wordt onderscheid gemaakt in deelgebieden. De volgende categorieën worden onderscheiden, behoud singels, herstel singels, (her)-ontwikkeling singels, omvorming singels t.b.v. de landbouw, omvorming singels t.b.v. natuur en passief beheer. Per categorie zijn spelregels opgesteld.

Om de karakteristieke houtsingelstructuur en de aanwezige pingoruïnes in het Zuidelijk Westerkwartier te beschermen zijn in artikel 4.38 regels opgenomen.",Provincie Groningen,geoportaal@provinciegroningen.nl,,,,Afdeling INFO (Provincie Groningen),"('6.175', '53.113', '6.429', '53.244')",geen beperkingen,otherRestrictions,,https://geoservices.provinciegroningen.nl/server/services/LandelijkGebied/Landschap/MapServer/WFSServer
8804b42d-a509-4027-b177-071c17bd8a14,service,ISO 19115,WMTS,2024-06-18,dut,,Luchtfoto Landelijke Voorziening Beeldmateriaal (2019) WMTS,Landelijke voorziening beeldmateriaal; LVB; Beeldmateriaal; Orthofotomozaiek; Orthofoto; Ortho; Luchtfoto; Mozaiek; Hoge resolutie; HR; Luchtbeelden; Lage resolutie; Infrarood,"De orthofotomozaieken zijn een samenstelling van afzonderlijke orthofoto's, in principe van de centrale gedeelten van iedere orthofoto. Daardoor is de omvalling in de mozaieken zo klein mogelijk gehouden. De orthofotomozaïeken zijn landsdekkend. Sinds 2016 is er, naast de definitieve webservice Ortho10, ook een webservice Quick_Ortho10. Tevens is er een webservice Quick_Ortho25 naast de onder Open Data beschikbare webservice Ortho25. De beelden in de beide Quick_Ortho lagen zijn geometrisch van voldoende kwaliteit en komen versneld beschikbaar, maar kleuren en snijlijnen zijn nog niet optimaal. De definitieve webservices Ortho25 en Ortho25IR zijn m.i.v. 2016 open data en worden in een afzonderlijke WMS aangeboden.

Binnen de service worden tijdens de opbouwfase 3 lagen per jaargang aangeboden. Ongeveer een maand na landsdekkend beschikbaar komen van de definitieve lagen zijn de beide Quick-Ortho lagen niet langer beschikbaar.
 - Hoge resolutie quick-orthofoto onder de naam Quick_Ortho10 (tijdelijke laag )
 - Hoge resolutie orthofoto onder de naam Ortho10 (landsdekkend beschikbaar)
 - Lage resolutie quick-orthofoto (RGB) onder de naam Quick_Ortho25 (tijdelijke laag)",,beheerpdok@kadaster.nl,,,,,"('2.6728', '50.6376', '7.7976', '53.6883')",Geen beperkingen (https://creativecommons.org/publicdomain/mark/1.0/deed.nl),otherRestrictions,,
f89b2455-a001-4cbb-b9a5-203a49527203,dataset,ISO 19115,WMS,2017-09-11,dut,28992,Stikstofoxiden (als NOx) emissies naar lucht 2014,Emissieregistratie; Emissie; PRTR; Lucht; Stikstofoxide; NOx; 2014,Stikstofoxiden (als NOx) emissies naar lucht uit alle bronnen in 2014 in kg/km2 per jaar. Emissieregistratie 1990 - 2014. (vastgesteld 2016),RIVM,emissieregistratie@rivm.nl,,,,RIVM,"('2.490333225500938', '50.73077924552031', '7.793826895000784', '54.981574526806426')",Geen Beperkingen,otherRestrictions,,
79415e5c-9cd4-5f9f-8ab8-046946168679,dataset,ISO 19115,WMS; WFS,2025-04-18,dut,28992,Omgevingsvisie 2022 - Verwachte veenweg,omgevingsvisie; veen,"Een veenweg is een door mensen aangelegde (meestal houten) weg door een moeras-/veengebied. De wegen zijn gemaakt van stammetjes, al dan niet gekloofd, planken of soms van een combinatie van beiden. In Drenthe is een aantal van dergelijke wegen bekend. De oudst bekende weg stamt uit het midden-neolithicum (Smeulbrandenweg Valthe), de jongste, stenen, veenweg dateert uit de middeleeuwen (Buinen en Bronneger).",Provincie Drenthe,datateam@drenthe.nl,,,,Team Gis/Cartografie (Provincie Drenthe),"('6.0531', '52.5451', '7.2431', '53.2683')",Geen beperkingen,otherRestrictions,,https://kaartportaal.drenthe.nl/server/services/GDB_actueel/GBI_OGV22_ARCHEO_VEENWEG_VERW_V/MapServer/WFSServer
ffffff9c-cd07-54c9-8353-415461ade2f7,dataset,ISO 19115,WMS; WFS,2025-04-18,dut,28992,Omgevingsvisie 2022 - Zekere veenweg,omgevingsvisie; veen,"Een veenweg is een door mensen aangelegde (meestal houten) weg door een moeras-/veengebied. De wegen zijn gemaakt van stammetjes, al dan niet gekloofd, planken of soms van een combinatie van beiden. In Drenthe is een aantal van dergelijke wegen bekend. De oudst bekende weg stamt uit het midden-neolithicum (Smeulbrandenweg Valthe), de jongste, stenen, veenweg dateert uit de middeleeuwen (Buinen en Bronneger).",Provincie Drenthe,datateam@drenthe.nl,,,,Team Gis/Cartografie (Provincie Drenthe),"('6.0531', '52.5451', '7.2431', '53.2683')",Geen beperkingen,otherRestrictions,,https://kaartportaal.drenthe.nl/server/services/GDB_actueel/GBI_OGV22_ARCHEO_VEENWEG_ZEKER_V/MapServer/WFSServer
f1cb387c-e301-5894-b22d-a95c73663f48,dataset,ISO 19115,WMS; WFS,2025-04-18,dut,28992,Omgevingsvisie 2022 - Karresporen,karrensporen; locaties; omgevingsvisie,"Karrensporen zijn de zichtbare overblijfselen van oude routes. Ze stammen uit de middeleeuwen, maar gaan waarschijnlijk nog veel verder terug. Er ontstonden brede systemen of bundels, onder andere door het intensieve gebruik van de routes door karren met verschillende spoorbreedtes. Ook door het telkens zoeken naar de meest ideale wegomstandigheden werd het systeem steeds breder.",Provincie Drenthe,datateam@drenthe.nl,,,,Team Gis/Cartografie (Provincie Drenthe),"('6.0531', '52.5451', '7.2431', '53.2683')",Geen beperkingen,otherRestrictions,,https://kaartportaal.drenthe.nl/server/services/GDB_actueel/GBI_OGV22_ARCHEO_KARRESPOOR_V/MapServer/WFSServer
1d115462-4d45-5dec-b228-e6c17df52d75,dataset,ISO 19115,WMS; WFS,2025-04-18,dut,28992,Omgevingsvisie 2022 - Veenterp,karrensporen; locaties; omgevingsvisie,"Veenterpen zijn kleine, terpachtige verhogingen in het veenweidegebied waar vroeger huisplaatsen aanwezig waren. Ze zijn te vinden in de veengebieden ten zuidwesten van Groningen-stad en liggen ingeklemd tussen het Peizer- en Eelderdiep in hun oorspronkelijke middeleeuwse ontginningslandschap.",Provincie Drenthe,datateam@drenthe.nl,,,,Team Gis/Cartografie (Provincie Drenthe),"('6.0422', '52.5325', '7.2741', '53.2808')",Geen beperkingen,otherRestrictions,,https://kaartportaal.drenthe.nl/server/services/GDB_actueel/GBI_OGV22_ARCHEO_VEENTERP_V/MapServer/WFSServer
ffffff9f-5333-5e50-9847-e935dbdb5105,dataset,ISO 19115,WMS; WFS,2025-04-18,dut,28992,"Omgevingsvisie 2022 - Nederzetting, schans, kerkhof",kerkhof; omgevingsvisie,"Onder dit thema van nederzettingsterreinen, schansen en het Spaans Kerkhof is een aantal waardevolle archeologische terreinen verzameld die ieder voor zich van betekenis zijn voor de regionale geschiedenis van Drenthe, zonder dat ze direct inhoudelijk of in tijd samenhang met elkaar hebben.",Provincie Drenthe,datateam@drenthe.nl,,,,Team Gis/Cartografie (Provincie Drenthe),"('6.0531', '52.5451', '7.2431', '53.2683')",Geen beperkingen,otherRestrictions,,https://kaartportaal.drenthe.nl/server/services/GDB_actueel/GBI_OGV22_ARCHEO_NSK_V/MapServer/WFSServer
6ae25414-17b6-4836-b619-8c69711d5ee8,service,ISO 19115,WMS,2024-06-12,dut,,Luchtfoto Landelijke Voorziening Beeldmateriaal (2012) WMS,Landelijke voorziening beeldmateriaal; LVB; Beeldmateriaal; Orthofotomozaiek; Orthofoto; Ortho; Luchtfoto; Mozaiek; Hoge resolutie; HR; Luchtbeelden; Lage resolutie; Infrarood,"De orthofotomozaieken zijn een samenstelling van afzonderlijke orthofoto's, in principe van de centrale gedeelten van iedere orthofoto. Daardoor is de omvalling in de mozaieken zo klein mogelijk gehouden. De orthomozaieken zijn landsdekkend.
Binnen de service worden 3 lagen per jaargang aangeboden,
- Hoge resolutie orthofoto onder de naam Ortho10
- Lage resolutie orthofoto (RGB) onder de naam Ortho25
- Lage resolutie orthofoto (CIR) onder de naam Ortho25IR",,beheerpdok@kadaster.nl,,,,,"('1.5049', '50.4227', '8.8381', '53.8929')",Geen beperkingen (https://creativecommons.org/publicdomain/mark/1.0/deed.nl),otherRestrictions,,
31d6e7d3-23fe-4ac2-8b4e-5460f09f9655,service,ISO 19115,WMTS,2024-06-18,dut,,Luchtfoto Landelijke Voorziening Beeldmateriaal (2015) WMTS,Landelijke voorziening beeldmateriaal; LVB; Beeldmateriaal; Orthofotomozaiek; Orthofoto; Ortho; Luchtfoto; Mozaiek; Hoge resolutie; HR; Luchtbeelden; Lage resolutie; Infrarood,"De orthofotomozaieken zijn een samenstelling van afzonderlijke orthofoto's, in principe van de centrale gedeelten van iedere orthofoto. Daardoor is de omvalling in de mozaieken zo klein mogelijk gehouden. De orthomozaieken zijn landsdekkend.
Binnen de service worden 3 lagen per jaargang aangeboden,
- Hoge resolutie orthofoto onder de naam Ortho10 is beschikbaar.
- Lage resolutie orthofoto (RGB) onder de naam Ortho25 is beschikbaar.
- Lage resolutie orthofoto (CIR) onder de naam Ortho25IR is  beschikbaar.",,beheerpdok@kadaster.nl,,,,,"('2.0403', '50.5273', '8.3607', '53.7935')",Geen beperkingen (https://creativecommons.org/publicdomain/mark/1.0/deed.nl),otherRestrictions,,
5c73ec01-b026-4913-9150-adb33c344b40,dataset,ISO 19115,,2023-09-01,dut,28992,Testmetingen van zelfbouwgeluidmeters,geluid,"In 2023 publiceert het RIVM een rapport dat verslag doet van een test van zelfbouwgeluidmeters. Deze dataset bevat de meetdata waarop de bevindingen van het rapport zijn gebaseerd. Het zijn gemiddelden: per dag, uur en 5 minuten. De betekenis van ""NA"" is dat er geen data is: die geluidmeter heeft in dat tijdvak niet gemeten.",,info@rivm.nl,https://data.rivm.nl/data/geluid/zelfbouwgeluidmeters/,,,,"('3.37087', '50.7539', '7.21097', '53.4658')",Geen beperkingen,otherRestrictions,,
6eeb3cd0-e37b-483e-8e55-78f008e3b8c2,dataset,ISO 19115,WFS,2019-11-25,dut,28992,INSPIRE AreaManagement - Ontgrondingen,BOUWGRONDSTOFFEN; DELFSTOFFENWINNING,Deze data is gestandaardiseerd voor de provinciale aanlevering INSPIRE. Locaties met actieve zandwinputten in Fryslan.,provincie Fryslân,provincie@fryslan.frl,,,,,"('5.415', '52.837', '6.367', '53.318')",http://creativecommons.org/publicdomain/mark/1.0/deed.nl,otherRestrictions,,https://geoportaal.fryslan.nl/arcgis/services/ProvinciaalGeoRegister/Inspire/MapServer/WFSServer?
dae8f9e3-99af-4d21-9feb-29f2a1693077,service,ISO 19115,WMS,2025-06-24,dut,,Vervoersnetwerken (INSPIRE geharmoniseerd) WMS,Transport Networks,"INSPIRE transportnetwerken, geharmoniseerd, gevuld met relevante objecten uit TOP10NL (onderdeel van de Basisregistreatie Topografie BRT), geproduceerd en beheerd door het Kadaster.",,beheerpdok@kadaster.nl,,,,,"('1.5665', '50.6251', '8.1214', '55.7517')",Geen beperkingen (http://creativecommons.org/publicdomain/mark/1.0/deed.nl),otherRestrictions,,
1761ab61-c41d-4897-8ee3-a575e717d765,service,ISO 19115,WMS,2024-06-11,dut,,Luchtfoto Landelijke Voorziening Beeldmateriaal (2015) WMS,Landelijke voorziening beeldmateriaal; LVB; Beeldmateriaal; Orthofotomozaiek; Orthofoto; Ortho; Luchtfoto; Mozaiek; Hoge resolutie; HR; Luchtbeelden; Lage resolutie; Infrarood,"De orthofotomozaieken zijn een samenstelling van afzonderlijke orthofoto's, in principe van de centrale gedeelten van iedere orthofoto. Daardoor is de omvalling in de mozaieken zo klein mogelijk gehouden. De orthomozaïeken zijn landsdekkend. 
Binnen de service worden 3 lagen per jaargang aangeboden,
- Hoge resolutie orthofoto onder de naam Ortho10 - is beschikbaar, landsdekkend 
- Lage resolutie orthofoto (RGB) onder de naam Ortho25 - is beschikbaar, landsdekkend (de opnames van noord-oost Groningen zijn van 2014)
- Lage resolutie orthofoto (CIR) onder de naam Ortho25IR - is beschikbaar, landsdekkend (de opnames van noord-oost Groningen zijn van 2014)",,beheerpdok@kadaster.nl,,,,,"('2.2408', '50.5695', '8.235', '53.6421')",Geen beperkingen (https://creativecommons.org/publicdomain/mark/1.0/deed.nl),otherRestrictions,,
095a98d9-2b87-4df0-bde9-3282b77ce7c2,service,ISO 19115,WFS,2024-11-20,dut,,Natuurmeting Op Kaart 2014 WFS,Natuur,"De Natuurmeting Op Kaart 2014 (NOK2014) geeft een landelijk beeld van de realisatie van de Ecologische Hoofdstructuur (EHS), Recreatie om de Stad (RodS) en Robuuste Ecologische VerbindingsZones (REVZ) op 1 januari 2014. De NOK2014 bevat informatie over: 1) De begrenzing van de planologische EHS, 2) Begrenzingen van rijksdoelen, 3) De status van de verwerving en inrichting van deze rijksdoelen 4) Beheer.",,beheerpdok@kadaster.nl,,,,,"('-0.8328', '49.8925', '10.7149', '54.3789')",Geen beperkingen (https://creativecommons.org/publicdomain/mark/1.0/deed.nl),otherRestrictions,,https://service.pdok.nl/rvo/natuurmetingopkaart/wfs/v1_0?request=GetCapabilities&service=WFS
bd53886a-f98d-4b2a-a608-c3fe44b19218,dataset,ISO 19115,WMS; WFS,2024-12-05,dut,28992,Speelnatuur van Staatsbosbeheer,recreatie; speeltuin; natuur,U ziet de speelbossen en speelnatuur (groene stippen) en speelvijvers (blauwe stippen) van Staatsbosbeheer in 2024. Kinderen kunnen hier buitenspelen in en met de natuur. De ene locatie heeft meer voorzieningen en is groter dan de andere. Klik met de muis op één van de stippen voor de naam en beschrijving van dat stukje speelnatuur.,Atlas Leefomgeving,atlasleefomgeving@rivm.nl,,Atlas Leefomgeving,,,"('2.7739277151845814', '50.65795802132527', '7.377556045516014', '53.686732781088224')",Geen beperkingen (http://creativecommons.org/publicdomain/mark/1.0/deed.nl),otherRestrictions,,https://data.rivm.nl/geo/alo/wfs?request=GetCapabilities
5dacef44-361e-4a3d-b86f-1d6d26297337,service,ISO 19115,WFS,2025-07-18,dut,,CBS Gebiedsindelingen 2022 WFS,statistische eenheden; gebiedsindeling; gemeente; landsdeel; provincie; buurt; corop-gebied; ggd-regio; nuts3; nuts1; nuts2; wijk; grootstedelijke aglomeratie; stadsgewest; corop-plusgebied; corop-subgebied; landbouwgebied; landbouwgroep; rpa-gebied; toeristengroep; toeristengebied; arrondissementsgebied; brandweerregio; kamer van koophandelregio; politieregio; regionale eenheid; veiligheidsregio; zorgkantoorregio; arbeidsmarktregio; jeugdregio,"Het bestand CBS gebiedsindelingen geeft de gebiedsindelingen die het CBS hanteert. De indelingen zijn gegeven van 2016 t/m het meest recente jaar in gegeneraliseerde vorm. Het meest recente jaar bevat in de eerste helft van dat jaar voorlopige grenzen en nog geen wijken en buurten voor dat jaar. De volgende gebiedsindelingen kunnen voorkomen: Gemeente, Landsdeel, Provincie, Buurt, COROP-gebied, GGD-regio, NUTS3, NUTS1, NUTS2, Wijk, Grootstedelijke aglomeratie, Stadsgewest, COROP-plusgebied, COROP-subgebied, Landbouwgebied, Landbouwgroep, RPA-gebied, Toeristengroep, Toeristengebied, Arrondissementsgebied, Brandweerregio, Kamer van Koophandelregio, Politieregio, Regionale Eenheid, Veiligheidsregio, Zorgkantoorregio, Arbeidsmarktregio en Jeugdregio. In de metadata zijn alleen de lagen van het laatste jaar opgenomen.",,beheerpdok@kadaster.nl,,,,,"('2.55496711', '50.63305917', '7.80148461', '53.67894732')",Geen beperkingen (https://creativecommons.org/publicdomain/mark/1.0/deed.nl),otherRestrictions,,https://service.pdok.nl/cbs/gebiedsindelingen/2022/wfs/v1_0?request=GetCapabilities&service=WFS
cbf12273-52aa-412a-a757-04dcfb43e951,dataset,ISO 19115,WMS; WFS,2024-12-05,dut,28992,Diffuus lood,flevoland; bodem; bodembescherming; bodemkwaliteit; bodemonderzoek; bodemverontreiniging,"Diffuus lood komt heterogeen in de bodem voor, en kent soms een ruimtelijke spreiding waar het in kleinere gebieden min of meer geclusterd voorkomt. Deze “kleinere” relevante gebieden die een middenniveau vormen tussen enerzijds de locatie specifieke gevallen en anderzijds de grotere deelgebieden uit de bodemkwaliteitskaarten, vormen een extra aandachtspunt. Bij het voorkomen van hogere loodgehalten in gebieden uit het middenniveau bestaat er mogelijk een verhoogde kans op humane risico’s.",Provincie Flevoland,info@flevoland.nl,,,,Provincie Flevoland; Provincie Flevoland,"('4.62', '52.04', '6.29', '53.16')",Geen beperkingen (http://creativecommons.org/publicdomain/zero/1.0/deed.nl),otherRestrictions,,https://geo2.flevoland.nl/geoserver/Extern/wfs?request=GetCapabilities
09167029-c41a-4f7a-bbf5-299570cc999d,service,ISO 19115,WFS,2025-03-14,dut,,CBS Postcode4 statistieken 2016 WFS,Demografie; Postcode; Pc4; Statistiek; Bevolking; Inwoners; Leeftijd; Herkomst; Woningen; Inkomen; Sociale_zekerheid; Woz; Woningeigendom; Huur; Voorziening; Nabijheid; Spreiding_van_de_bevolking,"Het bestand CBSpostcode4 bevat statistische gegevens naar numeriek deel van een postcode (1234).
Met ingang van maart 2021 zijn gegevens over het jaar 2020 toegevoegd en zijn het aantal gegevens van de jaren 2019, 2018 en 2017 aanzienlijk uitgebreid met gegevens over demografie, woningen, energie, inkomen, sociale zekerheid, nabijheid van voorzieningen en dichtheid.

Lees voor meer informatie:
https://www.cbs.nl/nl-nl/longread/diversen/2021/statistische-gegevens-per-vierkant-en-postcode-2020-2019-2018",,beheerpdok@kadaster.nl,,,,,"('1.086', '50.5622', '8.4677', '55.8094')","Naamsvermelding verplicht, organisatienaam (https://creativecommons.org/licenses/by/4.0/deed.nl)",otherRestrictions,,https://service.pdok.nl/cbs/postcode4/2016/wfs/v1_0?request=GetCapabilities&service=WFS
77828b22-ec43-4cba-9278-888ab54e8a39,service,ISO 19115,WMS,2025-03-14,dut,,CBS Postcode6 statistieken 2015 WMS,Demografie; Postcode; Pc6; Statistiek; Bevolking; Inwoners; Leeftijd; Herkomst; Woningen; Inkomen; Sociale_zekerheid; Woz; Woningeigendom; Huur; Voorziening; Nabijheid; Spreiding_van_de_bevolking,"De WMS service postcode6 bevat statistische gegevens per postcode vanaf 2015. 

Met ingang van maart 2021 zijn gegevens over het jaar 2020 toegevoegd en zijn het aantal gegevens van de jaren 2019, 2018 en 2017 aanzienlijk uitgebreid met gegevens over demografie, woningen, energie, inkomen, sociale zekerheid, nabijheid van voorzieningen en dichtheid. 

Lees voor meer informatie: https://www.cbs.nl/nl-nl/longread/diversen/2021/statistische-gegevens-per-vierkant-en-postcode-2020-2019-2018",,beheerpdok@kadaster.nl,,,,,"('1.086', '50.5622', '8.4677', '55.8094')","Naamsvermelding verplicht, organisatienaam (https://creativecommons.org/licenses/by/4.0/deed.nl)",otherRestrictions,,
9128fe63-f7d0-4190-b73c-4de4c0b422e9,service,ISO 19115,WMS,2024-11-15,dut,,Projecten Deltaplan Agrarisch Waterbeheer WMS,deltaplan agrarisch waterbeheer; daw; water; waterkwaliteit; waterkwantiteit; waterbeheer; grondwater; oppervlaktewater; natuur en milieu; binnenwater; landbouw en veeteelt,"Overzicht van projecten waarin agrariers, waterschappen en andere partijen onder de vlag van het Deltaplan Agrarisch Waterbeheer werken aan een betere waterkwaliteit, beter omgaan met zoetwaterbeschikbaarheid en betere agrarische bedrijfsresultaten.",,beheerpdok@kadaster.nl,,,,,"('2.136', '50.5588', '8.1599', '53.7497')",Geen beperkingen (https://creativecommons.org/publicdomain/mark/1.0/deed.nl),otherRestrictions,,
6c119945-eedc-5d56-a366-1307aea59ef2,dataset,ISO 19115,,2015-11-12,dut,28992,Provinciale Omgevingsverordening 2015 - Bodemenergie restrictiegebieden zone 1 (historie),WKO,Deze kaartlaag maakt onderdeel uit van de op 23 september 2015  vastgestelde versie van de Provinciale Omgevingsverordening Drenthe. (Bijbehorende kaart C1).,Provincie Drenthe,post@drenthe.nl,,,,Team Gis/Cartografie (Provincie Drenthe),"('6.105', '52.601', '7.109', '53.213')",Geen beperkingen,otherRestrictions,,
{B5AF7A32-09EE-4B62-BD2F-27B0F2902113},dataset,ISO 19115,WFS; WMS,2022-04-22,dut,,Provinciale Milieu Verordening - Stiltegebieden,Milieu; Natuur; Beschermde gebieden; Downloadable Data,"Deze kaart is vastgesteld door GS op 18 november 2013 en toont de 39 stiltegebieden die de Provincie Noord-Holland rijk is. De gebieden met nr 26 en 28 zijn vervallen. De stiltegebieden zijn opgenomen in het Milieubeleidsplan 2015-2018 en verankerd in de Provinciale Milieu Verordening (PMV) door middel van de aanwijzing als milieubeschermingsgebieden categorie stilte. De Provincie is van plan haar beleid rond stiltegebieden eind 2016 te herzien. Eventuele aanpassingen die hieruit volgen zullen later op een geactualiseerde kaart worden opgenomen. De ligging van de gebieden is gebaseerd op het onderzoek ""evaluatie stiltegebieden"" (2001) en Intentiewaardering uit 1985.",Provincie Noord-Holland,kaartendata@noord-holland.nl,,,,,"('4.48', '52.171', '5.335', '53.192')",Geo Gedeeld licentie (http://creativecommons.org/publicdomain/zero/1.0/deed.nl),otherRestrictions,,https://geoservices.noord-holland.nl/ags/services/oi_dataservice_gsps_alg/MapServer/WFSServer?request=GetCapabilities&service=WFS
c28695e9-18b5-4b64-9378-949449139791,dataset,ISO 19115,,2025-04-08,dut,28992,Thermische Energie Afvalwater (TEA - potentie) RWZI's en Rioolgemalen,Thermische Energie Afvalwater; TEA-potentie,"De laag TEA- potentie toont het potentieel aan restwarmte van RWZI's en Rioolgemalen in Nederland. Waterschappen en enkele gemeenten leverden de data aan voor het berekenen van  TEA-potentie. Daarnaast komt er ook biogas vrij, dat gebruikt wordt in een WKK om stroom en warmte op te wekken. 

Eind 2024 is een rapportage gemaakt omtrent TEA potentie van RWZI's om gemeenten een stap verder te helpen:. Zie: https://syntraal.omgevingswarmte.nl/EFGF/maptour
Hoeveel warmte we uit het effluentwater kunnen halen, hangt af van de temperatuur van het water. Voor de berekening van warmtecapaciteit rekenen we meestal met een temperatuurverlaging van 5 graden Celsius, maar in sommige gevallen mag de temperatuurverlaging groter zijn. Bij alle waterschappen lijkt er een sterke voorkeur te bestaan voor het benutten van TEA uit het effluent van rwzi’s boven het benutten van het influent van een rwzi (riothermie). Het onttrekken van warmte uit het influent kan het zuiveringsrendement van rwzi’s mogelijk beïnvloeden.

Zie ook de https://aquathermieviewer.nl/ voor meer informatie.
Data afkomstig uit de Landelijke tabellen van de Aquathermieviewer",,klantcontact@rvo.nl,,,,,"('-31.2943', '40.6303', '40.1195', '62.3464')",Geen beperkingen (http://creativecommons.org/publicdomain/mark/1.0/deed.nl),otherRestrictions,,
feabca04-e3fd-4802-96f2-583d328e30ad,service,ISO 19115,WFS,2025-03-14,dut,,CBS Wijken en Buurten 2018 versie 3 WFS,cbs; wijken; buurten; gemeenten; statistiek; bevolkingdichtheid; inwoners; herkomst; autos; huishoudens; nabijheid,"Het Bestand Wijk- en Buurtkaart 2018 bevat de geometrie van alle gemeenten, wijken en buurten in Nederland met als attribuut een aantal statistische kerncijfers. De begrenzingen van wijken en buurten zijn voor een groot deel gebaseerd op wat de gemeenten aan het CBS doorgeven. De gemeentegrens is afkomstig uit de BRK van het Kadaster. De land-watergrens uit het Bestand Bodemgebruik 2015. Deze derde versie bevat de meeste kerncijfers. Hierna volgt geen update meer.",,beheerpdok@kadaster.nl,,,,,"('2.7383', '50.6633', '7.6448', '53.6501')",Geen beperkingen (https://creativecommons.org/publicdomain/mark/1.0/deed.nl),otherRestrictions,,https://service.pdok.nl/cbs/wijkenbuurten/2018/wfs/v1_0?request=getcapabilities&service=wfs
ffffffb4-15e1-5bf4-a8f6-045c50dcae90,dataset,ISO 19115,,2014-11-04,dut,28992,PAS maatregelen (vlakken) (historie),ammoniak; landbouw; Natura 2000; stikstof,"Om de doelstellingen van het Europese natuurbeleid te halen, moet de neerslag van stikstof in Natura2000-gebieden omlaag. In het kader van het Programma Aanpak Stikstof (PAS) zijn afspraken gemaakt om de ammoniakuitstoot uit de landbouw te verminderen.",Provincie Drenthe,post@drenthe.nl,,,,Team Gis/Cartografie (Provincie Drenthe),"('6.105', '52.601', '7.109', '53.213')",Geen beperkingen,otherRestrictions,,
525663c1-5640-4935-8020-11c159dc2501,dataset,ISO 19115,WFS; WMS,2023-04-24,dut,28992,Energie uit oppervlaktewater (EOW) | Warmte - Gemalen en Stuwen (Dataset),bodem; energie; water,"Kunstwerken
Gemalen (en andere kunstwerken) kunnen voorzien worden van warmtewisselaars waarmee warmte gewonnen kan worden uit de waterstroom. 

Hiermee kan met een kleine investering een zeer hoog warmte vermogen worden opgewekt. Deze warmte (15 - 25 °C) wordt opgeslagen in het grondwater van de WKO waarmee het in de winter beschikbaar komt en kan worden ingezet voor verwarming met behulp van een warmtepomp aan afnemers van warmte in de nabijheid van een kunstwerk.

Beschrijving
De dataset beschrijft het economisch winbaar potentieel van energie uit oppervlaktewater ten opzichte van de huidige warmtevraag gecorrigeerd voor de bodemopslagcapaciteit voor WKO uitgedrukt in geschiktheidsklassen (matig geschikt, redelijk geschikt, geschikt, zeer geschikt, uitstekend geschikt) van een locatie binnen een straal van 1.000 meter van kunstwerken.",,klantcontact@rvo.nl,,,,,"('3.1171766051524608', '50.70616274502519', '7.307676276673971', '53.53586301402093')",Geen beperkingen (http://creativecommons.org/publicdomain/zero/1.0/deed.nl),otherRestrictions,,http://www.warmteatlas.nl/geoserver/WarmteAtlas/wfs?request=GetCapabilities&service=WfS
ffffffdf-a322-5b77-bbfd-b95a7d8f5b84,dataset,ISO 19115,WMS,2022-06-01,dut,28992,Risico op ondergrondverdichting,bodem; bodemgebruik; grasland; grondgebruik; kwetsbaarheid; risico; verdichting; zandgrond,Dit gridbestand (met celgrootte 25x25 m) geeft in een aantal klassen informatie over het risico op ondergrondverdichting in relatie tot het landgebruik.,Provincie Drenthe,post@drenthe.nl,,,,Team Gis/Cartografie (Provincie Drenthe),"('3.1617316', '50.4624242', '7.135964', '53.388444')",Geen beperkingen,copyright,,
ffffffcb-987d-5e7e-b9b0-eed0a2b08fbc,dataset,ISO 19115,,2008-11-14,dut,28992,Ontwikkelingsschets verblijfsrecreatie (historie),recreatie; ruimtelijke ordening; streekplan,"Ontwikkelingsschets voor de verblijfsrecreatie. Streekplan Drenthe, kaart B.3.3.",Provincie Drenthe,post@drenthe.nl,,,,Team Gis/Cartografie (Provincie Drenthe),"('6.105', '52.601', '7.109', '53.213')",Geen beperkingen,copyright,,
d3016462-f3ce-5f0a-8a96-97d737a99091,dataset,ISO 19115,,2014-09-17,dut,28992,"EHS 2014, ecologische verbindingen (historie)",ecologie; ecologische verbinding; EHS; natuur,De ecologische verbindingen zijn essentiele onderdelen van de EHS (Ecologische Hoofdstructuur): de tracees en de invulling zijn nog niet overal afgerond. Om die reden staan ze indicatief op de EHS-kaart.,Provincie Drenthe,post@drenthe.nl,,,,Team Gis/Cartografie (Provincie Drenthe),"('6.105', '52.601', '7.109', '53.213')",Geen beperkingen,otherRestrictions,,
ffffffd0-8d67-55ef-9d63-fde938d3e8aa,dataset,ISO 19115,,2012-09-25,dut,28992,"Drentsche Aa, inventarisatie dotterbloemen (historie)",flora; nationaal landschap; natuur,"Dit bestand geeft een inventarisatie van de dotterbloemen weer in het nationaal landschap Drentsche Aa,",Provincie Drenthe,post@drenthe.nl,,,,Team Gis/Cartografie (Provincie Drenthe),"('6.105', '52.601', '7.109', '53.213')",Geen beperkingen,copyright,,
76751554-8902-5cae-8b3f-ce26f0c6fbbd,dataset,ISO 19115,WMS; WFS,2024-02-09,dut,28992,Provinciale Omgevingsverordening 2023 - Harde grens stad en land,grens; landschap; omgevingsverordening; stadsrandzone,"De Drentsche Aa (Assen), het Oude Diep (Hoogeveen) en de Reest (Meppel) zijn iconisch voor de ruimtelijke kwaliteit van Drenthe. Deze waarden willen we behouden en versterken. Uitbreiding van de aangrenzende steden achten wij hier onwenselijk.",Provincie Drenthe,post@drenthe.nl,,,,Team Gis/Cartografie (Provincie Drenthe),"('6.105', '52.601', '7.109', '53.213')",Geen beperkingen,otherRestrictions,,https://kaartportaal.drenthe.nl/server/services/GDB_actueel/GBI_POV2023_HARDEGRENSSTADLAND_V/MapServer/WFSServer?SERVICE=WFS&REQUEST=GetCapabilities
3e91fc95-31c7-4bbe-bd21-b0a244963493,dataset,ISO 19115,WMS; WFS,2022-05-25,dut,28992,"Meetlocaties PFOS - diep, beïnvloed",PFOA; PFOS; bodem,"In deze kaart zijn de meetlocaties te zien die door het RIVM bemonsterd zijn ten behoeve van het onderzoek naar de afleiding van de definitieve achtergrondwaarde PFAS in landbodem. De kaart laat meetwaarden zien van PFOS in de diepere bodemlaag (50 - 100 cm) in potentieel beïnvloede gebieden. Omdat de afleiding van de definitieve achtergrondwaarden is gebaseerd op de toplaag van de onbeïnvloede landbodem, zijn deze meetwaarden niet meegenomen in de afleiding van de definitieve achtergrondwaarde.",Atlas Leefomgeving,atlasleefomgeving@rivm.nl,,,,,"('3.37087', '50.7539', '7.21097', '53.4658')",geen beperkingen,otherRestrictions,,https://data.rivm.nl/geo/alo/wfs?
fffffffa-954f-524c-b395-ad730f346e79,dataset,ISO 19115,,2011-01-01,dut,28992,"Versterken in- afvoermogelijkheden elektriciteit (OGV, 2010) (historie)",omgevingsvisie,"Deze kaart geeft het versterken van in- en afvoermogelijkheden van elektriciteit weer, zoals opgenomen in kaart 8 (Energie infrastructuur) van de in de door Provinciale Staten op 2 juni 2010 vastgestelde Omgevingsvisie.",Provincie Drenthe,post@drenthe.nl,,,,Team Gis/Cartografie (Provincie Drenthe),"('6.105', '52.601', '7.109', '53.213')",Geen beperkingen,otherRestrictions,,
93a9571d-1754-47ee-a8f9-92633abfab3a,service,ISO 19115,WFS,2024-11-21,dut,3035,Spreiding van soorten - Invasieve Exoten (INSPIRE geharmoniseerd) WFS,invasieve exoten,Invasieve exoten in Nederland conform de aanlevering aan Europa,,beheerpdok@kadaster.nl,,,,,"('2.9069', '50.6898', '7.5008', '53.6248')",Geen beperkingen (https://creativecommons.org/publicdomain/mark/1.0/deed.nl),otherRestrictions,,https://service.pdok.nl/rvo/spreiding-van-soorten/invasieve-exoten/wfs/v1_0?request=GetCapabilities&service=WFS
2cbda3cc-d171-4bfc-819b-eddc29d20d94,dataset,ISO 19115,,2024-10-15,dut,28992,Overwegpunt,Vervoersnetwerken,Deze kaartlaag geeft de locatie van een overweg.,ProRail AM Informatie,geo@prorail.nl,,,,,"('3.1089', '50.7165', '7.4482', '53.5016')",geen beperkingen,otherRestrictions,,
f253f86f-f0ac-49c6-acd4-dd3ab451ffe6,dataset,ISO 19115,WMS,2022-05-25,dut,28992,Aantal kinderen per km2 in oudere kinderdagverblijven,lood; leiding; gezondheid; blootstelling; kinderen; kinderdagverblijf,"Op de kaart ziet u het aantal kinderen per km2 dat in oudere kinderdagverblijven verblijft en daardoor mogelijk aan meer lood staat blootgesteld.

Vóór 1945 zijn in panden vooral loden drinkwaterleidingen aangelegd. Ongeveer vanaf 1960 is hiermee gestopt. De drinkwaterbedrijven hebben de waterleidingen buitenshuis in de periode 1995-2002 merendeels vervangen. Voor leidingen binnenshuis zijn huiseigenaren zelf verantwoordelijk. In oudere panden bestaat daarom de kans dat er nog loden leidingen aanwezig zijn.",Atlas Leefomgeving,atlasleefomgeving@rivm.nl,,,,,"('3.37087', '50.7539', '7.21097', '53.4658')",geen beperkingen,otherRestrictions,,
45f9ddb3-8929-4c6c-aa99-dc99f7cedb04,service,ISO 19115,WMS,2025-03-12,dut,,CBS Vierkantstatistieken 500m 2021 WMS,Demografie; Statische_eenheden; Vierkant; Grid; Statistiek; Bevolking; Inwoners; Woning; Leeftijd; Herkomst; Woz; Inkomen; Energie; Stedelijkheid; Bevolkingdichtheid; Concentratie; Spreiding_van_de_bevolking,"Het bestand CBS vierkanten 500m bevat statistische gegevens per 500 meter bij 500 meter vierkant. Met ingang van augustus 2024 zijn gegevens over het jaar 2023 toegevoegd en zijn het aantal gegevens van de jaren 2022 en 2021 uitgebreid met gegevens over demografie, woningen, energie, inkomen, sociale zekerheid, nabijheid van voorzieningen en dichtheid.

Met ingang van het publicatiejaar 2022 is de indeling van inwoners naar migratieachtergrond vervangen door een indeling naar geboorteland en herkomst.
Met ingang van het publicatiejaar 2020 is het gemiddeld huishoudinkomen toegevoegd en is de categorie van het gestandaardiseerd huishoudinkomen komen te vervallen.",,beheerpdok@kadaster.nl,,,,,"('1.086', '50.5622', '8.4677', '55.8094')","Naamsvermelding verplicht, organisatienaam (https://creativecommons.org/licenses/by/4.0/deed.nl)",otherRestrictions,,
d40433c9-8999-47fc-a833-58ae762e9dc5,dataset,ISO 19115,,2019-12-15,dut,28992,Subchronische blootstelling van ratten aan hexachloorbenzeen,Rattus norvegicus; hexachloorbenzeen; milt; lymfeknopen; zwezerik; bloed; lever; nieren; toxicogenomics,genexpressie in rattenweefsels na consumptie van hexachloorbenzeen,RIVM/V&Z/GZB,jeroen.pennings@rivm.nl,,,,RIVM/V&Z/GZB; RIVM/V&Z/GZB,"('2.1943769153799892', '50.719508224348104', '8.04038938277185', '54.987059919430585')",Geen beperkingen,otherRestrictions,,
7f5d7945-8fa8-4d36-be4c-2fdb3c7d613b,dataset,ISO 19115,WMS; WMTS,2021-04-20,dut,28992,Luchtfoto Beeldmateriaal 2018 25cm infrarood open data,Landelijke voorziening beeldmateriaal; LVB; Beeldmateriaal; Luchtbeelden; Luchtfoto; Orthofoto; Ortho; Ortho25IR; Ortho25CIR; Orthofotomozaïek; Orthofotomozaiek; Mozaïek; Mozaiek; Lage resolutie; LR; Infrarood; CIR; Open data CC-BY,"De orthofotomozaïeken zijn een samenstelling van afzonderlijke infrarood orthofoto's, in principe van de centrale gedeelten van iedere orthofoto. Daardoor is de omvalling in de mozaïeken zo klein mogelijk gehouden. De orthomozaïeken zijn landsdekkend. Deze luchtfoto's zijn beschikbaar als open data.",Kadaster,dpi-gi@kadaster.nl,https://nationaalgeoregister.nl/geonetwork/srv/dut/catalog.search#/metadata/c6249d95-9c7a-4a08-8d94-86cb0bbf8be9,,,"Directie Operatie, Dienstverlening en Registratie, afdeling Data-, Proces- en Informatiemanagement (Kadaster); Contact (Het Waterschapshuis); Klantcontactcenter (Kadaster)","('3.30', '50.73', '7.24', '53.60')","Naamsvermelding verplicht, Beeldmateriaal.nl (http://creativecommons.org/licenses/by/4.0/deed.nl)",otherRestrictions,,
ef1f6c5d-9b8f-5d02-bf98-60df84979e2a,dataset,ISO 19115,,2004-09-29,dut,28992,"Kern, topografisch, medio 2001 (historie)",kern; ruimtelijke ordening; topografie,"Begrenzing van de kernen op basis van de topografische bladen van de Topografische Dienst Kadaster, situatie medio 2001.",Provincie Drenthe,post@drenthe.nl,,,,Team Gis/Cartografie (Provincie Drenthe),"('6.105', '52.601', '7.109', '53.213')",Geen beperkingen,copyright,,
2604b761-6031-5f7e-b330-7d221af2e9c1,dataset,ISO 19115,,2015-11-12,dut,28992,Provinciale Omgevingsverordening 2015 - Beekdal (historie),POV,"Een ruimtelijk plan dat een gebied bestrijkt dat samenvalt met een beekdal voorziet voor de desbetreffende gebieden in voorwaarden (Nee, tenzij)  voor het realiseren van kapitaalintensieve functies.Deze kaartlaag maakt onderdeel uit van de op 23 september vastgestelde versie van de Provinciale Omgevingsverordening Drenthe. (Bijbehorende kaarten D7 en D14).",Provincie Drenthe,post@drenthe.nl,,,,Team Gis/Cartografie (Provincie Drenthe),"('6.105', '52.601', '7.109', '53.213')",Geen beperkingen,otherRestrictions,,
739d3356-8c8b-4fc7-920d-db36ab742044,dataset,ISO 19115,,2019-09-16,dut,,Strooiroutes,Strooiroute; strooien; gladheid; gladheidbestrijding,De dataset is te downloaden van het gemeentelijk open data portaal: https://gemeente-bloemendaal.opendata.arcgis.com/search/protocol: website,Gemeente Bloemendaal en Gemeente Heemstede,postbusgeo@heemstede.nl,,,,Daniël van Dok (Gemeente Bloemendaal en Gemeente Heemstede); Daniël van Dok (Gemeente Bloemendaal en Gemeente Heemstede),"('52.320767', '4.583637', '52.335706', '4.629852')",,otherRestrictions,,
8555778f-92bf-4eeb-a1db-4626bc036848,dataset,ISO 19115,WMS; WFS,2023-12-28,dut,,Wierden (Omgevingsverordening),CULTUURHISTORIE; CULTUURLANDSCHAPPEN; PROVINCIALE VERORDENINGEN; LANDSCHAPSBEHEER; LANDSCHAPSONTWIKKELING; OMGEVINGSWET; Downloadable Data,Dit bestand bevat wierden zoals vastgesteld in de Omgevingsverordening provincie Groningen. In deze Omgevingsverordening hebben wij regels opgenomen ter bescherming van deze gebieden.   In onze provincie liggen veel karakteristieke nederzettingen waarvan de ruimtelijke structuur nauw verbonden is met het omliggende landschap. Wij beschermen deze waarden. Het gaat om onder andere wierdendorpen.  Op grond van het 3.1.6 van het Besluit ruimtelijke ordening moeten gemeenten voor cultuurhistorische waarden beschermende regels opnemen.,Provincie Groningen,geoportaal@provinciegroningen.nl,,,,Datateam Beleid (Provincie Groningen),"('6.286002', '53.2183', '7.074122', '53.406676')",Geen beperkingen (https://creativecommons.org/publicdomain/mark/1.0/deed.nl),otherRestrictions,,https://geoservices.provinciegroningen.nl/server/services/Beleidsplannen/Omgevingsverordening/MapServer/WFSServer?request=GetCapabilities
34d4468a-780d-43cf-91f8-b1d3b3e3c7a5,service,ISO 19115,WFS,2025-03-12,dut,,CBS Vierkantstatistieken 100m 2003 WFS,demografie; vierkant; grid; statistiek; bevolking; inwoners; leeftijd; herkomst; woningen; inkomen; sociale_zekerheid; woz; woningeigendom; huur; voorziening; nabijheid; statistische_eenheden; spreiding_van_de_bevolking,"Het bestand CBS vierkanten 100m bevat statistische gegevens per 100 meter bij 100 meter vierkant. Met ingang van maart 2022 is het jaar 2021 toegevoegd en zijn het aantal kerncijfers van de jaren 2020 en 2019 aanzienlijk uitgebreid met gegevens over demografie, woningen, energie, inkomen, sociale zekerheid, nabijheid van voorzieningen en dichtheid.",,beheerpdok@kadaster.nl,,,,,"('3.1467', '50.7309', '7.3467', '53.5083')",Geen beperkingen (https://creativecommons.org/publicdomain/mark/1.0/deed.nl),otherRestrictions,,https://service.pdok.nl/cbs/vierkantstatistieken100m/2003/wfs/v1_0?request=GetCapabilities&service=WFS
dac5d7c4-fa19-4822-8e49-80b3486c6df5,dataset,ISO 19115,WMS; WFS,2019-01-29,dut,28992,Regionale luchthaven Groningen Airport Eelde (Omgevingsvisie 2016-2020),STRUCTUURPLANNEN; VLIEGVELDEN; INFRASTRUCTUUR; LUCHTVAART; VERKEER EN VERVOER,"Dit bestand bevat de regionale luchthaven Groningen Airport Eelde zoals vastgesteld in de Omgevingsvisie provincie Groningen 2016-2020. 
Wij faciliteren Groningen Airport Eelde onder meer door het vaststellen van de strategie, goedkeuring van majeure investeringsbeslissingen, lobbyen en daar waar nodig financiering van projecten.",Provincie Groningen,geoportaal@provinciegroningen.nl,,,,Afdeling INFO (Provincie Groningen),"('6.586', '53.128', '6.586', '53.128')",geen beperkingen,otherRestrictions,,https://geoservices.provinciegroningen.nl/server/services/Beleidsplannen/Omgevingsvisie/MapServer/WFSServer
baa1ea45-1cdc-4589-9793-b9f245b7776d,dataset,ISO 19115,,2017-02-20,dut,28992,"Totaal stikstof, Waterbeheerplan",Waterbeheersplan; WBP; Stikstof; Kaderrichtlijn water; KRW; Normwaarde; Goede toestand; Goede chemische toestand (GCT); Waterbeheerplan,Ook stikstof maakt onderdeel uit van de goede chemische toestand die uiterlijk in 2027 bereikt dient te zijn (algemeen fysisch chemische parameter),Waterschap Aa en Maas,geoloket@aaenmaas.nl,,,,Waterschap Aa en Maas; Waterschap Aa en Maas,"('5.06', '51.31', '6.05', '51.86')",http://creativecommons.org/publicdomain/mark/1.0/deed.nl,otherRestrictions,,
b8d47a7b-899d-5c1b-acad-b094ef878c95,dataset,ISO 19115,,2012-10-29,dut,28992,Geluidscontour nachtperiode EU-geluidsbelastingkaart 2011 (basis: wegen met intensiteit groter dan 3 mln. voertuigen p.jr.) (historie),EU-geluidsbelastingkaart; geluidscontouren,Geluidscontouren nachtperiode voor het basisjaar 2011. Dataset is tot stand gekomen in het kader van EU-richtlijn Omgevingslawaai. Dataset wordt eens per vijf jaar gemaakt. Deze dataset is gebaseerd op alle provinciale wegen met een intensiteit van meer dan 3 miljoen voertuigen per jaar.,Provincie Drenthe,post@drenthe.nl,,,,Team Gis/Cartografie (Provincie Drenthe),"('6.105', '52.601', '7.109', '53.213')",Geen beperkingen,copyright,,
73b3c793-e76c-4a02-95cb-dc380f043749,dataset,ISO 19115,,2018-07-10,dut,,Zitbanken gemeente Heemstede,Landgebruik; Zitbanken; Heemstede,"Deze dataset bevat de locaties van alle zitbanken binnen de gemeente Heemstede.
Naast de locatie heeft elk record een ID en een X- en Y-coordinaat.
De dataset wordt maandelijks bijgewerkt, tenzij er geen wijzigingen zijn doorgevoerd in de brondata.",Gemeente Heemstede,Postbusgeo@heemstede.nl,,,,,"('4.587085259556759', '52.323040153937995', '4.643633375225596', '52.36538145666808')",Geen beperkingen,otherRestrictions,,
0bbe49e1-bd4a-4762-9e36-9a61c905b444,dataset,ISO 19115,,2019-11-06,dut,28992,Template Nederlands metadata profiel op ISO 19115 voor geografie 1.3.1,,,,,,,,,"('3.37087', '50.7539', '7.21097', '53.4658')",Geen beperkingen,otherRestrictions,,
a86189cc-54bf-44ea-9c7e-bc3c15759f1d,dataset,ISO 19115,,2024-10-30,dut,28992,"Omgevingsverordening, Gesloten stortplaats",afvalstortplaatsen; bodemverontreiniging; provinciale verordeningen; volksgezondheid,"Dit bestand bevat de gesloten stortplaatsen van de Provincie Noord-Brabant. Het doel van de regeling die in de Omgevingsverordening ter plaatse van deze locatie is opgenomen, is te waarborgen dat in geval van het verrichten van activiteiten op een gesloten stortplaats de aanwezigheid van die stortplaats geen nadelige gevolgen voor het milieu heeft. Dit houdt o.a. in dat aan de aangebrachte nazorgvoorzieningen zoals afdeklagen en ontgassingsinstallaties geen schade wordt toegebracht.",Provincie Noord-Brabant,Geo@brabant.nl,,GEO,,,"('4.382', '51.229', '5.623', '51.654')",,copyright,,
e82f2b23-c508-4b9e-b290-690886016490,dataset,ISO 19115,WFS; WMS,2022-04-29,dut,,Werkingsgebied - Ganzenfoerageergebieden,ruimtegebruik; ruimtelijke ordening,"Deze werkingsgebied maakt onderdeel uit van Omgevingsverordening NH2020, vastgesteld op 16-11-2020 (besluitnr.: 1477251/1478383). Het plan is te raadplegen op ruimtelijkeplannen.nl via deze link:  https://www.ruimtelijkeplannen.nl/viewer/view?planidn=NL.IMRO.9927.POVPNH-VG01  Meer informatie over deze werkingsgebied is te lezen in artikel(en): 4.8",Provincie Noord-Holland,kaartendata@noord-holland.nl,,,,,"('4.96', '52.246', '5.139', '52.576')",Geo Gedeeld licentie (http://creativecommons.org/publicdomain/mark/1.0/deed.nl),otherRestrictions,,https://geoservices.noord-holland.nl/ags/services/oi_dataservice_povnh2020/MapServer/WFSServer?request=GetCapabilities&service=WFS
19a5d22d-b5c0-42f1-ba2c-9b5d0db75ddd,dataset,ISO 19115,WMS; WFS,2013-11-13,dut,28992,Historische geografie - petgaten,CULTUURHISTORIE; VEEN; WATER,"Bestand met locaties van veenwinning en petgaten. Op de kaart zijn alle petgaten die er, voor zover ons bekend, zijn geweest aangegeven. Een groot deel ervan is later drooggemalen of gedempt en de resterende complexen (o.a. Alde Feanen, Deelen, Rottige Meenthe) hebben thans meestal een functie als natuurgebied.",provincie Fryslân,provincie@fryslan.frl,,,,,"('4.927', '52.804', '6.370', '53.503')",http://creativecommons.org/publicdomain/mark/1.0/deed.nl,otherRestrictions,,https://geoportaal.fryslan.nl/arcgis/services/ProvinciaalGeoRegister/PGR2/MapServer/WFSServer?
8498D10B89EA1D43E053D2041EACBDD8,dataset,ISO 19115,WMS; WFS,2022-06-01,dut,28992,Omgevingsvisie 2018 - Bergingsgebied,locaties,Door Provinciale Staten van Drenthe op 3 oktober 2018 vastgestelde versie van Bergingsgebied. Wij zorgen er voor dat de functie waterberging in de bergingsgebieden langjarig gehandhaafd blijft. Waterberging is het tijdelijk opslaan van grote hoeveelheden water. Deze maatregel wordt ingezet als grootschalige wateroverlast voorkomen moet worden en alle andere maatregelen tekortschieten. Kaart robuust en klimaatbestendig watersysteem,Provincie Drenthe,post@drenthe.nl,,,,Team Gis/Cartografie (Provincie Drenthe),"('6.105', '52.601', '7.109', '53.213')",Geen beperkingen,otherRestrictions,,https://kaartportaal.drenthe.nl/server/services/GDB_actueel/GBI_AOV18_K8_BERGINGSGEBIED_V/MapServer/WFSServer
ffffffd0-312c-5c26-ab8f-c906c43854ac,dataset,ISO 19115,,2012-10-29,dut,28992,Wegen voor EU-geluidsbelastingkaart 2011 (historie),EU-geluidsbelastingkaart; wegen,Geluidscontouren etmaalperiode voor het basisjaar 2011. Dataset is tot stand gekomen in het kader van EU-richtlijn Omgevingslawaai. Dataset wordt eens per vijf jaar gemaakt. Deze dataset is gebaseerd op alle provinciale wegen.,Provincie Drenthe,post@drenthe.nl,,,,Team Gis/Cartografie (Provincie Drenthe),"('6.105', '52.601', '7.109', '53.213')",Geen beperkingen,copyright,,
859d0729-adbf-4bd5-82ee-483dbf1b763f,dataset,ISO 19115,WMS,2022-12-16,dut,28992,"Fijnstof 2014 (pm2,5)","pm2,5; fijnstof; model; luchtkwaliteit; gezondheid","Deze kaart toont de gemodelleerde concentratie fijn stof (µg pm2,5/m³) voor 2014 op basis van rekenpunten uit de monitoringstool van het nsl. Deze vlakdekkende kaart van Nederland heeft een resolutie van 25 meter.",Atlas Leefomgeving,atlasleefomgeving@rivm.nl,,,,Atlas Leefomgeving,"('3.37087', '50.7539', '7.21097', '53.4658')",Geen beperkingen,otherRestrictions,,
42db3dca-08b1-4555-a143-f259b514fe24,dataset,ISO 19115,,2019-12-19,,,LGN5 Monitoringsbestand,Landbouw; Landgebruik; Orthobeeldvorming,"Het LGN5-monitoringsbestand is een rasterbestand met een resolutie van 25 meter. Dit  bestand biedt de mogelijkheid om veranderingen in landgebruik, die in de periode 1999-2004 hebben plaatsgevonden, op een eenvoudige en betrouwbare manier op te kunnen sporen.",Wageningen Environmental Research,geodesk@wur.nl,,,,GeoDesk (Wageningen Environmental Research); Gerard Hazeu (Wageningen Environmental Research),"('3.047', '50.67', '7.304', '53.612')",Copyrighthouder: Wageningen Environmental Research,copyright,,
745968a3-37af-4406-988e-ec595f58c7fe,service,ISO 19115,WMS,2022-12-14,dut,,LCP emissies (Richtlijn Industriële emissies) 2016 (WMS),Faciliteiten voor productie en industrie,Bevat de emissies van stoffen naar de lucht en het brandstofverbruik van de grote vuurhaarden in Nederland (Large Combustion Plants) over het rapportagejaar 2016.,,emissieregistratie@rivm.nl,,,,Emissieregistratie; Emissieregistratie,"('3.37', '50.75', '7.21', '53.47')",Geen beperkingen (http://creativecommons.org/publicdomain/zero/1.0/deed.nl),otherRestrictions,,
53607349-a178-4129-b9c1-4d993b157fd6,service,ISO 19115,WMS,2025-07-18,dut,,Vervoersnetwerken - Wegen - Netwerk (INSPIRE geharmoniseerd) WMS,Vervoersnetwerken; Nationaal; Hoofdwegen (richtlijn omgevingslawaai); Vervoersnetwerk; Transport network; Knooppunten; Nodes; Wegen; Roads; Objecten; Objects; Kenmerken; Characteristics,De wms Vervoersnetwerken - Wegen - Netwerk bevat het transportnetwerk en fysieke objecten die verbonden zijn aan transport over wegen.,,beheerpdok@kadaster.nl,,,,,"('-13.4338', '46.2662', '22.6088', '57.6697')",Geen beperkingen (https://creativecommons.org/publicdomain/zero/1.0/deed.nl),otherRestrictions,,
5a6e5295-935b-4bc2-a6b7-0ce32811f3f9,dataset,ISO 19115,WMS,2022-12-16,dut,28992,Roet (EC) 2014,roet; EC; luchtkwaliteit; model; gezondheid,"Deze kaart toont de gemodelleerde concentratie roet (µg EC/m³) voor 2014, op basis van rekenpunten uit de monitoringstool van het nsl. Deze vlakdekkende kaart van Nederland heeft een resolutie van 25 meter.",Atlas Leefomgeving,atlasleefomgeving@rivm.nl,,,,Atlas Leefomgeving,"('3.37087', '50.7539', '7.21097', '53.4658')",Geen beperkingen,otherRestrictions,,
93fec593-8e79-4941-8bd6-1c1e60fcae0d,service,ISO 19115,WMS,2024-08-08,dut,,CBS Gebiedsindelingen 2011 WMS,Statistische eenheden; Gebiedsindeling; Gemeente; Landsdeel; Provincie; Buurt; COROP-gebied; GGD-regio; NUTS3; NUTS1; NUTS2; Wijk; Grootstedelijke aglomeratie; Stadsgewest; COROP-plusgebied; COROP-subgebied; Landbouwgebied; Landbouwgroep; RPA-gebied; Toeristengroep; Toeristengebied; Arrondissementsgebied; Brandweerregio; Kamer van Koophandelregio; Politieregio; Regionale Eenheid; Veiligheidsregio; Zorgkantoorregio; Arbeidsmarktregio; Jeugdregio,Deze service bevat de CBS Gebiedsindelingen van 2011. De volgende gebiedsindelingen kunnen voorkomen: Gemeente Landsdeel Provincie Buurt COROP-gebied GGD-regio NUTS1 NUTS2 NUTS3 Wijk COROP-plusgebied COROP-subgebied Landbouwgebied Landbouwgroep RPA-gebied Toeristengroep Toeristengebied Arrondissementsgebied KamervanKoophandelregio Regionale-Eenheid Veiligheidsregio Veiligthuisregio Zorgkantoorregio Arbeidsmarktregio Regioplus-arbeidsmarktregio Jeugdregio Ressort RES-regio Regionaalmeldcoördinatiepunt Regionale-energiestrategie SubRES-regio,,beheerpdok@kadaster.nl,,,,,"('1.086', '50.5622', '8.4677', '55.8094')","Naamsvermelding verplicht, organisatienaam (https://creativecommons.org/licenses/by/4.0/deed.nl)",otherRestrictions,,
f7021472-bc1d-489b-80a1-3158e9542f27,dataset,ISO 19115,WMS; WFS,2024-01-25,dut,,Waterkeringszones van primaire waterkeringen (Omgevingsverordening),PROVINCIALE VERORDENINGEN; DIJKEN; VEILIGHEID; WATERKERINGEN; RUIMTELIJKE ORDENING; OMGEVINGSWET; Downloadable Data,"Dit bestand bevat de waterkeringszones van primaire waterkeringen zoals vastgesteld in de Omgevingsverordening provincie Groningen. In deze verordening zijn regels opgenomen m.b.t. de waterkeringszone, die bestaat uit een beschermingszone, een bebouwingszone en een profiel van vrij ruimte.",Provincie Groningen,geoportaal@provinciegroningen.nl,,,,Datateam Beleid (Provincie Groningen),"('6.187038', '53.230293', '7.221534', '53.471821')",Geen beperkingen (https://creativecommons.org/publicdomain/mark/1.0/deed.nl),otherRestrictions,,https://geoservices.provinciegroningen.nl/server/services/Beleidsplannen/Omgevingsverordening/MapServer/WFSServer?request=GetCapabilities
8498D10B89F11D43E053D2041EACBDD8,dataset,ISO 19115,WMS; WFS,2022-06-01,dut,28992,Omgevingsvisie 2018 - Ecologische-multifunctionele verbinding,locaties,Dee Provinciale Staten van Drenthe op 3 oktober 2018 vastgestelde versie van Ecologische-multifunctionele verbindingen. Multifunctionele verbindingen zijn belangrijk voor de verspreiding van soorten tussen de verschillende gebieden van het Natuurnetwerk Nederland voor gezonde populatie plant- plant en diersoorten. Ze dragen daarmee bij aan de instandhouding en verbetering van de biodiversiteit. Net als ecologische verbindingen zijn multifunctionele verbindingen ook belangrijk om ontsnippering van de Drentse natuur te voorkomen. Visiekaart,Provincie Drenthe,post@drenthe.nl,,,,Team Gis/Cartografie (Provincie Drenthe),"('6.105', '52.601', '7.109', '53.213')",Geen beperkingen,otherRestrictions,,https://kaartportaal.drenthe.nl/server/services/GDB_actueel/GBI_AOV18_ECO_MULTIFUNC_VERB_L/MapServer/WFSServer
ffffffa6-bc69-5dfe-90be-7b089c759081,GIS dataset,ISO 19115,WMS; WFS,2024-02-09,dut,28992,Provinciale Omgevingsverordening 2023 - Bergingsgebied,locaties; omgevingsverordening; water; waterberging,Voor zover nodig bescherming van bergingsgebieden.,Provincie Drenthe,post@drenthe.nl,,,,Team Gis/Cartografie (Provincie Drenthe),"('6.105', '52.601', '7.109', '53.213')",Geen beperkingen,otherRestrictions,,https://kaartportaal.drenthe.nl/server/services/GDB_actueel/GBI_POV2023_BERGINGSGEBIED_V/MapServer/WFSServer
34dc4672-af0a-4843-9e08-386fcc511609,dataset,ISO 19115,WMS; WFS,2019-01-29,dut,28992,Hoogspanningsleiding Eemshaven Vierverlaten (Omgevingsvisie 2016-2020),HOOGSPANNINGSKABELS; ELEKTRICITEITSVOORZIENING; PLANGEBIEDEN; STRUCTUURPLANNEN; NUTSVOORZIENINGEN,"Dit bestand bevat de ruimtelijke reservering voor de hoogspanningsleiding Eemshaven-Vierverlaten zoals vastgesteld in de Omgevingsvisie provincie Groningen 2016-2020. Deze ruimtelijke reservering is mede opgenomen in de Structuurvisie Eemsmond-Delfzijl.
Bij de realisatie van de 380 kV hoogspanningsleiding Eemshaven-Vierverlaten zetten wij ons in voor een tijdige en kwalitatief goede natuurcompensatie van verstoorde weidevogelgebieden.",Provincie Groningen,geoportaal@provinciegroningen.nl,,,,Afdeling INFO (Provincie Groningen),"('6.467', '53.212', '6.862', '53.441')",geen beperkingen,otherRestrictions,,https://geoservices.provinciegroningen.nl/server/services/Beleidsplannen/Omgevingsvisie/MapServer/WFSServer
086b1f45-4cba-55a8-94b1-f493c9cc02a5,dataset,ISO 19115,,2009-03-31,dut,28992,"Infra, Prov. verkeers- en vervoersplan (historie)",infrastructuur; verkeer; vervoer; wegen,Functionele indeling van de (inter)regionale wegen overeenkomstig het Provinciaal verkeers- en vervoersplan.,Provincie Drenthe,post@drenthe.nl,,,,Team Gis/Cartografie (Provincie Drenthe),"('6.105', '52.601', '7.109', '53.213')",Geen beperkingen,copyright,,
1d93990e-4231-5756-bea5-671f80c36d9c,dataset,ISO 19115,,2002-02-08,dut,28992,Geohydrologische eenheid (B) (historie),grondwater; meetnet,Aanduiding hydrologische eenheden behorende bij de evaluatie van het grondwatermeetnet (B = Eerste watervoerend pakket).,Provincie Drenthe,post@drenthe.nl,,,,Team Gis/Cartografie (Provincie Drenthe),"('6.105', '52.601', '7.109', '53.213')",Geen beperkingen,copyright,,
9c5e05b7-276e-4d27-9d7f-4c53634357bf,dataset,ISO 19115,WMS; WFS,2019-11-11,dut,28992,Spuitvrije zone,spuitvrije zone; landbouw; gewasbescherming; gewassen; spuiten; oppervlaktewaterlichaam; bestrijdingsmiddel; onkruid bestrijding; gewasbeschermingsmiddel; spuitapparatuur,Spuitvrije zone van 4m vanuit de insteek langs de waterloop.,Waterschap Hunze en Aa's,gis_info@hunzeenaas.nl,,,,Waterschap Hunze en Aa's; Waterschap Hunze en Aa's,"('6.555415552502849', '52.909029677479985', '6.761459546326288', '53.18414364665598')",Geen beperkingen,otherRestrictions,,https://opendata.hunzeenaas.nl/geoserver/wfs
2d6bd74e-e533-48c3-9476-3f119260df32,dataset,ISO 19115,WMS; WFS,2024-10-29,dut,28992,Begrenzing Nationaal Park Nieuw Land,flevoland; Nationaal Park; Natuur; administratieve grenzen; natuurgebieden; recreatiegebieden,Begrenzing van het Nationaal Park Nieuw Land.,Provincie Flevoland,info@flevoland.nl,,,,Provincie Flevoland; Provincie Flevoland,"('4.62', '52.04', '6.29', '53.16')",Geen beperkingen (http://creativecommons.org/publicdomain/zero/1.0/deed.nl),otherRestrictions,,https://geo2.flevoland.nl/geoserver/Extern/wfs?request=GetCapabilities
ca9713a0-f3f8-4f8f-b512-cbd5083e2a0b,service,ISO 19115,WFS,2016-10-27,dut,,Fugro INSPIRE dowload service voor Nutsdiensten en overheidsdiensten,Nutsdiensten en overheidsdiensten,Fugro INSPIRE dowload service voor Nutsdiensten en overheidsdiensten gebaseerd op template NL profiel op ISO 19119 v1.2.1,Fugro GeoServices B.V.,servicedesk-geo@fugro.com,,,,Fugro GeoServices B.V.; Fugro GeoServices B.V.,"('3.37087', '50.7539', '7.21097', '53.4658')",http://creativecommons.org/publicdomain/zero/1.0/deed.nl,otherRestrictions,,https://www.wion-inspire.nl/geoserver/wfs?
1b2e3afd-e5dd-4d05-aeee-a75091a76beb,service,ISO 19115,WMS,2025-07-18,dut,,CBS Gebiedsindelingen 2016 WMS,statistische eenheden; gebiedsindeling; gemeente; landsdeel; provincie; buurt; corop-gebied; ggd-regio; nuts3; nuts1; nuts2; wijk; grootstedelijke aglomeratie; stadsgewest; corop-plusgebied; corop-subgebied; landbouwgebied; landbouwgroep; rpa-gebied; toeristengroep; toeristengebied; arrondissementsgebied; brandweerregio; kamer van koophandelregio; politieregio; regionale eenheid; veiligheidsregio; zorgkantoorregio; arbeidsmarktregio; jeugdregio,"Het bestand CBS gebiedsindelingen geeft de gebiedsindelingen die het CBS hanteert. De indelingen zijn gegeven van 2016 t/m het meest recente jaar in gegeneraliseerde vorm. Het meest recente jaar bevat in de eerste helft van dat jaar voorlopige grenzen en nog geen wijken en buurten voor dat jaar. De volgende gebiedsindelingen kunnen voorkomen: Gemeente, Landsdeel, Provincie, Buurt, COROP-gebied, GGD-regio, NUTS3, NUTS1, NUTS2, Wijk, Grootstedelijke aglomeratie, Stadsgewest, COROP-plusgebied, COROP-subgebied, Landbouwgebied, Landbouwgroep, RPA-gebied, Toeristengroep, Toeristengebied, Arrondissementsgebied, Brandweerregio, Kamer van Koophandelregio, Politieregio, Regionale Eenheid, Veiligheidsregio, Zorgkantoorregio, Arbeidsmarktregio en Jeugdregio. In de metadata zijn alleen de lagen van het laatste jaar opgenomen.",,beheerpdok@kadaster.nl,,,,,"('2.55496711', '50.63305917', '7.80148461', '53.67894732')",Geen beperkingen (https://creativecommons.org/publicdomain/mark/1.0/deed.nl),otherRestrictions,,
8498D10B8A051D43E053D2041EACBDD8,dataset,ISO 19115,WMS; WFS,2022-06-01,dut,28992,Omgevingsvisie 2018 - Proeftuin Veenkoloniën,locaties,"Door Provinciale Staten van Drenthe op 3 oktober 2018 vastgestelde versie van proeftuin Veenkoloniën. De Veenkoloniën zijn aangewezen als proeftuin voor de landbouw. Nieuwe ontwikkelingen op landbouwgebied kunnen als eerste hier worden geïntroduceerd. Dit willen wij actief ondersteunen. Het kan hierbij gaan om innovaties op het gebied van precisielandbouw en smart farming, huisvesting, nieuwe teelten, efficiënt watergebruik, verduurzaming en duurzame energie. Kaart robuust landbouwysteem.",Provincie Drenthe,post@drenthe.nl,,,,Team Gis/Cartografie (Provincie Drenthe),"('6.105', '52.601', '7.109', '53.213')",Geen beperkingen,otherRestrictions,,https://kaartportaal.drenthe.nl/server/services/GDB_actueel/GBI_AOV18_K1_K6_PROEFGEB_LANDB_V/MapServer/WFSServer
F949A7D82E5D780BE05384051EACD70E,GIS dataset,ISO 19115,WMS; WFS,2023-04-14,dut,28992,Gebruik van de ondergrond voor energievoorziening,bodem; bodemgebruik; energie; gas; locaties; ontwikkelkansen,Gebruik van de ondergrond voor energievoorziening. Bestand is onderdeel van kaart 1 uit de Strategie Bodem en Ondergrond 2021.,Provincie Drenthe,post@drenthe.nl,,,,Marcel van Burg (Provincie Drenthe),"('6.105', '52.601', '7.109', '53.213')",Geen beperkingen,otherRestrictions,,https://kaartportaal.drenthe.nl/server/services/GDB_actueel/GBI_MILIEU_ENERG_ONTWKANSEN_V/MapServer/WFSServer?SERVICE=WFS&REQUEST=GetCapabilities
fffffff6-d862-54a2-9f83-50de45c93bff,dataset,ISO 19115,,2012-10-09,dut,28992,Provinciaal Uitvoeringsprogramma verkeer en vervoer 2012 (punten) (historie),wegen,"In het Provinciaal Uitvoeringsprogramma (PUP) verkeer en vervoer 2012 zijn de projecten, activiteiten en maatregelen en studies opgenomen die in 2012 voorbereid of uitgevoerd worden om de bereikbaarheid en verkeersveiligheid in Drenthe te verbeteren.",Provincie Drenthe,post@drenthe.nl,,,,Team Gis/Cartografie (Provincie Drenthe),"('6.105', '52.601', '7.109', '53.213')",Geen beperkingen,copyright,,
0ed3b05f-82a5-4c5e-bf97-13b1bc55bd59,dataset,ISO 19115,WMS; WFS,2019-01-30,dut,28992,Luchthavens Luchthavengebieden,LUCHTVAART; VLIEGVELDEN; PLANGEBIEDEN; WET GELUIDHINDER,"Het luchthavengebied is het gebied dat bestemd is voor gebruik als luchthaven, met bijbehorende voorzieningen. De omvang van dit gebied bepaalt mede of een luchthavenbesluit nodig is, of dat met een luchthavenregeling kan worden volstaan. Als de geluidcontour van 56 dB(A) Lden en/of de contour van het plaatsgebonden risico van 10-6 (deels) buiten het luchthavengebied liggen, is een luchthavenbesluit vereist.",Provincie Groningen,geoportaal@provinciegroningen.nl,,,,Afdeling INFO (Provincie Groningen),"('6.278', '52.995', '7.053', '53.468')",geen beperkingen,otherRestrictions,,https://geoservices.provinciegroningen.nl/server/services/Ruimte/RuimtelijkeOrdening/MapServer/WFSServer
ffffff90-e8fe-53f1-9cbc-7c215c4cfec0,dataset,ISO 19115,,2011-01-01,dut,28992,"Begrensde cultuurgrond (OGV, 2010) (historie)",omgevingsvisie,"Op 2 juni 2010 is door Provinciale Staten de Omgevingsvisie vastgesteld. Op kaart 2A is de begrensde cultuurgrond aangegeven, bestaande uit veldontginning grasland, beekdal flora, veldontginning heide en hoogveen.",Provincie Drenthe,post@drenthe.nl,,,,Team Gis/Cartografie (Provincie Drenthe),"('6.105', '52.601', '7.109', '53.213')",Geen beperkingen,otherRestrictions,,
ffffffda-02cd-58f2-9d35-faf512d23370,dataset,ISO 19115,,2015-11-12,dut,28992,Provinciale Omgevingsverordening 2015 - Glastuinbouw (historie),tuinbouw,Deze kaartlaag maakt onderdeel uit van de op 23 september 2015 vastgestelde versie van de Provinciale Omgevingsverordening Drenthe. (Bijbehorende kaart D 11b).,Provincie Drenthe,post@drenthe.nl,,,,Team Gis/Cartografie (Provincie Drenthe),"('6.105', '52.601', '7.109', '53.213')",Geen beperkingen,otherRestrictions,,
0c140d6b-91f2-4ebf-8bcf-e016f928f6ad,service,ISO 19115,WFS,2025-03-12,dut,,CBS Vierkantstatistieken 500m 2010 WFS,Demografie; Statische_eenheden; Vierkant; Grid; Statistiek; Bevolking; Inwoners; Woning; Leeftijd; Herkomst; Woz; Inkomen; Energie; Stedelijkheid; Bevolkingdichtheid; Concentratie; Spreiding_van_de_bevolking,Het bestand CBS vierkanten 500m bevat statistische gegevens per 500 meter bij 500 meter vierkant. In april 2022 zijn gegevens over 2021 toegevoegd en zijn gegevens over de jaren 2020 en 2019 aangevuld. Lees voor meer informatie: https://www.cbs.nl/nl-nl/longread/diversen/2022/statistische-gegevens-per-vierkant-2021-2020-2019,,beheerpdok@kadaster.nl,,,,,"('1.986', '50.6749', '7.8197', '55.7059')","Naamsvermelding verplicht, organisatienaam (https://creativecommons.org/licenses/by/4.0/deed.nl)",otherRestrictions,,https://service.pdok.nl/cbs/vierkantstatistieken500m/2010/wfs/v1_0?request=GetCapabilities&service=WFS
ffffff8f-6a12-530f-a52d-4108f5e80daf,dataset,ISO 19115,,2011-01-01,dut,28992,"Militaire objecten; intensief en extensief gebruik (OGV, 2010) (historie)",defensie; omgevingsvisie,"Door Provinciale Staten is op 2 juni 2010 de Omgevingsvisie vastgesteld. Op  bijbehorende kaart 12 wordt de laagvliegroute, inclusief de invloedssfeer aangegeven.",Provincie Drenthe,post@drenthe.nl,,,,Team Gis/Cartografie (Provincie Drenthe),"('6.105', '52.601', '7.109', '53.213')",Geen beperkingen,otherRestrictions,,
ffffffdc-5342-533d-a71d-dec05a3bf323,dataset,ISO 19115,,2000-06-08,dut,28992,Knelpunten voor de das (historie),kanalen; knelpunt; wegen,Knelpunten voor dassen langs wegen en kanalen in Drenthe.,Provincie Drenthe,post@drenthe.nl,,,,Team Gis/Cartografie (Provincie Drenthe),"('6.105', '52.601', '7.109', '53.213')",Geen beperkingen,copyright,,
bdfa5b46-312a-4033-aae9-0d4524c68fcf,dataset,ISO 19115,,2019-09-16,dut,,Strand Bloemendaal aan Zee,strand; Bloemendaal aan Zee; faciliteiten; strandtent,De dataset is te downloaden van het gemeentelijk open data portaal: https://gemeente-bloemendaal.opendata.arcgis.com/search/protocol: website,Gemeente Bloemendaal en Gemeente Heemstede,postbusgeo@heemstede.nl,,,,Daniël van Dok (Gemeente Bloemendaal en Gemeente Heemstede); Daniël van Dok (Gemeente Bloemendaal en Gemeente Heemstede),"('52.320767', '4.583637', '52.335706', '4.629852')",,otherRestrictions,,
580ad67d-1c11-453e-8eb7-cf14f888e6db,dataset,ISO 19115,WFS; WMS,2021-07-02,dut,28992,Fijnstof (PM2.5) emissies naar lucht 2014.,"Emissieregistratie; Emissie; PRTR; Lucht; Fijnstof; PM2,5; 2014",Fijnstof (PM2.5) emissies naar lucht uit alle bronnen in 2014 in kg per jaar. Emissieregistratie 1990 - 2014 (vastgesteld 2016).,RIVM,emissieregistratie@rivm.nl,,,,RIVM; RIVM,"('2.1943769153799892', '50.719508224348104', '8.04038938277185', '54.987059919430585')",Geen beperkingen,otherRestrictions,,http://geodata.rivm.nl/geoserver/erpub/wfs/?
f626c05f-068f-55f9-b30f-41a2e4f09958,dataset,ISO 19115,,2015-11-12,dut,28992,"Provinciale Omgevingsverordening 2015 - EHS 2015, ecologische verbindingen (historie)",POV,Deze kaartlaag maakt onderdeel uit van de op 23 september 2015 vastgestelde versie van de Provinciale Omgevingsverordening Drenthe. (Bijbehorende kaart D9).,Provincie Drenthe,post@drenthe.nl,,,,Team Gis/Cartografie (Provincie Drenthe),"('6.105', '52.601', '7.109', '53.213')",Geen beperkingen,otherRestrictions,,
8498D10B89FA1D43E053D2041EACBDD8,dataset,ISO 19115,WMS; WFS,2022-06-01,dut,28992,Omgevingsvisie 2018 - Landschap van de kolonien van Weldadigheid (UNESCO),locaties,"Door Provinciale Staten van Drenthe op 3 oktober 2018 vastgestelde versie van Landschap van de kolonien van Weldadigheid (UNESCO). De Koloniën van Weldadigheid zijn uniek voor Nederland en verdienen bijzondere aandacht. Hoewel elk van de gebieden zijn eigen karakter en sfeer heeft, hebben de koloniën ook een aantal gemeenschappelijke kenmerken. Kaart kernkwaliteit Landschap",Provincie Drenthe,post@drenthe.nl,,,,Team Gis/Cartografie (Provincie Drenthe),"('6.105', '52.601', '7.109', '53.213')",Geen beperkingen,otherRestrictions,,https://kaartportaal.drenthe.nl/server/services/GDB_actueel/GBI_AOV18_K1_K2B_K4_UNESCO_V/MapServer/WFSServer
a6c42c0c-d55b-5a5a-a91a-99b4d985896c,dataset,ISO 19115,,2008-11-19,dut,28992,"Verzorgingsstructuur, kernniveau (historie)",ruimtelijke ordening; streekplan; verkeer; zorg,"Verzorgingsstructuur van kernen onderverdeeld in drie niveaus.Streekplan Drenthe, 27 juni 1990, kaart A.4.1.",Provincie Drenthe,post@drenthe.nl,,,,Team Gis/Cartografie (Provincie Drenthe),"('6.105', '52.601', '7.109', '53.213')",Geen beperkingen,copyright,,
ffffffac-0eff-54b0-bc9a-212f5479cd23,dataset,ISO 19115,,2011-01-01,dut,28992,"Onderzoekstrace buisleiding Rijk (OGV, 2010) (historie)",omgevingsvisie,Provinciale Staten van Drenthe hebben op 2 juni 1970 de Omgevingsvisie vastgesteld. Hierin staat op kaart 12  het onderzoekstrace buisleiding Rijk.,Provincie Drenthe,post@drenthe.nl,,,,Team Gis/Cartografie (Provincie Drenthe),"('6.105', '52.601', '7.109', '53.213')",Geen beperkingen,otherRestrictions,,
b03b3bb0-ef4d-4360-a425-bd3b27671b78,dataset,ISO 19115,WMS; WFS,2011-03-29,dut,,Luchtkwaliteit Provinciale Wegen (2004),Luchtkwaliteit; Luchtverontreiniging,"Resultaten berekening luchtkwaliteit in 2004 in de provincie Fryslân langs de 6 belangrijkste provinciale wegen, zoals verplicht gesteld in het Besluit Luchtkwaliteit. Gemeten zijn: NO2 (stikstofdioxide), PM10 (fijn stof), C6H6 (benzeen), SO2 (zwaveldioxide), CO (koolmonoxide), benzo(a)pyreen. Langs geen enkele weg wordt de grenswaarde voor het jaargemiddelde overschreden. Het aantal dagen waarbij het 24-uursgemiddelde wordt overschreden, ligt ver beneden de toegestane 35 dagen.",provincie Fryslân,provincie@fryslan.frl,,,,,"('4.813', '52.754', '6.460', '53.550')",http://creativecommons.org/publicdomain/mark/1.0/deed.nl,otherRestrictions,,https://geoportaal.fryslan.nl/arcgis/services/ProvinciaalGeoRegister/PGR2/MapServer/WFSServer?
ffffffd6-7e35-52cd-afc2-11080498d2c4,dataset,ISO 19115,,2022-06-08,dut,28992,"EHS 2008, zoekgebied robuuste verbindingen en ecologische verbindingszones (historie)",ecologisch; ecologische verbinding; EHS; natuur,"De robuuste verbindingen en ecologische verbindingszones zijn essentiele onderdelen van de EHS (Ecologische Hoofdstructuur), maar traces en de invulling is nog niet overal afgerond. Om die reden staan ze gearceerd op de EHS-kaart. De spelregels gelden niet voor het gearceerde gebied, met uitzondering van de natuurgebiedjes eronder. Zij zijn onderdeel van de EHS. Als de invulling van de verbindingen is afgerond, komt dat resultaat op de EHS-kaart. De volgende gegevens zijn gebruikt voor de verbindingszones:De robuuste verbindingen en de beekdalen met natuurontwikkeling als ecologische verbindingszone (POPII, kaart 3.) en de zoekgebied EVZ (gele gebieden uit rapport Goed op Weg 2007).",Provincie Drenthe,post@drenthe.nl,,,,Team Gis/Cartografie (Provincie Drenthe),"('6.105', '52.601', '7.109', '53.213')",Geen beperkingen,copyright,,
f18c244b-bc46-4215-952c-c7e3e6bf1ee2,dataset,ISO 19115,WMS; WFS,2019-02-25,dut,28992,Nationale Landschappen,BESCHERMDE GEBIEDEN; LANDSCHAPSBEHEER; NATUURBEHEER; NATUURPARELS,"De rijksoverheid heeft in de Nota Ruimte 20 Nationale Landschappen aangewezen. Twee daarvan liggen in Fryslân: Zuidwest-Fryslân en Noordelijke Wouden. Nationale Landschappen zijn gebieden met internationaal zeldzame of unieke en nationaal kenmerkende landschapskwaliteiten en in samenhang daarmee bijzondere natuurlijke en recreatieve kwaliteiten. 
Het doel is om de landschappelijke, cultuurhistorische en natuurlijke kwaliteiten van de Landschappen te behouden, duurzaam te beheren en waar mogelijk te versterken. In samenhang daarmee dient ook de toeristische betekenis toe te nemen.",provincie Fryslân,provincie@fryslan.frl,,,,,"('5.352', '52.831', '6.233', '53.317')",http://creativecommons.org/publicdomain/mark/1.0/deed.nl,otherRestrictions,,https://geoportaal.fryslan.nl/arcgis/services/ProvinciaalGeoRegister/PGR2/MapServer/WFSServer?
ec9cc408-0566-5ab9-a318-1e3446e06408,dataset,ISO 19115,WMS; WFS,2022-06-02,dut,28992,Bodemkwaliteitskaart - Toepassingskaart ondergrond,bodem; bodemkwaliteit; grond; ontgraving,"De toepassingskaart ondergrond toont de toepassingseis (bodemkwaliteit) van de toe te passen grond in de bodemlaag van 0,5 tot 2,0 meter beneden maaiveld. De toepassingskaart ondergrond maak deel uit van de bodemkwaliteitskaart.",Provincie Drenthe,post@drenthe.nl,,,,Team Gis/Cartografie (Provincie Drenthe),"('6.105', '52.601', '7.109', '53.213')",Geen beperkingen,copyright,,https://kaartportaal.drenthe.nl/server/services/GDB_actueel/GBI_RUD_TOEPASSING_OG_2019_V/MapServer/WFSServer
e16f5c03-d655-4e40-bd2b-e66bca124609,dataset,ISO 19115,,2025-07-01,eng,,Weather model - HARMONIE-AROME Cy43 EPS forecast Netherlands renewable energy parameters,Weather forecast; Near surface parameters; EPS; HARMONIE; Netherlands; Renewable energy parameters; HVD; Open data; Core dataset,"Current operational HARMONIE ensemble information in gridded form (regular lat-lon) of wind (up to 300 m), cloud cover and radiation from the UWC-West HARMONIE-AROME Cy43 model. For this weather forecast model, KNMI works closely with Iceland, Denmark and Ireland on local short-term weather forecasts under the name ""United Weather Centres-West"" (UWC-West). An international project team is working on a joint Numerical Weather Prediction model (NWP), procurement and management of the HPC (supercomputer) and infrastructure. The output frequency is 1 hour. Please note: we only retain 72 hours of HARMONIE data. For more information and alternatives, see the documentation in the supplemental information field.",Koninklijk Nederlands Meteorologisch Instituut (KNMI),opendata@knmi.nl,,,,Koninklijk Nederlands Meteorologisch Instituut (KNMI); Koninklijk Nederlands Meteorologisch Instituut (KNMI); Koninklijk Nederlands Meteorologisch Instituut (KNMI),"('0.0', '49.0', '11.281', '56.002')",https://creativecommons.org/licenses/by/4.0/deed.nl,otherRestrictions,,
ffffff98-51b1-5d3d-9d20-9284e47a563d,dataset,ISO 19115,,2014-11-04,dut,28992,PAS maatregelen (punten) (historie),ammoniak; landbouw; Natura 2000; stikstof,"Om de doelstellingen van het Europese natuurbeleid te halen, moet de neerslag van stikstof in Natura2000-gebieden omlaag. In het kader van het Programma Aanpak Stikstof (PAS) zijn afspraken gemaakt om de ammoniakuitstoot uit de landbouw te verminderen.",Provincie Drenthe,post@drenthe.nl,,,,Team Gis/Cartografie (Provincie Drenthe),"('6.105', '52.601', '7.109', '53.213')",Geen beperkingen,otherRestrictions,,
75d4cb76-7304-5d4b-9880-57e6d88b7456,dataset,ISO 19115,,2014-11-24,dut,28992,Provinciaal Uitvoeringsprogramma Verkeer en Vervoer 2014 (punten) (historie),wegen,"In het Provinciaal Uitvoeringsprogramma (PUP) verkeer en vervoer 2014 zijn de projecten, activiteiten en maatregelen en studies opgenomen die in 2014 voorbereid of uitgevoerd worden om de bereikbaarheid en verkeersveiligheid in Drenthe te verbeteren.",Provincie Drenthe,post@drenthe.nl,,,,Team Gis/Cartografie (Provincie Drenthe),"('6.105', '52.601', '7.109', '53.213')",Geen beperkingen,copyright,,
aeba6452-2025-444b-86aa-6ff4b23b3878,service,ISO 19115,WFS,2024-08-12,dut,,CBS Wijken en Buurten 2012 versie 3 WFS,Statistische eenheden; Spreiding van de bevolking — demografie; wijken; buurten; gemeenten; statistiek; bevolking,"Het Bestand Wijk- en Buurtkaart 2012 bevat de geometrie van alle gemeenten, wijken en buurten in Nederland met als attribuut een aantal statistische kerncijfers. De begrenzingen van wijken en buurten zijn voor een groot deel gebaseerd op wat de gemeenten aan het CBS doorgeven. De gemeentegrens is afkomstig uit de BRK van het Kadaster. Deze eerste versie bevat een deel van de kerncijfers. Begin 2014 wordt een tweede versie gepubliceerd. Lees voor meer informatie het volgende pdf ducument: http://www.cbs.nl/NR/rdonlyres/FE45D7DF-24E8-4DAD-98A3-FA9CCB17D4DB/0/20132012b68pub.pdf",,beheerpdok@kadaster.nl,,,,,"('2.355', '50.5985', '7.9725', '53.7119')",Geen beperkingen (https://creativecommons.org/publicdomain/mark/1.0/deed.nl),otherRestrictions,,https://service.pdok.nl/cbs/wijkenbuurten/2012/wfs/v1_0?request=getcapabilities&service=wfs
4fc0bd90-4f72-400d-991b-0d6ba0ff0412,dataset,ISO 19115,WMS; WFS,2025-03-06,dut,28992,Historische spoorwegen,Historische geografie; landschap; cultuurlandschap; RCE; cultureel erfgoed; erfgoed,De dataset spoorwegen is landsdekkend en bevat de routes van spoorwegen die sinds 1839 in Nederland in gebruik waren en/of nu nog zijn.,Rijksdienst voor het Cultureel Erfgoed,info@cultureelerfgoed.nl,,,,InfoDesk (Rijksdienst voor het Cultureel Erfgoed); InfoDesk (Rijksdienst voor het Cultureel Erfgoed); InfoDesk (Rijksdienst voor het Cultureel Erfgoed),"('3.0098', '50.6395', '7.5159', '53.6864')",Geen beperkingen (https://creativecommons.org/publicdomain/mark/1.0/deed.nl),otherRestrictions,,https://services.rce.geovoorziening.nl/landschapsatlas/wfs?request=GetCapabilities
85e7cf82-b0f2-45d6-84d4-154e203ebf70,service,ISO 19115,WMS,2024-11-21,dut,,Wetlands WMS,infoMapAccessService; Protected sites,"Wetlands zijn de natte natuurgebieden in Nederland. Het Wetland verdrag is op 2 februari 1971 te Ramsar in Iran ondertekend. Nederland was een van de zestien landen die het Verdrag toen ondertekende. In 1980 heeft Nederland het Verdrag geratificeerd. 'Wetlands' ofwel 'nat land' is officieel gedefinieerd volgens het Ramsar Verdrag als: 'Waterrijke gebieden, moerassen, vennen, veen- of plasgebieden, natuurlijk of kunstmatig, blijvend of tijdelijk, met stilstaand of stromend water, zoet, brak of zout, met inbegrip van zeewater, waarvan de diepte bij eb niet meer is dan zes meter'. Hierbij behoren tevens de aan watergebieden grenzende oever- en kustgebieden en binnen deze gebieden gelegen eilanden of zeewatergebieden. In Nederland zijn in totaal 44 Wetlands.",Beheer PDOK,beheerPDOK@kadaster.nl,,,,Beheer PDOK (Beheer PDOK); Beheer PDOK,"('3.185', '51.309', '7.226', '53.584')",Geen beperkingen (http://creativecommons.org/publicdomain/mark/1.0/deed.nl),otherRestrictions,,
e9f812ed-1873-4d96-b32c-f41e27fc6a6f,dataset,ISO 19115,WMS; WFS,2022-05-25,dut,28992,"Meetlocaties PFOS - ondiep, onbeïnvloed",PFOA; PFOS; bodem,In deze kaart zijn de meetlocaties te zien die door het RIVM bemonsterd zijn ten behoeve van de afleiding van de achtergrondwaarde PFAS in landbodem. De kaart laat meetwaarden zien van PFOS in de bovenste 20 cm van de bodem in onbeïnvloede gebieden.,Atlas Leefomgeving,atlasleefomgeving@rivm.nl,,,,,"('3.37087', '50.7539', '7.21097', '53.4658')",geen beperkingen,otherRestrictions,,https://data.rivm.nl/geo/alo/wfs?
9b932f09-6981-427d-bc79-7508ea2d55ea,dataset,ISO 19115,,2021-08-02,dut,28992,Blootstelling van huidcellen op 26 sensibiliserende of irriterende stoffen,toxicogenomics; Homo sapiens; huidmodel; allergie; cosmetica,Genexpressie in keratinocyten na blootstelling aan sensibiliserende of irriterende stoffen,RIVM/V&Z/GZB,jeroen.pennings@rivm.nl,,,,RIVM/V&Z/GZB; RIVM/V&Z/GZB,"('2.1943769153799892', '50.719508224348104', '8.04038938277185', '54.987059919430585')",Geen beperkingen,otherRestrictions,,
89eb9a7c-ed81-49d8-9ef1-61a1260b5b28,service,ISO 19115,WMS,2024-05-21,dut,,Luchtfoto Landelijke Voorziening Beeldmateriaal (2016) WMS,Landelijke voorziening beeldmateriaal; LVB; Beeldmateriaal; Orthofotomozaiek; Orthofotomozaiek; Orthofoto; Ortho; Luchtfoto; Mozaiek; Mozaiek; Hoge resolutie; HR; Luchtbeelden; Lage resolutie; Infrarood; infoMapAccessService,"De orthofotomozaieken zijn een samenstelling van afzonderlijke orthofoto's, in principe van de centrale gedeelten van iedere orthofoto. Daardoor is de omvalling in de mozaieken zo klein mogelijk gehouden. De orthofotomozaïeken zijn landsdekkend.
Sinds 2016 is er, naast de definitieve webservice Ortho10, ook een webservice Quick_Ortho10. Tevens is er een webservice Quick_Ortho25 naast de onder Open Data beschikbare webservice Ortho25. De beelden in de beide Quick_Ortho lagen zijn geometrisch van voldoende kwaliteit en komen versneld beschikbaar, maar kleuren en snijlijnen zijn nog niet optimaal.
De definitieve webservices Ortho25 en Ortho25IR zijn m.i.v. 2016 open data en worden in een afzonderlijke WMS aangeboden.
Binnen de service worden tijdens de opbouwfase 3 lagen per jaargang aangeboden. Ongeveer een maand na landsdekkend beschikbaar komen van de definitieve lagen zijn de beide Quick-Ortho lagen niet langer beschikbaar.
- Hoge resolutie quick-orthofoto onder de naam Quick_Ortho10 (tijdelijke laag)
- Hoge resolutie orthofoto onder de naam Ortho10
- Lage resolutie quick-orthofoto (RGB) onder de naam Quick_Ortho25 (tijdelijke laag)",Beheer PDOK,beheerPDOK@kadaster.nl,,,,Beheer PDOK (Beheer PDOK),"('1.4979', '50.4208', '8.9096', '53.7837')",Geo gedeeld licentie,otherRestrictions,,
32309ccc-431c-4f6e-a4c3-83a1cb6047e1,dataset,ISO 19115,WMS; WFS,2025-01-30,dut,28992,"Geluidbelastingkaart hoofdwegen, Lden en Lnight, 2021 (INSPIRE)",Omgevingslawaai; Belangrijke wegen; Lnight; Geluidbelastingkaart; Lden; Directive 2002/49/EC; Geluidcontouren; basisset novex; Geluidbelasting; Europese richtlijn omgevingslawaai; Environmental Noise Directive,Geluidbelastingkaart 2021 van de Nederlandse rijks- en provinciale wegen. De kaart toont de geluidbelasting gedurende de nacht (Lnight) en 24-uur (Lden).  Met deze geluidbelastingkaart wordt invulling gegeven aan de eisen uit de Wet milieubeheer die voortvloeien uit de Europese richtlijn omgevingslawaai.  Deze kaart vervangt niet de geluidbelastingkaart voor het publiek. Die stellen de bestuursorganen zelf ter beschikking,Rijksinstituut voor Volksgezondheid en Milieu,cvgg@rivm.nl,,,,Servicedesk CVGG (Rijksinstituut voor Volksgezondheid en Milieu); Servicedesk CVGG (Rijksinstituut voor Volksgezondheid en Milieu); Servicedesk CVGG (Rijksinstituut voor Volksgezondheid en Milieu),"('3.4104529480018537', '50.740649958289765', '7.2376503637749465', '53.44258719196801')",Geen beperkingen (http://creativecommons.org/publicdomain/zero/1.0/deed.nl),otherRestrictions,,https://haleconnect.com/ows/services/org.1251.91e922bb-7772-4bc6-aa21-ccaf62006689_wfs?SERVICE=WFS&REQUEST=GetCapabilities
92c75964-2d56-11ef-aad2-52de3d22f2a7,dataset,ISO 19115,,2025-07-01,eng,,Weather model - HARMONIE-AROME Cy43 forecast Caribean meteorological parameters,Weather forecast; Near surface parameters; Boundary layer; HARMONIE; Caribean; BES; Suriname; Meteorological; HVD; Open data,"Current operational HARMONIE information in gridded form (regular lat-lon) of weather parameters from the KNMI HARMONIE-AROME Cy43 model. The output frequency is 1 hour. Please note: we only retain 72 hours of HARMONIE data. For more information and alternatives, see the documentation in the supplemental information field.",Koninklijk Nederlands Meteorologisch Instituut (KNMI),opendata@knmi.nl,,,,Koninklijk Nederlands Meteorologisch Instituut (KNMI); Koninklijk Nederlands Meteorologisch Instituut (KNMI); Koninklijk Nederlands Meteorologisch Instituut (KNMI),"('-42.55', '-3', '-79.5', '22.45')",https://creativecommons.org/licenses/by/4.0/deed.nl,otherRestrictions,,
ffdbf692-ddca-4ab9-a763-85de2b6922e3,dataset,ISO 19115,WMS; WFS,2024-01-16,dut,,Bos- en natuurgebieden buiten het NatuurNetwerk Nederland (Omgevingsverordening),NATUURGEBIEDEN; NATUURBESCHERMING; BOSSEN; PROVINCIALE VERORDENINGEN; NATUUR NETWERK NEDERLAND; OMGEVINGSWET,"Dit bestand bevat bos- en natuurgebieden buiten het Natuurnetwerk Nederland zoals vastgesteld in de Omgevingsverordening provincie Groningen. In deze Omgevingsverordening hebben wij hiervoor regels opgenomen.   Buiten het Natuurnetwerk Nederland (NNN) komen in onze provincie allerlei kleinere en grotere bos- en natuurelementen voor, die een bijdrage leveren aan de biodiversiteit van het landelijk gebied. Wij vragen aan gemeenten bos- en natuurgebieden buiten het NNN te beschermen via gemeentelijke bestemmingsplannen.",Provincie Groningen,geoportaal@provinciegroningen.nl,,,,Datateam Beleid (Provincie Groningen),"('6.171985', '52.85072', '7.227716', '53.466847')",Geen beperkingen (https://creativecommons.org/publicdomain/mark/1.0/deed.nl),otherRestrictions,,https://geoservices.provinciegroningen.nl/server/services/Beleidsplannen/Omgevingsverordening/MapServer/WFSServer?request=GetCapabilities
2ad13773-e91c-4cd0-874f-94e06f9da0bb,dataset,ISO 19115,,2025-07-01,eng,,Dutch Offshore Wind Atlas - hourly wind speed from LES runs on an area around Dutch wind farms,Wind; Dutch Offshore Wind Atlas; DOWA; Wind energy; LES; Climate,"Dutch Offshore Wind Atlas (DOWA) project - daily files with LES hourly-averaged wind speeds for three Dutch wind parks Dissemination of high-resolution (time: 10mins; space: 64x64m) information for Dutch OWFZs (offshore wind farm zones) is a deliverable of the DOWA project. This dataset contains daily files with hourly-averaged wind speed (and standard deviation) for OWFZs Borssele (exp006), Hollandse Kust Noord (exp101) and Hollandse Kust Zuid (exp205).",Koninklijk Nederlands Meteorologisch Instituut (KNMI),opendata@knmi.nl,,,,Koninklijk Nederlands Meteorologisch Instituut (KNMI); Koninklijk Nederlands Meteorologisch Instituut (KNMI); Koninklijk Nederlands Meteorologisch Instituut (KNMI),"('2.69147', '51.4816', '4.543006', '52.76205')",https://creativecommons.org/licenses/by/4.0/deed.nl,otherRestrictions,,
b7880739-a701-4cc0-bb32-2bba61fa8924,service,ISO 19115,WMS,2025-07-10,dut,,"Totale potentie aardwarmte uit aquifers onder INSPIRE, viewservice",energie,"De overzichtskaart 'in situ warmte' toont de totale hoeveelheid energie in 29 afzonderlijke aquifers in relatie tot de oppervlaktetemperatuur in GJ/m2, berekend volgens de methode van Muffler and Cataldi (1978).  Meer informatie over de kaart en de berekeningsmethode is te vinden op www.thermogis.nl",TNO Geologische Dienst Nederland,support@geologischedienst.nl,,,,TNO Geologische Dienst Nederland,"('3.039', '50.7292', '7.3462', '53.7298')","Naamsvermelding verplicht, organisatienaam (http://creativecommons.org/licenses/by/4.0/deed.nl)",otherRestrictions,,
8498D10B89FF1D43E053D2041EACBDD8,dataset,ISO 19115,WMS; WFS,2022-06-01,dut,28992,Omgevingsvisie 2018 - Nationale parken,locaties,Door Provinciale Staten van Drenthe op 3 oktober 2018 vastgestelde versie van Nationale parken. De Nationale Parken hebben bijzondere natuur en kernkwaliteiten. We werken aan de robuustheid hiervan en het behoud van de kernkwaliteiten die hier samen komen. Wij hebben een ambitie om de natuurkwaliteit in deze gebieden te behouden en verder te ontwikkelen in combinatie met beleving. Kaart robuust natuursysteem,Provincie Drenthe,post@drenthe.nl,,,,Team Gis/Cartografie (Provincie Drenthe),"('6.105', '52.601', '7.109', '53.213')",Geen beperkingen,otherRestrictions,,https://kaartportaal.drenthe.nl/server/services/GDB_actueel/GBI_AOV18_K2C_K4_K5_NAT_PARKEN_V/MapServer/WFSServer
2768fd98-3d2a-4790-886c-7435fc0ad4f6,service,ISO 19115,WFS,2024-10-15,dut,,Spoorwegen WFS,Spoorwegen; overwegpunten; spoorassen; spoorbaanhartpunten; spoorhartlijnen; spoorkruisingen; stations; wissels,"Deze service bevat de spoorverbindingen, inclusief kilometreringspunten, stations en overwegen.",,beheerpdok@kadaster.nl,,,,,"('1.3335', '50.3996', '8.8478', '53.901')",Geen beperkingen (https://creativecommons.org/publicdomain/mark/1.0/deed.nl),otherRestrictions,,https://service.pdok.nl/prorail/spoorwegen/wfs/v1_0?request=GetCapabilities&service=WFS
70562932-e7dc-4ba2-ba4f-05863d02587c,service,ISO 19115,WMTS,2024-08-15,dut,,Luchtfotolabels WMTS,Luchtfotolabels; luchtfoto; wegenassen,"Luchtfoto wegenlabels en wegenassen, bedoeld als overlay voor de PDOK luchtfoto. Dit n.a.v. een wens op de PDOK Ideawall. Op basis van data uit de OpenStreetMap. Opdrachtgever: PDOK.",,beheerpdok@kadaster.nl,,,,,"('2.355', '50.5985', '7.9725', '53.7119')",Geen beperkingen (https://creativecommons.org/publicdomain/mark/1.0/deed.nl),otherRestrictions,,
c35c5149-bbd4-5002-aca6-1286f728902c,dataset,ISO 19115,,2012-10-29,dut,28992,Geluidscontour etmaalperiode EU-geluidsbelastingkaart 2011 (basis: wegen met intensiteit groter dan 3 mln. voertuigen p.jr.) (historie),EU-geluidsbelastingkaart; geluidscontouren,Geluidscontouren etmaalperiode voor het basisjaar 2011. Dataset is tot stand gekomen in het kader van EU-richtlijn Omgevingslawaai. Dataset wordt eens per vijf jaar gemaakt. Deze dataset is gebaseerd op alle provinciale wegen met een intensiteit van meer dan 3 miljoen voertuigen per jaar.,Provincie Drenthe,post@drenthe.nl,,,,Team Gis/Cartografie (Provincie Drenthe),"('6.105', '52.601', '7.109', '53.213')",Geen beperkingen,copyright,,
c1f5822d-970a-5ad8-914c-d4b51a83e2a9,dataset,ISO 19115,WMS; WFS,2022-06-01,dut,28992,Diapieren,bodem; bodemdaling; gaswinning,"Diapieren (zoutkoepels) in de provincies Groningen, Friesland en Drenthe. Het bestand is onderdeel van Potentiekaart zoutwinning diapieren, Potentieelkaart gasopslag in cavernes, Potentieelkaart afvalverwijdering in cavernes, Potentieelkaart persluchtopslag in cavernes.",Provincie Drenthe,post@drenthe.nl,,,,Team Gis/Cartografie (Provincie Drenthe),"('4.4552947', '52.3348457', '7.135964', '53.388444')",Geen beperkingen,copyright,,https://kaartportaal.drenthe.nl/server/services/GDB_actueel/GBI_MILIEU_BODEM_DIAPIEREN_50_V/MapServer/WFSServer
0f634f42-0381-54af-b983-3c24e593e963,dataset,ISO 19115,,2008-11-07,dut,28992,"Interferentiegebied, Mogelijk (historie)",energie; interferentiegebied,"Interferentiegebieden zijn gebieden waarin ordening van bodemenergiesysteem wenselijk is, waarin een gericht en sturend beleid t.a.v. bodemenergie gevoerd kan worden. Mogelijke interferentiegebieden. N.B.: Rapport ligt bij contactpersoon. Rapportgegevens zijn: Documenttitel: Mogelijkheden voor ondergrondse energieopslag in de provincie Drenthe, 14 oktober 2002 Projectnummer: 9M2460 (Royal Haskoning). Opdrachtgever: Provincie Drenthe Referentie: 9M2460/R00003/MVVU/Gron.",Provincie Drenthe,post@drenthe.nl,,,,Team Gis/Cartografie (Provincie Drenthe),"('6.105', '52.601', '7.109', '53.213')",Geen beperkingen,copyright,,
29986bd7-b5ce-4d0f-acdd-6b00ec84cfec,service,ISO 19115,WFS,2025-03-12,dut,,CBS Vierkantstatistieken 500m 2006 WFS,Demografie; Statische_eenheden; Vierkant; Grid; Statistiek; Bevolking; Inwoners; Woning; Leeftijd; Herkomst; Woz; Inkomen; Energie; Stedelijkheid; Bevolkingdichtheid; Concentratie; Spreiding_van_de_bevolking,Het bestand CBS vierkanten 500m bevat statistische gegevens per 500 meter bij 500 meter vierkant. In april 2022 zijn gegevens over 2021 toegevoegd en zijn gegevens over de jaren 2020 en 2019 aangevuld. Lees voor meer informatie: https://www.cbs.nl/nl-nl/longread/diversen/2022/statistische-gegevens-per-vierkant-2021-2020-2019,,beheerpdok@kadaster.nl,,,,,"('1.986', '50.6749', '7.8197', '55.7059')","Naamsvermelding verplicht, organisatienaam (https://creativecommons.org/licenses/by/4.0/deed.nl)",otherRestrictions,,https://service.pdok.nl/cbs/vierkantstatistieken500m/2006/wfs/v1_0?request=GetCapabilities&service=WFS
bef01bd9-ea47-4a7d-9c2c-1832894019a3,service,ISO 19115,WFS,2025-03-12,dut,,CBS Vierkantstatistieken 100m 2013 WFS,demografie; vierkant; grid; statistiek; bevolking; inwoners; leeftijd; herkomst; woningen; inkomen; sociale_zekerheid; woz; woningeigendom; huur; voorziening; nabijheid; statistische_eenheden; spreiding_van_de_bevolking,"Het bestand CBS vierkanten 100m bevat statistische gegevens per 100 meter bij 100 meter vierkant. Met ingang van maart 2022 is het jaar 2021 toegevoegd en zijn het aantal kerncijfers van de jaren 2020 en 2019 aanzienlijk uitgebreid met gegevens over demografie, woningen, energie, inkomen, sociale zekerheid, nabijheid van voorzieningen en dichtheid.",,beheerpdok@kadaster.nl,,,,,"('3.1467', '50.7309', '7.3467', '53.5083')",Geen beperkingen (https://creativecommons.org/publicdomain/mark/1.0/deed.nl),otherRestrictions,,https://service.pdok.nl/cbs/vierkantstatistieken100m/2013/wfs/v1_0?request=GetCapabilities&service=WFS
98e413ce-9f63-4ad9-b5f3-00c6766ee488,dataset,ISO 19115,,2019-11-26,dut,28992,Genexpressie in testes van muismodellen na blootstelling aan benzo(a)pyreen,Toxicogenomics; Mus musculus; benzo(a)pyrene; testis; Xpc; muismodel,Genexpressie in testes van twee muismodellen na blootstelling aan benzo(a)pyreen; normale WT en DNA repair deficiente Xpc-/- muizen.,RIVM/V&Z/GZB,jeroen.pennings@rivm.nl,,,,RIVM/V&Z/GZB; RIVM/V&Z/GZB,"('2.1943769153799892', '50.719508224348104', '8.04038938277185', '54.987059919430585')",Geen beperkingen,otherRestrictions,,
d552c878-d8a0-4516-9182-86cee400305c,dataset,ISO 19115,WMS; WCS,2022-11-12,dut,28992,Bodemstructuur toplaag voor groei van gewassen (relatief),bodem; structuur,"Wat ziet U: De bodemstructuur van de bovenste 20 cm van de bodem, obv samengestelde indicatorenset

Wat is de waarde: Een goede bodemstructuur is gunstig voor groei van gewassen en een buffer voor water (opslag, afgifte en transport). Een goede bodemstructuur staat toe het land te berijden zonder schade van zware machines. 

Belangrijk voor: Alle groene functies van de bodem (landbouw, recreatie, parken, tuinen)",RIVM,atlasnatuurlijkkapitaal@rivm.nl,,,,,"('3.37087', '50.7539', '7.21097', '53.4658')",Geen beperkingen,otherRestrictions,https://data.rivm.nl/geo/ank/wcs?,
ffffffde-2fbd-5fd2-93a9-3165ca39d60d,dataset,ISO 19115,,2008-10-24,dut,28992,Bos- en natuurgebied  (niet limitatief) (historie),bos; gebiedsplan; landschap; natuur; natuurontwikkeling; platteland,Bos- en natuurgebieden zoals deze zijn opgenomen in het gebiedsplan.Op basis van niet limitatief.,Provincie Drenthe,post@drenthe.nl,,,,Team Gis/Cartografie (Provincie Drenthe),"('6.105', '52.601', '7.109', '53.213')",Geen beperkingen,copyright,,
8c765b7c-8e09-4417-8ef7-bf2261d4c1e3,dataset,ISO 19115,WMS; WFS,2022-11-14,dut,28992,Geluidkaart hoofdspoornet 2016 (Lden) - Atlas Leefomgeving,geluidkaart; hoofdspoorwegen; lden; omgevingslawaai; spoor; geluidskaarten; spoorwegen; geluidsbelasting; geluidcontouren,"Geluidkaart 2016 voor het Nederlandse hoofdspoor in het kader van de Regeling omgevingslawaai. Met de geluidkaart voor het hoofdspoor (berekend volgens gewogen geluidbelasting over een etmaal - Lden) wordt invulling gegeven aan de eisen uit de Wet milieubeheer die voortvloeien uit de Europese Richtlijn Omgevingslawaai. 

Over de kaart De kaart en de gegevens zijn afkomstig en eigendom van het ministerie van Infrastructuur & Milieu. De geluidkaart is gemaakt in het kader van de EU geluidkartering en bevat geluidcontouren variërend tussen 55 en 75 dB in klassen van 5 db. Op basis van de EU-regelgeving zal de volgende geluidkartering gaan over het jaar 2021 en waarschijnlijk in 2022 klaar zijn en online verschijnen.",RIVM,atlasleefomgeving@rivm.nl,,,,,"('3.1954102881017565', '50.67190131033707', '7.383358171635846', '53.63951025614753')",Geen beperkingen,otherRestrictions,,https://data.rivm.nl/geo/alo/wfs?
36f16702-1c88-5e60-b8fe-62983ddaff1c,dataset,ISO 19115,WMS; WFS,2025-04-18,dut,28992,Omgevingsvisie 2022 - Celtic Field,omgevingsvisie; voorden; zone,"Celtic fields zijn raatvormige akkersystemen uit de late bronstijd en ijzertijd (ca. 1000 v.Chr - 200 n.Chr). De akkertjes van gemiddeld 30 bij 30 m zijn omgeven door brede wallen, die op sommige plaatsen nog in het landschap zichtbaar zijn. Waar ze in het landschap vaak niet (meer) met het oog waarneembaar zijn, is de kenmerkende raatstructuur van deze akkers over het algemeen nog duidelijk herkenbaar op hoogtekaarten en satellietbeelden",Provincie Drenthe,datateam@drenthe.nl,,,,Team Gis/Cartografie (Provincie Drenthe),"('6.0311', '52.5193', '7.3067', '53.2938')",Geen beperkingen,otherRestrictions,,https://kaartportaal.drenthe.nl/server/services/GDB_actueel/GBI_OGV22_ARCHEO_CELTICFLD_V/MapServer/WFSServer
58e9e543-4f6f-459c-bbe3-caaf068e77df,dataset,ISO 19115,,2025-05-20,dut,,"Voormalige stortplaatsen (vlakken), actuele en historische situatie",afvalstortplaatsen; bodemverontreiniging,Locatiecontouren van alle voormalige stortplaatsen in Noord-Brabant. De positie en grootte van deze contouren wordt aangepast naargelang er meer onderzoek op de locaties wordt uitgevoerd. De stortplaatsen die in deze dataset zijn opgenomen voldoen grotendeels aan de onderzoeksdefinitie zoals gehanteerd in de Nota Hergebruik Stortplaatsen. Er zijn ook stortplaatsen in Noord-Brabant die niet in de dataset zijn opgenomen omdat ze niet aan de definitie voldoen en er zijn ook stortplaatsen in deze dataset opgenomen waarbij geen onderzoek is verricht.,Provincie Noord-Brabant,mverduin@brabant.nl,,,,,"('4.206', '51.233', '6.017', '51.823')",Geo Gedeeld licentie,otherRestrictions,,
5149a242-3636-4799-b7b4-ad1f24e747fb,dataset,ISO 19115,WMS,2025-02-03,dut,28992,Rijksmonumentaal religieus erfgoed,Historische geografie; landschap; cultuurlandschap; RCE; cultureel erfgoed; erfgoed,"Deze dataset bevat rijksmonumentale religieuze gebouwen, zoals kerken, klokkenstoelen en kapellen. De informatie is afkomstig uit het monumentenregister van de RCE (selectie op hoofdcategorie = Religieuze gebouwen). Bijgebouwen zoals pastorieën zijn uit deze selectie verwijderd.",Rijksdienst voor het Cultureel Erfgoed,info@cultureelerfgoed.nl,,,,InfoDesk (Rijksdienst voor het Cultureel Erfgoed); InfoDesk (Rijksdienst voor het Cultureel Erfgoed); InfoDesk (Rijksdienst voor het Cultureel Erfgoed),"('2.659', '50.5871', '7.8306', '53.7364')",Geen beperkingen (https://creativecommons.org/publicdomain/mark/1.0/deed.nl),otherRestrictions,,
858CFECC3A384638E053D2041EAC26AA,dataset,ISO 19115,,2024-03-28,dut,28992,Provinciale Omgevingsverordening 2018 - Verwachting toetsen door onderzoek (historie),locaties,"Deze kaartlaag maakt onderdeel uit van de op 3 oktober 2018 vastgestelde versie van de Provinciale Omgevingsverordening Drenthe. (Bijbehorende kaart D4). Op de specifieke kernkwaliteitenkaarten D4 t/m D7 van deze verordening, worden de kernkwaliteiten weergegeven. In principe ligt binnen het bestaand stedelijk gebied de verantwoordelijkheid voor kernkwaliteiten bij de gemeente. Het provinciaal belang voor archeologie en cultuurhistorie kent hierop een uitzondering: het provinciaal belang is ook van toepassing binnen bestaand stedelijk gebied als de kernen zijn opgenomen zoals in kaart D4.",Provincie Drenthe,post@drenthe.nl,,,,Team Gis/Cartografie (Provincie Drenthe),"('6.105', '52.601', '7.109', '53.213')",Geen beperkingen,otherRestrictions,,
ffffffee-3897-539d-b426-2e93cf46de93,dataset,ISO 19115,,2011-01-01,dut,28992,"Samenhang kernkwaliteiten (OGV, 2010) (historie)",omgevingsvisie,"Dit bestand geeft de samenhang kernkwaliteiten weer zoals in de door Provinciale Staten op 2 juni 2010 vastgestelde Omgevingsvisie, kaart 2 (Kernkwaliteiten).",Provincie Drenthe,post@drenthe.nl,,,,Team Gis/Cartografie (Provincie Drenthe),"('6.105', '52.601', '7.109', '53.213')",Geen beperkingen,otherRestrictions,,
171b28f6-7ee7-46f9-b3b3-06d0baaa33db,service,ISO 19115,WMS,2025-07-18,dut,,Population Distribution (INSPIRE geharmoniseerd) WMS,cbs; statistics; grid; pd; nl; population distribution; netherlands; sdmx; population; nuts; lau,This dataset contains data with total population of the Netherlands referenced to statistical units according to the INSPIRE datamodel for Population Distribution version 3.0.,Beheer PDOK,beheerPDOK@kadaster.nl,,,,Beheer PDOK,"('2.9069', '50.6898', '7.5008', '53.6248')",Geen beperkingen (https://creativecommons.org/publicdomain/mark/1.0/deed.nl),otherRestrictions,,
3c47e1a8-a6a2-45e4-bfec-0f334c9fbc9d,service,ISO 19115,WMS,2025-03-14,dut,,CBS Wijken en Buurten 2020 versie 3 WMS,cbs; wijken; buurten; gemeenten; statistiek; bevolkingdichtheid; inwoners; herkomst; autos; huishoudens; nabijheid,"Het Bestand Wijk- en Buurtkaart 2020 bevat de geometrie van alle gemeenten, wijken en buurten in Nederland met als attribuut een aantal statistische kerncijfers. De begrenzingen van wijken en buurten zijn gebaseerd op wat de gemeenten aan het CBS doorgeven. De gemeentegrens is afkomstig uit de BRK van het Kadaster. De land-watergrens uit het Bestand Bodemgebruik 2017. Deze derde versie bevat de meeste kerncijfers. Hierna volgt geen update meer.",,beheerpdok@kadaster.nl,,,,,"('2.8009', '50.6678', '7.6393', '53.6253')",Geen beperkingen (https://creativecommons.org/publicdomain/mark/1.0/deed.nl),otherRestrictions,,
75c12d90-3475-4767-a68c-3a5318b4063e,dataset,ISO 19115,WMS,2017-09-11,dut,28992,"Stikstof (N-totaal) belasting oppervlaktewater, nationaal totaal emissiejaar 2014 in kg. Emissieregistratie 1990-2014 (vastgesteld 2016)",Emissieregistratie; Emissie; PRTR; Water; Stikstof; N-totaal; Belasting oppervlaktewater; 2014,Stikstof (N-totaal) belasting oppervlaktewater door alle nederlandse bronnen emissiejaar 2014 in kg. Emissieregistratie 1990-2014 (vastgesteld 2016),RIVM,emissieregistratie@rivm.nl,,,,RIVM,"('2.490333225500938', '50.73077924552031', '7.793826895000784', '54.981574526806426')",Geen Beperkingen,otherRestrictions,,
da2b9b61-af43-49ce-9e0c-a0006bdc3802,dataset,ISO 19115,WMS,2017-09-11,dut,28992,Niet-methaan VOS (NMVOS) emissies naar lucht 2014,Emissieregistratie; Emissie; PRTR; Lucht; Niet-methaan VOS; NMVOS; Vluchtige organische stoffen; 2014,Niet-methaan VOS (NMVOS) emissies naar lucht uit alle bronnen in 2014 in kg/km2 per jaar. Emissieregistratie 1990 - 2014. (vastgesteld 2016),RIVM,emissieregistratie@rivm.nl,,,,RIVM,"('2.490333225500938', '50.73077924552031', '7.793826895000784', '54.981574526806426')",Geen Beperkingen,otherRestrictions,,
f055b7fd-a5b5-4f7e-ae85-bff72f3246f0,service,ISO 19115,WFS,2024-08-08,dut,,CBS Gebiedsindelingen 2013 WFS,Statistische eenheden; Gebiedsindeling; Gemeente; Landsdeel; Provincie; Buurt; COROP-gebied; GGD-regio; NUTS3; NUTS1; NUTS2; Wijk; Grootstedelijke aglomeratie; Stadsgewest; COROP-plusgebied; COROP-subgebied; Landbouwgebied; Landbouwgroep; RPA-gebied; Toeristengroep; Toeristengebied; Arrondissementsgebied; Brandweerregio; Kamer van Koophandelregio; Politieregio; Regionale Eenheid; Veiligheidsregio; Zorgkantoorregio; Arbeidsmarktregio; Jeugdregio,Deze service bevat de CBS Gebiedsindelingen van 2013. De volgende gebiedsindelingen kunnen voorkomen: Gemeente Landsdeel Provincie Buurt COROP-gebied GGD-regio NUTS1 NUTS2 NUTS3 Wijk COROP-plusgebied COROP-subgebied Landbouwgebied Landbouwgroep RPA-gebied Toeristengroep Toeristengebied Arrondissementsgebied KamervanKoophandelregio Regionale-Eenheid Veiligheidsregio Veiligthuisregio Zorgkantoorregio Arbeidsmarktregio Regioplus-arbeidsmarktregio Jeugdregio Ressort RES-regio Regionaalmeldcoördinatiepunt Regionale-energiestrategie SubRES-regio,,beheerpdok@kadaster.nl,,,,,"('1.086', '50.5622', '8.4677', '55.8094')","Naamsvermelding verplicht, organisatienaam (https://creativecommons.org/licenses/by/4.0/deed.nl)",otherRestrictions,,https://service.pdok.nl/cbs/gebiedsindelingen/2013/wfs/v1_0?request=GetCapabilities&service=WFS
251efc75-bdae-4c9b-b1d5-7a0166bc248e,dataset,ISO 19115,WMS; WFS,2025-01-07,dut,28992,Musea in Nederland,kunstcollectie; museum; roerend erfgoed; RCE; cultureel erfgoed; erfgoed,"De dataset Musea in Nederland bevat alle bezoekadressen van musea die voldoen aan criteria die zijn vastgesteld door de Rijksdienst voor het Cultureel Erfgoed en het CBS. Dit zijn alle in het Museumregister geregistreerde musea plus ongeregistreerde musea die o.a. een eigen website hebben, op een vaste locatie zijn opengesteld, minimaal 28 weken per jaar open zijn en geen winstoogmerk hebben. 
Per 1 januari 2022 waren er 629 museumorganisaties die hieraan voldoen. Daar de gehanteerde criteria in deze selectie streng zijn toegepast en bepaalde organisaties, zoals botanische tuinen en aan musea gelieerde instellingen, niet zijn meegenomen, is het totale aantal actieve museumorganisaties in Nederland groter.",Rijksdienst voor het Cultureel Erfgoed,info@cultureelerfgoed.nl,,,,InfoDesk (Rijksdienst voor het Cultureel Erfgoed); InfoDesk (Rijksdienst voor het Cultureel Erfgoed); InfoDesk (Rijksdienst voor het Cultureel Erfgoed),"('2.7364', '50.7367', '7.7153', '53.5096')",Geen beperkingen (https://creativecommons.org/publicdomain/mark/1.0/deed.nl),otherRestrictions,,https://services.rce.geovoorziening.nl/Veiligheid_van_Erfgoed/wfs?request=GetCapabilities
b31a1fb3-3812-45c2-86be-c3db7f6233af,service,ISO 19115,WFS,2025-07-14,dut,,Afgevoerde hoeveelheid afval vanuit de industrie (2019 - heden) (WFS) (INSPIRE),,"Voor het Integraal PRTR-verslag (PRTR) moeten bedrijven, wanneer zij de drempelwaarden overschrijden, rapporteren hoeveel afval zij hebben afgevoerd, en op welke wijze dit afval is verwerkt (afvoer binnen Nederland of naar het buitenland, en of het nuttig is toegepast of verwijderd). Deze verplichting geldt voor bedrijven die onder de reikwijdte van Annex I van de E-PRTR-verordening vallen.",,emissieregistratie@rivm.nl,,,,,"('3.37', '50.75', '7.21', '53.47')",Geen beperkingen (https://creativecommons.org/publicdomain/mark/1.0/deed.nl),otherRestrictions,,https://data.rivm.nl/geo/inspire/wfs?request=GetCapabilities
2bc9fe99-9e11-487a-9f5e-b0ae9c3bb42d,dataset,ISO 19115,,2025-04-08,dut,28992,Thermische Energie Drinkwater (TED - potentie),Thermische Energie Drinkwater; TED-potentie,"De laag TED- potentie toont het potentieel aan onttrekbare warmte van drinkwaterleidingen.. Waterbedrijven  leverden de data voor het berekenen van de TED-potentie. 

Zie ook de https://aquathermieviewer.nl/ voor meer informatie.
Data afkomstig uit de Landelijke tabellen van de Aquathermieviewer",,klantcontact@rvo.nl,,,,,"('-179.7511', '-52.3545', '179.2007', '-37.4695')",Geen beperkingen (http://creativecommons.org/publicdomain/mark/1.0/deed.nl),otherRestrictions,,
77c6d546-5ffc-41a2-b263-c7b2ae0bee52,service,ISO 19115,WFS,2025-07-18,dut,4258,Vervoersnetwerken - Wegen - Netwerk (INSPIRE geharmoniseerd) WFS,Vervoersnetwerken; Nationaal; Hoofdwegen (richtlijn omgevingslawaai); InfoMapAccesService; Vervoersnetwerk; Transport network; Knooppunten; Nodes; Wegen; Roads; Objecten; Objects; Kenmerken; Characteristics,De wfs Vervoersnetwerken - Wegen - Netwerk bevat het transportnetwerk en fysieke objecten die verbonden zijn aan transport over wegen.,,beheerpdok@kadaster.nl,,,,,"('-1.3576', '49.7198', '11.4525', '54.5536')",Geen beperkingen (https://creativecommons.org/publicdomain/zero/1.0/deed.nl),otherRestrictions,,https://service.pdok.nl/rws/vervoersnetwerken/wegen/wfs/v1_0?request=GetCapabilities&service=WFS
614352b8-ca5f-4708-b67e-0edac8071218,dataset,ISO 19115,,2018-10-26,eng,28992,CORINE Land Cover change 2006 - 2012,Land cover; Land use,"CORINE Land Cover change (2006-2012) database of the Netherlands. Monitoring of CLC land cover changes between 2006 and 2012 with a minimum mapping unit (MMU) of 5ha.  

The CORINE Land Cover (CLC) initiative has a longstanding tradition of providing land cover and land use information over Europe at regular time intervals. Over the past few decades, it gradually became one of the flagship european geospatial datasets. For the 2012 release, the global Monitoring for Environment and Security Programme (GMES, now called Copernicus), established in partnership with the European Commission and the European Space Agency (ESA), provides a unique opportunity to extend the CLC products with a new series of High Resolution (HR) layers, adressing 5 land cover characteristics that will provide valuable complementary information to the CLC datasets (i.e. imperviousness, forest areas, permanent grassland, wetlands and water bodies). The European Environment Agency (EEA) is responsible for the coordination of the pan-European component of GMES Initial Operations (GIO) Land Monitoring 2011-2013 in the framework of regulation (EU) No 911/2010 – Pan-EU Component. As the EEA highly values the cooperation with EIONET members and cooperating countries they were invited to participate in the production of CLC products and verification and enhancement of the HR layers.",Wageningen Environmental Research,geodesk@wur.nl,,,,GeoDesk Wageningen UR (Wageningen Environmental Research),"('3.222', '50.736', '7.313', '53.562')",geen beperkingen,otherRestrictions,,
755d488b-7b94-4883-95be-6aa279604f85,service,ISO 19115,WMS,2025-02-07,dut,,Monitoring stations (Nitraatrichtlijn) diepe filters (WMS),Monitoring stations (Nitraatrichtlijn),"Het Landelijk Meetnet Grondwaterkwaliteit (LMG) is opgebouwd tussen 1979 en 1984 en bestaat uit ongeveer 350 meetlocaties die zijn verspreid over heel Nederland. Er wordt bemonsterd in  permanente putten die speciaal voor monitoringsdoeleinden zijn aangelegd. Deze waarnemingsputten zijn net buiten de velden aangelegd om eenvoudig te kunnen bemonsteren en de werkzaamheden in het veld niet te hinderen. De locaties zijn geselecteerd op basis van grondsoort, het landgebruik en de hydrologische toestand. Op elke locatie worden grondwatermonsters genomen op diepten van 5-15 m (ondiepe filters) en 15-30 m onder het maaiveld (diepe filters). Op zandgrond worden uit ondiepe waarnemingsputten elk jaar monsters genomen, terwijl er op de andere grondsoorten (klei en veen) elke twee jaar monsters worden genomen uit ondiepe putten. Uit diepe putten wordt elke vier jaar een monster genomen, evenals uit ondiepe filters op meetpunten met mariene invloeden. De putten die niet elk jaar worden bemonsterd, worden in geïnterpoleerd voor de afwezige jaren.",,info@rivm.nl,,,,Nitraatrichtlijn; RIVM,"('3.37', '50.75', '7.21', '53.47')",Geen beperkingen (http://creativecommons.org/publicdomain/zero/1.0/deed.nl),otherRestrictions,,
16ca3edf-9efd-429b-8004-655210c04d63,dataset,ISO 19115,,2021-10-11,dut,28992,Grens tot waar kwel vanuit oude zeearmen komt 2005,kwel,Lijnenbestand met grens waar regionale kwel (vanuit oude zeearmen) mogelijk brak diep kwelwater vandaan komt.,TNO Bouw en Ondergrond,,,,,,"('4.210', '51.511', '5.151', '51.833')",geen beperkingen,otherRestrictions,,
c9ea5f41-b999-45a8-bcf7-0e65adba4ee7,dataset,ISO 19115,WMTS; WMS,2018-06-27,dut,28992,Luchtfoto 2017 25cm RGB Ortho,zomer; luchtfoto; 2017; 25cm; ortho; rgb; landelijke voorziening beeldmateriaal; lvb; beeldmateriaal; orthofoto; ortho25; orthofotomozaïek; mozaïek; orthofotomozaiek; mozaiek; lage resolutie; lr,RGB zomerluchtfoto van 2017 met een resolutie van 25cm.,Waterschap Hunze en Aa's,gis_info@hunzeenaas.nl,,,,Waterschap Hunze en Aa's; Waterschap Hunze en Aa's,"('6.274500417904351', '52.6482562858353', '7.570597529185045', '53.47291066142737')",Geen beperkingen,otherRestrictions,,
858CFECC3A164638E053D2041EAC26AA,dataset,ISO 19115,,2024-03-28,dut,28992,Provinciale Omgevingsverordening 2018 - Verwachting toetsen (Es) (historie),locaties,"Deze kaartlaag maakt onderdeel uit van de op 3 oktober 2018 vastgestelde versie van de Provinciale Omgevingsverordening Drenthe. (Bijbehorende kaart D4). In gebieden of terreinen waar archeologische waarden worden verwacht (verwachtingsgebieden) die van provinciaal belang zijn, sturen wij op een goede uitvoering van archeologisch onderzoek, conform de gangbare, in de archeologische beroepsgroep geldende kwaliteitseisen. Onder deze verwachtingsgebieden vallen alle Drentse essen.",Provincie Drenthe,post@drenthe.nl,,,,Team Gis/Cartografie (Provincie Drenthe),"('6.105', '52.601', '7.109', '53.213')",Geen beperkingen,otherRestrictions,,
7ca13223-5c09-5d9b-b901-613be092a2d0,dataset,ISO 19115,,2005-03-29,dut,28992,"Korstmos, 98-04 ammoniakmijdend (historie)",ammoniak; korstmossen; natuur,"Het voorkomen van ammoniakmijdende korstmossen, uitgedrukt in de Acidofile Indicatie Waarde (AIW). Verandering van indicatie waarde in de periode 91-98 per uurhok. Een afname van de AIW duidt op een verslechtering van het milieu.",Provincie Drenthe,post@drenthe.nl,,,,Team Gis/Cartografie (Provincie Drenthe),"('6.105', '52.601', '7.109', '53.213')",Geen beperkingen,copyright,,
858CFECC3A174638E053D2041EAC26AA,dataset,ISO 19115,,2024-03-28,dut,28992,Provinciale Omgevingsverordening 2018 - Wegpanorama (historie),locaties,Deze kaartlaag maakt onderdeel uit van de op 3 oktober 2018 vastgestelde versie van de Provinciale Omgevingsverordening Drenthe. (Bijbehorende kaart D7). Als kernkwaliteiten worden aangewezen de themas en gebieden zoals die zijn neergelegd op de bij deze verordening behorende kaart D7 (Kernkwaliteit landschap). Bij deze kaart geldt dat van een provinciaal belang alleen sprake is in de situaties zoals in de omgevingsvisie (hoofdstuk 4) omschreven.,Provincie Drenthe,post@drenthe.nl,,,,Team Gis/Cartografie (Provincie Drenthe),"('6.105', '52.601', '7.109', '53.213')",Geen beperkingen,otherRestrictions,,
6776cafe-a7a9-45af-b370-6a8f638a12d5,service,ISO 19115,WMS,2025-03-12,dut,,CBS Vierkantstatistieken 500m 2015 WMS,Demografie; Statische_eenheden; Vierkant; Grid; Statistiek; Bevolking; Inwoners; Woning; Leeftijd; Herkomst; Woz; Inkomen; Energie; Stedelijkheid; Bevolkingdichtheid; Concentratie; Spreiding_van_de_bevolking,Het bestand CBS vierkanten 500m bevat statistische gegevens per 500 meter bij 500 meter vierkant. In april 2022 zijn gegevens over 2021 toegevoegd en zijn gegevens over de jaren 2020 en 2019 aangevuld. Lees voor meer informatie: https://www.cbs.nl/nl-nl/longread/diversen/2022/statistische-gegevens-per-vierkant-2021-2020-2019,,beheerpdok@kadaster.nl,,,,,"('1.986', '50.6749', '7.8197', '55.7059')","Naamsvermelding verplicht, organisatienaam (https://creativecommons.org/licenses/by/4.0/deed.nl)",otherRestrictions,,
24d0d66f-a1c1-5894-9ab0-aa65f74883bd,dataset,ISO 19115,,2025-02-24,dut,28992,"Voortgangsrapportage Natuur 2021 Prolander, begrenzing nieuwe natuur (historie)",locaties,"Voortgangsrapportage Natuur 2021. Geeft inzicht in begrenzing, verwerving, inrichting van de Nieuwe natuur in de provincies Drenthe en Groningen.",Provincie Drenthe,datateam@drenthe.nl,,,,Team Gis/Cartografie (Provincie Drenthe),"('6.0531', '52.5451', '7.2431', '53.2683')",Geen beperkingen,otherRestrictions,,
920e9cb0-3603-488b-a57f-6e9a7bc499f3,dataset,ISO 19115,WMS,2025-02-19,dut,28992,Luchtfoto 2017 Gemeente Koggenland,WMS; GEOSERVER; Luchtfoto,Luchtfoto 2017 Gemeente Koggenland,Gemeente Koggenland,geo@koggenland.nl,,,,,"('4.8433', '52.584', '5.0565', '52.7112')",Geen beperkingen,otherRestrictions,,
684cec3a-ce51-4a2a-bbe9-229a8208bc40,dataset,ISO 19115,WFS,2019-11-25,dut,28992,INSPIRE Human Health - Geluidcontouren provinciale wegen (nacht),GELUIDHINDER; VERKEERSLAWAAI; PROVINCIALE WEGEN,"Deze data is gestandaardiseerd voor de provinciale aanlevering INSPIRE. De provincie Fryslân heeft geluidskaarten laten opstellen. Met behulp van geavanceerde rekenmodellen is de geluidsbelasting inzichtelijk gemaakt voor woningen, gebouwen met een onderwijs of gezondheidsfunctie en stiltegebieden. Cijfermatig is een onderscheid gemaakt tussen de wegen die verplicht moeten worden onderzocht (provinciale wegen met 3 miljoen of meer voertuigpassages) en alle provinciale wegen. Het onderhavige bestand betreft de geluidscontouren-nacht.",provincie Fryslân,provincie@fryslan.frl,,,,,"('5.422', '52.798', '6.39', '53.423')",http://creativecommons.org/publicdomain/mark/1.0/deed.nl,otherRestrictions,,https://geoportaal.fryslan.nl/arcgis/services/ProvinciaalGeoRegister/Inspire/MapServer/WFSServer?
8a314e62-b4a4-4132-89f6-968c28c4e354,dataset,ISO 19115,WFS; WMS,2022-04-29,dut,,Werkingsgebied - Aanvullend beperkingengebied luchthaven,ruimtegebruik; ruimtelijke ordening,"Deze werkingsgebied maakt onderdeel uit van Omgevingsverordening NH2020, vastgesteld op 16-11-2020 (besluitnr.: 1477251/1478383). Het plan is te raadplegen op ruimtelijkeplannen.nl via deze link:  https://www.ruimtelijkeplannen.nl/viewer/view?planidn=NL.IMRO.9927.POVPNH-VG01  Meer informatie over deze werkingsgebied is te lezen in artikel(en): 4.89, 4.93, 4.97, 6.72 t/m 6.74",Provincie Noord-Holland,kaartendata@noord-holland.nl,,,,,"('4.546', '52.158', '5.178', '53.137')",Geo Gedeeld licentie (http://creativecommons.org/publicdomain/mark/1.0/deed.nl),otherRestrictions,,https://geoservices.noord-holland.nl/ags/services/oi_dataservice_povnh2020/MapServer/WFSServer?request=GetCapabilities&service=WFS
3cc61214-2019-458a-8479-11b893898781,service,ISO 19115,,2023-10-20,dut,7415,Actueel Hoogtebestand Nederland 2 (AHN2),hoogte; elevation; LiDAR; laseraltimetrie; water; AHN; maaiveld,"Het Actueel Hoogtebestand Nederland (AHN) is de digitale hoogtekaart voor heel Nederland. AHN is een samenwerking van de provincies, Rijksoverheid en de waterschappen. De hoogte wordt gemeten met laseraltimetrie: een techniek waarbij een vliegtuig met een laserstraal het aardoppervlak aftast. Het AHN2 is ingewonnen in de periode 2007-2012. Voor meer informatie over het AHN zie https://ahn.nl.",,info@ahn.nl,,,,Het Waterschapshuis,"('3.1647', '50.66086', '7.37703', '53.66608')",Geen beperkingen (http://creativecommons.org/publicdomain/zero/1.0/deed.nl),otherRestrictions,,
188fff0c-dfaa-45f1-bb23-9f7f8e7ef02c,dataset,ISO 19115,,2019-09-16,dut,28992,Ruimtelijke plannen Wro,RUIMTELIJKE ONTWIKKELING EN VOLKSHUISVESTING; WETGEVING RUIMTELIJKE ORDENING EN VOLKSHUISVESTING; RUIMTELIJKE ORDENING; WET OP DE RUIMTELIJKE ORDENING; BESTEMMINGSPLANNEN,Officieel gepubliceerde ruimtelijke plannen conform de digitaliseringsaspecten van de Wro/Bro.,provincie Fryslân,provincie@fryslan.frl,,,,,"('4.847', '51.987', '5.457', '52.215')",http://creativecommons.org/publicdomain/mark/1.0/deed.nl,otherRestrictions,,
caf3d5a5-e7e0-44bc-a4e8-d954884e8696,dataset,ISO 19115,WMS; WFS,2019-01-29,dut,28992,Grootschalig open landschap (Omgevingsvisie 2016-2020),STRUCTUURPLANNEN; LANDSCHAPSBESCHERMING; NATUUR EN LANDSCHAP; LANDSCHAPSBEHEER,"Dit bestand bevat gebieden behorend tot het grootschalig open landschap  zoals vastgesteld in de Omgevingsvisie provincie Groningen 2016-2020.
De afwisseling en het contrast tussen de open en besloten gebieden draagt bij aan de diversiteit van het landschap. Wij beschermen de openheid en beslotenheid van het landschap. Wij hebben hier regels over opgenomen in de Omgevingsverordening.",Provincie Groningen,geoportaal@provinciegroningen.nl,,,,Afdeling INFO (Provincie Groningen),"('6.276', '53.014', '7.232', '53.471')",geen beperkingen,otherRestrictions,,https://geoservices.provinciegroningen.nl/server/services/Beleidsplannen/Omgevingsvisie/MapServer/WFSServer
0c95f75d-7f01-5504-8661-161343030c93,dataset,ISO 19115,WMS; WFS,2022-06-01,dut,28992,"Aardkundige landschapselementen, overgangen en samenhang",aardkunde; aardkundige waarden; bodem; genese; geografie; hoofdlandschap; landschapsbeheer; ondergrond; ontstaan; Beschermde gebieden,"Geeft belangrijke overgangen, samenhang en gradienten in het aardkundig landschap in Drenthe weer. De kaart is gerelateerd aan de kaart Aardkundige landschapselementen, met de bijbehorende beschrijving.",Provincie Drenthe,post@drenthe.nl,,,,Team Gis/Cartografie (Provincie Drenthe),"('6.105', '52.601', '7.109', '53.213')",Geen beperkingen,copyright,,https://kaartportaal.drenthe.nl/server/services/GDB_actueel/GBI_BODEM_AW_OVERG_SAMENH_V/MapServer/WFSServer
61e7c058-26c1-4d0b-aad4-41f2eda17d08,dataset,ISO 19115,WMS; WFS,2019-01-29,dut,28992,Kustverdediging (Omgevingsvisie 2016-2020),STRUCTUURPLANNEN; DIJKEN; CULTUURBELEID; NATUUR- EN LANDSCHAPSBELEID; VEILIGHEID,"Dit bestand bevat de kustverdedigingsgebieden zoals vastgesteld in de Omgevingsvisie provincie Groningen 2016-2020.
Het Werelderfgoed Waddenzee ligt achter de dijk: de potenties die het onmiskenbaar heeft kunnen beter worden benut. Dat vraagt om een andere manier van kijken: de dijk niet als scheidslijn zien, maar als onderdeel van een brede overgangszone tussen land en wad, als aanjager voor de beleving en (op bescheiden schaal) vermarkten van het werelderfgoed.
Er zijn goede mogelijkheden om natuur, landbouw en recreatie te koppelen aan dijkversterkingsprojecten. Wij hebben hiervoor in de Omgevingsverordening een waterkeringszone ruimtelijk vastgelegd.",Provincie Groningen,geoportaal@provinciegroningen.nl,,,,Afdeling INFO (Provincie Groningen),"('6.184', '53.228', '7.224', '53.486')",geen beperkingen,otherRestrictions,,https://geoservices.provinciegroningen.nl/server/services/Beleidsplannen/Omgevingsvisie/MapServer/WFSServer
9fd4a659-2e67-5321-bc1a-8dd2bb7253f5,dataset,ISO 19115,,2016-04-18,dut,28992,"Natuurbeheerplan 2017, Ambitiekaart (historie)",agrarisch; EHS; gebiedsplan; landbouw; landschap; landschapsbeheer; natuur; natuurbeheer; particulier; SNL; subsidie,De provincie bepaalt in het natuurbeheerplan in welke gebieden subsidie kan worden verkregen voor het geschikt maken van grond voor (agrarisch) natuurbeheer of voor het verder ontwikkelen en verhogen van de kwaliteit van (particulier) natuurbeheer. Subsidie wordt alleen verkregen voor het beheer- of landschapstype dat op de ambitiekaart van het natuurbeheerplan is vastgesteld.,Provincie Drenthe,post@drenthe.nl,,,,Team Gis/Cartografie (Provincie Drenthe),"('6.105', '52.601', '7.109', '53.213')",Geen beperkingen,otherRestrictions,,
4e429b43-9846-422a-853b-df8d81b43b54,dataset,ISO 19115,WMS; WFS,2013-11-13,dut,28992,Landelijk Grondwaterregister (LGR),GRONDWATER; GRONDWATERONTTREKKINGEN; INFILTRATIE,"Bestand komt uit het landelijk register voor grondwateronttrekkingen en -infiltraties (LGR). Dit is het bestand met registraties, d.w.z. infiltraties waarvan de hoeveelheden onttrokken water bijgehouden worden. Dit bestand bevat uitsluitend de locaties waar de Provincie Fryslan bevoegd gezag is.",provincie Fryslân,provincie@fryslan.frl,,,,,"('5.047', '52.847', '6.344', '53.486')",http://creativecommons.org/publicdomain/mark/1.0/deed.nl,otherRestrictions,,https://geoportaal.fryslan.nl/arcgis/services/ProvinciaalGeoRegister/PGR2/MapServer/WFSServer?
0c1bc4a2-79eb-451d-9475-6e7c4adb10b0,service,ISO 19115,WMS,2025-03-12,dut,,CBS Vierkantstatistieken 100m 2003 WMS,demografie; vierkant; grid; statistiek; bevolking; inwoners; leeftijd; herkomst; woningen; inkomen; sociale_zekerheid; woz; woningeigendom; huur; voorziening; nabijheid; statistische_eenheden; spreiding_van_de_bevolking,"Het bestand CBS vierkanten 100m bevat statistische gegevens per 100 meter bij 100 meter vierkant. Met ingang van maart 2022 is het jaar 2021 toegevoegd en zijn het aantal kerncijfers van de jaren 2020 en 2019 aanzienlijk uitgebreid met gegevens over demografie, woningen, energie, inkomen, sociale zekerheid, nabijheid van voorzieningen en dichtheid.",,beheerpdok@kadaster.nl,,,,,"('3.1467', '50.7309', '7.3467', '53.5083')",Geen beperkingen (https://creativecommons.org/publicdomain/mark/1.0/deed.nl),otherRestrictions,,
ad06b9d2-81e6-4d2d-9378-1961fb4ef519,dataset,ISO 19115,WMS,2022-12-16,dut,28992,Roet (EC) 2018,ec; roet; luchtkwaliteit; model; gezondheid,"Deze kaart toont de gemodelleerde concentratie roet (µg EC/m³) voor 2018, op basis van rekenpunten uit de monitoringstool van het nsl. Deze vlakdekkende kaart van Nederland heeft een resolutie van 25 meter.",Atlas Leefomgeving,atlasleefomgeving@rivm.nl,,,,,"('3.37087', '50.7539', '7.21097', '53.4658')",geen beperkingen,otherRestrictions,,
8924a73f-0883-4432-af7e-f6823e098fdc,service,ISO 19115,WFS,2025-07-18,dut,,CBS Gebiedsindelingen 2023 WFS,statistische eenheden; gebiedsindeling; gemeente; landsdeel; provincie; buurt; corop-gebied; ggd-regio; nuts3; nuts1; nuts2; wijk; grootstedelijke aglomeratie; stadsgewest; corop-plusgebied; corop-subgebied; landbouwgebied; landbouwgroep; rpa-gebied; toeristengroep; toeristengebied; arrondissementsgebied; brandweerregio; kamer van koophandelregio; politieregio; regionale eenheid; veiligheidsregio; zorgkantoorregio; arbeidsmarktregio; jeugdregio,"Het bestand CBS gebiedsindelingen geeft de gebiedsindelingen die het CBS hanteert. De indelingen zijn gegeven van 2016 t/m het meest recente jaar in gegeneraliseerde vorm. Het meest recente jaar bevat in de eerste helft van dat jaar voorlopige grenzen en nog geen wijken en buurten voor dat jaar. De volgende gebiedsindelingen kunnen voorkomen: Gemeente, Landsdeel, Provincie, Buurt, COROP-gebied, GGD-regio, NUTS3, NUTS1, NUTS2, Wijk, Grootstedelijke aglomeratie, Stadsgewest, COROP-plusgebied, COROP-subgebied, Landbouwgebied, Landbouwgroep, RPA-gebied, Toeristengroep, Toeristengebied, Arrondissementsgebied, Brandweerregio, Kamer van Koophandelregio, Politieregio, Regionale Eenheid, Veiligheidsregio, Zorgkantoorregio, Arbeidsmarktregio en Jeugdregio. In de metadata zijn alleen de lagen van het laatste jaar opgenomen.",,beheerpdok@kadaster.nl,,,,,"('3.06242885', '50.71312193', '7.3680077', '53.60255812')",Geen beperkingen (https://creativecommons.org/publicdomain/mark/1.0/deed.nl),otherRestrictions,,https://service.pdok.nl/cbs/gebiedsindelingen/2023/wfs/v1_0?request=GetCapabilities&service=WFS
e56e8842-9324-5b7d-8d12-294142484031,GIS dataset,ISO 19115,WMS; WFS,2024-02-09,dut,28992,Provinciale Omgevingsverordening 2023 - Bestaand landelijk gebied,gebied; landelijk; locaties; omgevingsverordening,Deze kaartlaag maakt onderdeel uit van de op 13 juli 2022 vastgestelde versie van de Provinciale Omgevingsverordening Drenthe.,Provincie Drenthe,post@drenthe.nl,,,,Team Gis/Cartografie (Provincie Drenthe),"('6.105', '52.601', '7.109', '53.213')",Geen beperkingen,otherRestrictions,,https://kaartportaal.drenthe.nl/server/services/GDB_actueel/GBI_POV2023_BESTAANDLANDGEBIED_V/MapServer/WFSServer
076c533f-bd20-502d-bd5a-b6faa84cb925,dataset,ISO 19115,,2011-01-01,dut,28992,"Hoofdstructuur gas (OGV, 2010) (historie)",buisleiding; omgevingsvisie,"Dit bestand toont de hoofdstructuur gas zoals in de door Provinciale Staten op 2 juni 2010 vastgestelde Omgevingsvisie, kaart 8 (Energie-infrastructuur) is weergegeven en waarin de provincie stelt dat zij samen met de netbeheerders en de rijkspartners zich blijven inzetten voor een toereikende infrastructuur, met voldoende mogelijkheden voor het invoeren van groen gas.",Provincie Drenthe,post@drenthe.nl,,,,Team Gis/Cartografie (Provincie Drenthe),"('6.105', '52.601', '7.109', '53.213')",Geen beperkingen,otherRestrictions,,
d4957149-02b9-465c-98c2-f345478dbfc9,service,ISO 19115,WFS,2025-03-14,dut,,CBS Postcode4 statistieken 2023 WFS,Demografie; Postcode; Pc4; Statistiek; Bevolking; Inwoners; Leeftijd; Herkomst; Woningen; Inkomen; Sociale_zekerheid; Woz; Woningeigendom; Huur; Voorziening; Nabijheid; Spreiding_van_de_bevolking,"De WFS service postcode4 statistieken 2022 bevat statistische gegevens voor het numerieke deel van de postcode voor het jaar 2023.

Met ingang van augustus 2024 zijn gegevens over het jaar 2023 toegevoegd en zijn het aantal gegevens van de jaren 2022 en 2021 uitgebreid met gegevens over demografie, woningen, energie, inkomen, sociale zekerheid, nabijheid van voorzieningen en dichtheid.

Lees voor meer informatie: https://www.cbs.nl/nl-nl/longread/diversen/2024/statistische-gegevens-per-vierkant-en-postcode-2021-2022-2023",,beheerpdok@kadaster.nl,,,,,"('-5.9061', '49.1673', '13.6282', '57.0701')","Naamsvermelding verplicht, organisatienaam (https://creativecommons.org/licenses/by/4.0/deed.nl)",otherRestrictions,,https://service.pdok.nl/cbs/postcode4/2023/wfs/v1_0?request=GetCapabilities&service=WFS
837a90d1-b426-4fb2-bc90-91c1c50b99ce,dataset,ISO 19115,WFS; WMS,2023-09-02,dut,4326,INSPIRE Gecontroleerde klimatologische daggegevens KNMI Nederland,,"Het KNMI beheert 33 automatische weerstations op het land. Op deze weerstations worden meteorologische parameters gemeten zoals temperatuur, neerslag, wind, luchtdruk en globale straling. Alle in real-time ontvangen uurlijkse waarnemingen en metingen worden dagelijks op juistheid en volledigheid gecontroleerd. De gevalideerde gegevens worden gearchiveerd in het Klimatologisch Informatie Systeem (KIS) van het KNMI. Uit de uurgegevens worden daggegevens samengesteld en eens per etmaal wordt de referentie gewasverdamping berekend volgens de methode Makkink. Na bewerking en archivering van de data in KIS kan deze niet meer worden gewijzigd. Dit waarborgt gegevensintegriteit.",Koninklijk Nederlands Meteorologisch Instituut (KNMI),opendata@knmi.nl,,,,KNMI Datacentrum (Koninklijk Nederlands Meteorologisch Instituut (KNMI)); KNMI Datacentrum (Koninklijk Nederlands Meteorologisch Instituut (KNMI)),"('3.20', '50.60', '7.40', '53.70')",no limitations to public access (http://inspire.ec.europa.eu/metadata-codelist/LimitationsOnPublicAccess/noLimitations),otherRestrictions,,https://haleconnect.com/ows/services/org.874.cb9ca55e-f4e7-4bd8-a02e-75d528e22118_wfs/org.874.1fe64439-81bd-4adb-8a64-957200a4a48a?SERVICE=WFS&Request=GetCapabilities
016adcc0-0085-4e4d-b46e-5b6d5f2c4831,dataset,ISO 19115,WFS; WMS,2022-04-29,dut,,Werkingsgebied - Stortplaatsen Wet milieubeheer,ruimtegebruik; ruimtelijke ordening,"Deze werkingsgebied maakt onderdeel uit van Omgevingsverordening NH2020, vastgesteld op 16-11-2020 (besluitnr.: 1477251/1478383). Het plan is te raadplegen op ruimtelijkeplannen.nl via deze link:  https://www.ruimtelijkeplannen.nl/viewer/view?planidn=NL.IMRO.9927.POVPNH-VG01  Meer informatie over deze werkingsgebied is te lezen in artikel(en): 4.52 t/m 4.54",Provincie Noord-Holland,kaartendata@noord-holland.nl,,,,,"('4.654', '52.313', '5.134', '52.936')",Geo Gedeeld licentie (http://creativecommons.org/publicdomain/mark/1.0/deed.nl),otherRestrictions,,https://geoservices.noord-holland.nl/ags/services/oi_dataservice_povnh2020/MapServer/WFSServer?request=GetCapabilities&service=WFS
150732ad-782d-448b-9fff-fa7027f11b6a,dataset,ISO 19115,WMS; WFS,2022-11-17,dut,28992,Geluidkaart rijkswegen 2016 (Lnight) - Atlas Leefomgeving,Gezondheid; Veiligheid; geluid; lawaai; nacht; lnight,Deze geluidskaart laat zien hoeveel geluid het verkeer op een snelweg maakte in 2016. De kaart geeft de gemiddelde geluidswaarde van alle nachtperioden (23.00 tot 7.00 uur) weer. Op de kaart staan alle snelwegen die worden beheerd door Rijkswaterstaat. Geluidskaarten van andere wegen en andere geluidsbronnen zijn te vinden bij provincies en een aantal gemeenten. Wettelijk moeten deze geluidbelastingskaarten eenmaal in de vijf jaar worden ontwikkeld.,RIVM,atlasleefomgeving@rivm.nl,,,,Rijkswaterstaat,"('3.1954102881017565', '50.67190131033707', '7.383358171635846', '53.63951025614753')",Geen beperkingen,otherRestrictions,,https://data.rivm.nl/geo/alo/wfs?
8288ed2b-0ae6-4424-8a47-bf89b9a4b104,dataset,ISO 19115,,2025-07-01,eng,,"Humidity and temperature - airtemperature, humidity, dewpoint, wetbulbtemperature and watervaporpressure at a 10 minute interval",Temperature; Humidity; Watervaporpressure; Dewpoint; Wetbulb; Netherlands; Bonaire; Sint Eustatius; Saba; Archive; Open data,"This dataset is constructed using measurements of temperature-and humiditysensors. The dataset also contains derived physical quantities like the wetbulbtemperature, dewpointstemperature and watervaporpressure. The dataset is neither validated nor are missing values completed.",Koninklijk Nederlands Meteorologisch Instituut (KNMI),opendata@knmi.nl,,,,Koninklijk Nederlands Meteorologisch Instituut (KNMI); Koninklijk Nederlands Meteorologisch Instituut (KNMI); Koninklijk Nederlands Meteorologisch Instituut (KNMI),"('-68.275833', '12.13', '7.149167', '55.399167')",https://creativecommons.org/licenses/by/4.0/deed.nl,otherRestrictions,,
bd7f38e7-2169-4748-8a5d-94b418ed9aad,dataset,ISO 19115,,2025-07-01,eng,,Evaporation - KNMI14 Daily Makkink evaporation: reference 1981-2010,Climate; Evaporation; Makkink; Open data; Core dataset,Gridded files of daily Makkink evaporation in the Netherlands. Based on 14 automatic weather stations. Used as reference dataset for KNMI'14 gridded scenariodata..,Koninklijk Nederlands Meteorologisch Instituut (KNMI),opendata@knmi.nl,,,,Koninklijk Nederlands Meteorologisch Instituut (KNMI); Koninklijk Nederlands Meteorologisch Instituut (KNMI); Koninklijk Nederlands Meteorologisch Instituut (KNMI),"('3.2', '50.6', '7.4', '53.7')",https://creativecommons.org/licenses/by/4.0/deed.nl,otherRestrictions,,
249a6f1e-849b-52ed-96b5-1511e49a4b4c,dataset,ISO 19115,WMS; WFS,2022-06-02,dut,28992,Vogelrichtlijnsoorten Natura 2000,broedvogels; instandhoudingsdoel; Natuurbeschermingswet 1998; niet-broedvogels; vogels,"De vogelsoorten in de Natura 2000-gebieden, waarvoor een instandhoudingsdoelstelling is opgenomen. Het betreft het aantal broedparen of overwinterende vogels, waarvoor het gebied geschikt moet zijn. Een voorbeeld is het hebben van voldoende draagkracht voor het leefgebied van 50 paar paapjes.",Provincie Drenthe,post@drenthe.nl,,,,Team Gis/Cartografie (Provincie Drenthe),"('6.105', '52.601', '7.109', '53.213')",Geen beperkingen,copyright,,https://kaartportaal.drenthe.nl/server/services/GDB_actueel/GBI_NAT_VOGELS_N2000_V/MapServer/WFSServer
ffffffba-bdb2-5980-b9dc-68950bb74173,GIS dataset,ISO 19115,WMS; WFS,2025-07-23,dut,28992,Geluidsbelastingen Actieplan omgevingslawaai provinciale wegen 2024-2028,geluid; locaties,Geluidsbelasting adressen voor het basisjaar 2021. Dataset is tot stand gekomen in het kader van het Actieplan Omgevingslawaai Provinciale wegen 2024-2028. De geluidsbelastingen zijn berekend met behulp van Rekenmethode AREG (Aanvullingsregeling Geluid). Deze dataset is gebaseerd op alle provinciale wegen. Voor de verkeersintensiteiten is er echter op verzoek van Kenniscentrum Infomil voor gekozen om gebruik te maken van de verkeersintensiteiten van het jaar 2019. De intensiteiten voor de jaren 2020 en 2021 laten namelijk een duidelijk lagere omvang van het verkeer zien als gevolg van de Corona-maatregelen.,Provincie Drenthe,datateam@drenthe.nl,,,,Team Gis/Cartografie (Provincie Drenthe),"('6.05316408', '52.54509616', '7.24302686', '53.26832141')",Geen beperkingen,otherRestrictions,,https://kaartportaal.drenthe.nl/server/services/GDB_actueel/GBI_MILIEU_ACT_GELUID_AREG_P/MapServer/WFSServer
dddda303-d583-50ba-ba2b-ebbe5c3f95e9,dataset,ISO 19115,,2013-03-27,dut,28992,Boomklevers in Drenthe (historie),fauna,Boomklevers,Provincie Drenthe,post@drenthe.nl,,,,Team Gis/Cartografie (Provincie Drenthe),"('6.105', '52.601', '7.109', '53.213')",Geen beperkingen,copyright,,
ac0e4d63-a7ea-422d-aaf5-b2fc4a6be6f5,service,ISO 19115,,2023-10-20,dut,7415,Actueel Hoogtebestand Nederland 1 (AHN1),hoogte; elevation; LiDAR; laseraltimetrie; water; AHN; maaiveld,"Het Actueel Hoogtebestand Nederland (AHN) is de digitale hoogtekaart voor heel Nederland. AHN is een samenwerking van de provincies, Rijksoverheid en de waterschappen. De hoogte wordt gemeten met laseraltimetrie: een techniek waarbij een vliegtuig met een laserstraal het aardoppervlak aftast. Het AHN1 is ingewonnen in de periode 1996-2002. Voor meer informatie over het AHN zie https://ahn.nl.",,info@ahn.nl,,,,Het Waterschapshuis,"('3.1647', '50.66086', '7.37703', '53.66608')",Geen beperkingen (http://creativecommons.org/publicdomain/zero/1.0/deed.nl),otherRestrictions,,
1009c2a4-4dba-49a5-b643-914ba8b80b52,service,ISO 19115,WFS,2023-11-27,dut,25832; 4258; 4326,INSPIRE Gecontroleerde klimatologische daggegevens,infoFeatureAccessService,"Het KNMI beheert 33 automatische weerstations op het land. Op deze weerstations worden meteorologische parameters gemeten zoals temperatuur, neerslag, wind, luchtdruk en globale straling. Alle in real-time ontvangen uurlijkse waarnemingen en metingen worden dagelijks op juistheid en volledigheid gecontroleerd. De gevalideerde gegevens worden gearchiveerd in het Klimatologisch Informatie Systeem (KIS) van het KNMI. Uit de uurgegevens worden daggegevens samengesteld en eens per etmaal wordt de referentie gewasverdamping berekend volgens de methode Makkink. Na bewerking en archivering van de data in KIS kan deze niet meer worden gewijzigd. Dit waarborgt gegevensintegriteit.",Koninklijk Nederlands Meteorologisch Instituut (KNMI),opendata@knmi.nl,,,,Koninklijk Nederlands Meteorologisch Instituut (KNMI) (Koninklijk Nederlands Meteorologisch Instituut (KNMI)); Koninklijk Nederlands Meteorologisch Instituut (KNMI) (Koninklijk Nederlands Meteorologisch Instituut (KNMI)),"('3.20', '50.60', '7.40', '53.70')",no limitations to public access (http://inspire.ec.europa.eu/metadata-codelist/LimitationsOnPublicAccess/noLimitations),otherRestrictions,,https://haleconnect.com/ows/services/org.874.cb9ca55e-f4e7-4bd8-a02e-75d528e22118_wfs?SERVICE=WFS&Request=GetCapabilities
593e79b6-2166-4785-b9c1-b0270c4c8ffb,dataset,ISO 19115,,2025-07-01,eng,,"Precipitation - transformed daily precipitation (lower), KNMI14, Netherlands",Precipitation; Lower limit change; Climate scenarios; KNMI'14; Time series; Open data; Core dataset,"ransformed daily time series for precipitation for the KNMI'14 scenarios for around 2030, 2050 and 2085, subscenario Lower, for 240 stations in the Netherlands (revised 2015). Can also be downloaded through http://www.klimaatscenarios.nl/toekomstig_weer/transformatie/index.html",Koninklijk Nederlands Meteorologisch Instituut (KNMI),opendata@knmi.nl,,,,Koninklijk Nederlands Meteorologisch Instituut (KNMI); Koninklijk Nederlands Meteorologisch Instituut (KNMI); Koninklijk Nederlands Meteorologisch Instituut (KNMI),"('3.2', '50.6', '7.4', '53.7')",https://creativecommons.org/licenses/by/4.0/deed.nl,otherRestrictions,,
FEB44D94AC313D26E0441CC1DE40A734,dataset,ISO 19115,,2014-07-21,dut,28992,Cultuurhistorische hoofdstructuur - gebieden  (Omgevingsvisie 2014) (historie),cultuurhistorie; omgevingsvisie,Door Provinciale Staten van Drenthe op 2 juli 2014 vastgestelde versie van  Cultuurhistorische hoofdstructuur - gebieden. De provincie Drenthe richt zich op het waarborgen van de cultuurhistorische samenhang voor de toekomst. De initiatiefnemers hebben de verantwoordelijkheid om de cultuurhistorische hoofdstructuur (bijvoorbeeld Frederiksoord en Veenhuizen) als inspiratiebron te benutten. De provincie beoordeelt de plannen en initiatieven daarop. Komt voor in kaart 2F: Kernkwaliteit Cultuurhistorie.,Provincie Drenthe,post@drenthe.nl,,,,Team Gis/Cartografie (Provincie Drenthe),"('6.105', '52.601', '7.109', '53.213')",Geen beperkingen,otherRestrictions,,
f1fc12fa-ff79-434d-8556-d814974ef22a,dataset,ISO 19115,WMS; WFS,2023-12-28,dut,,Buitengebied (Omgevingsverordening),BUITENGEBIEDEN; INRICHTINGSPLANNEN; LANDSCHAPSONTWIKKELING; LANDELIJKE GEBIEDEN; PROVINCIALE VERORDENINGEN; OMGEVINGSWET; Downloadable Data,"Dit bestand bevat het buitengebied zoals vastgesteld in de Omgevingsverordening provincie Groningen. In deze Omgevingsverordening hebben wij hiervoor regels opgenomen.   Onder het buitengebied verstaan wij die gebieden die buiten stedelijke gebieden liggen en een overwegend agrarische-, natuur- en recreatieve functie hebben.  Omdat de inrichting van het buitengebied zowel vitaal als duurzaam dient te zijn, is daarnaast zuinig ruimtegebruik een belangrijk uitgangspunt.",Provincie Groningen,geoportaal@provinciegroningen.nl,,,,Datateam Beleid (Provincie Groningen),"('6.158', '52.837', '7.245', '53.582')",Geen beperkingen (https://creativecommons.org/publicdomain/mark/1.0/deed.nl),otherRestrictions,,https://geoservices.provinciegroningen.nl/server/services/Beleidsplannen/Omgevingsverordening/MapServer/WFSServer?request=GetCapabilities
ffffffae-edf4-50a3-a5a4-1dae5934ae21,dataset,ISO 19115,,2009-03-31,dut,28992,"Hydrologisch aandachtsgebied, POP-1(historie)",hydrologisch aandachtsgebied; ruimtelijke ordening; water,De hydrologische aandachtsgebieden:1. Gebieden met een natuurfunctie van het freatisch grondwater. 2. Gebieden met een ondersteunende natuurfunctie of een algemene functie grenzend aan een natuurfunctie (750m). Gebieden I en II vormen samen het hydrologisch aandachtsgebied in het POP,Provincie Drenthe,post@drenthe.nl,,,,Team Gis/Cartografie (Provincie Drenthe),"('6.105', '52.601', '7.109', '53.213')",Geen beperkingen,copyright,,
71be5c10-f0ef-4868-a971-92a6af65c6e2,service,ISO 19115,,2025-07-04,dut,,Indicatieve aandachtsgebieden funderingsproblematiek OGC API Features,Fundering; Bodem; Bouw; KCAF,Deze kaart toont het aantal woningen met een bouwjaar van voor 1970 in regio's met een minder draagkrachtige bodem. De kaart vraagt aandacht voor mogelijke funderingsproblemen bij woningen van voor 1970. De kaart doet geen uitspraken over de specifieke staat van funderingen in specifieke gebieden. De kaart is onderdeel van de funderingsviewer. Meer informatie vindt u op de website van het onafhankelijk Kenniscentrum Aanpak Funderingsproblematiek: https://www.kcaf.nl/,,beheerpdok@kadaster.nl,,,,,"('1.00313028', '50.32859085', '9.13157579', '53.96822446')",Geen beperkingen (http://creativecommons.org/publicdomain/mark/1.0/deed.nl),otherRestrictions,,
6c83dcbb-bfcc-44ef-9344-2443bf175b8b,dataset,ISO 19115,WMS; WFS,2025-02-03,dut,28992,Mobiliteitserfgoed,historische geografie; landschap; RCE; rijksmonument; monument; cultuurlandschap; infrastructuur,"De dataset Mobiliteitserfgoed is tot stand gekomen in samenwerking tussen de Rijksdienst voor het Cultureel Erfgoed (RCE) en de stichting Mobiele Collectie Nederland (MCN). Er zijn 1305 objecten opgenomen die beschermd zijn als rijksmonument en een relatie hebben met mobiliteit, aangevuld met enkele tientallen locaties die door de MCN zijn bijgedragen als mobiliteitserfgoed. Het betreft onder andere stationsgebouwen, vuurtorens, sluizen, bruggen, benzinestations en vliegtuighangars.

De kaart is grotendeels gebaseerd op het Monumentenregister dat in beheer is van de Rijksdienst voor het Cultureel Erfgoed. Voor de selectie is gebruik gemaakt van de hoofdcategorieën “Weg- en Waterbouwkundige werken” en “Opslag- en transportgebouwen”, aangevuld met voor infrastructuur relevante objecten die in het Monumentenregister in een andere hoofdcategorie zijn geplaatst. Op 44 objecten na is van alle objecten een foto in de dataset opgenomen, vrijwel alle afkomstig uit de beeldbank van de RCE en voor een belangrijk deel gefotografeerd ten behoeve van deze dataset. Bij de door de MCN aangeleverde locaties wordt een directe link gelegd met Mobiel Erfgoed, voor de Rijksmonumenten wordt de mogelijkheid om dergelijke koppelingen te maken nog verder uitgewerkt. De toonbeelden van Mobiel Erfgoed, zoals die door de MCN worden ontsloten, spelen hierbij een belangrijke rol (zie https://www.toonbeelden.com/#)",,info@cultureelerfgoed.nl,,,,InfoDesk; InfoDesk (Rijksdienst voor het Cultureel Erfgoed),"('2.659', '50.5871', '7.8306', '53.7364')",Geen beperkingen (https://creativecommons.org/publicdomain/zero/1.0/deed.nl),otherRestrictions,,https://services.rce.geovoorziening.nl/landschapsatlas/wfs?request=GetCapabilities
87525c66-1a4c-5a57-8fca-8eb50b6c5cfe,dataset,ISO 19115,WMS; WFS,2025-07-24,dut,28992,Aardkundige monumenten,aardkunde; aardkundig monument; bodem; bodemprofiel; geomorfologie; Kleibosch; pingo ruine; Stobbenven; stuifzandvlakte; stuwwal,Dit bestand geeft de ligging van de aardkundige monumenten weer.,Provincie Drenthe,datateam@drenthe.nl,,,,Team Gis/Cartografie (Provincie Drenthe),"('6.01978004', '52.50551669', '7.34097332', '53.30743091')",Geen beperkingen,otherRestrictions,,https://kaartportaal.drenthe.nl/server/services/GDB_actueel/GBI_MILIEU_BOBES_AARD_MON_V/MapServer/WFSServer
5856173c-e58d-4b4c-8f9b-046ee1f20c1c,service,ISO 19115,WFS,2024-11-22,dut,,Potentieel koude en warmte uit open en gesloten WKO systemen (GJ/ha.jaar) WFS,"energiebronnen, WMS",Het kaartmateriaal en bijbehorende administratieve gegevens worden regelmatig bijgewerkt. De kaarten zijn openbaar. RVO (ex- Agentschap NL) streeft naar correcte en actuele informatie op deze site. De getoonde informatie kan echter onjuiste of onvolledige informatie bevatten. RVO (ex-Agentschap NL) kan geen aansprakelijkheid aanvaarden voor schade die verband houdt met het gebruik van de getoonde informatie.,Beheer PDOK,beheerPDOK@kadaster.nl,,,,Beheer PDOK (Beheer PDOK); Beheer PDOK,"('3.206252918228434', '50.73360719554353', '7.245258336784366', '53.58297893748843')",Geen beperkingen (http://creativecommons.org/publicdomain/zero/1.0/deed.nl),otherRestrictions,,https://service.pdok.nl/rvo/wko/wfs/v1_0?service=wfs&request=getcapabilities
af4841b5-ce83-4edb-af41-429a21140316,service,ISO 19115,WFS,2024-11-20,dut,,Habitatrichtlijn verspreiding van habitattypen WFS,Habitats en biotopen; Verspreiding van habitattypen (Habitatrichtlijn); Nationaal,Kaart met de verspreiding van habitattypen voor de Artikel 17 rapportage Habitatrichtlijn voor periode 2007 - 2012,,beheerpdok@kadaster.nl,,,,,"('2.35417303', '50.71447164', '7.5553525', '55.66948102')",Geen beperkingen (https://creativecommons.org/publicdomain/zero/1.0/deed.nl),otherRestrictions,,https://service.pdok.nl/rvo/habitatrichtlijntypen/wfs/v1_0?request=GetCapabilities&service=WFS
67ee0eaf-5193-4140-9fdc-a896248af1be,dataset,ISO 19115,WMS; WFS,2022-12-12,dut,,Bodemverstoringen monitoring landschap,CULTUURLANDSCHAPPEN; DIJKEN; CULTUURHISTORIE; MONITORING; LANDSCHAPSBESCHERMING; NATUUR EN LANDSCHAP; CULTUURHISTORISCHE WAARDENKAARTEN; Downloadable Data,"Dit bestand bevat bodemverstoringen die zijn waargenomen in het kader van de monitoring landschap. Dit is voor vier landschapselementen binnen het thema reliëf vastgelegd; wierden, oude dijken, essen en aardkundige waarden. Op basis van vergelijking van het AHN2 en het ANH3 zijn verstoringen vastgelegd. Onder andere het type bodemverstoring en het doel van de bodemverstoring, zijn vastgelegd in dit bestand.",Provincie Groningen,geoportaal@provinciegroningen.nl,,,,Datateam Beleid (Provincie Groningen),"('6.179025', '52.895823', '7.218288', '53.462515')",Geen beperkingen (https://creativecommons.org/publicdomain/mark/1.0/deed.nl),otherRestrictions,,https://geoservices.provinciegroningen.nl/server/services/LandelijkGebied/Landschap/MapServer/WFSServer?request=GetCapabilities
ffffff8a-fd30-505b-8e6d-f5c01d589d33,dataset,ISO 19115,,2008-11-12,dut,28992,LOFAR (historie),LOFAR,"Dit bestand geeft  het centraal gedeelte en zonering LOFAR (Low Frequency Array) weer, The eyes of the Earth. Het betreft een binnenste en buitenste ellips met elk zijn eigen beperkingen, zoals in het door Provinciale Staten van Drenthe op 7 juli 2004 vastgestelde Provinciaal Omgevingsplan Drenthe. POPII, kaart 4 .LOFAR (Low Frequency Array), is een uniek ICT-project dat is ontstaan uit de ambitie van Nederlandse sterrenkundigen om het prille begin van ons heelal waar te nemen. Daarvoor is een radiotelescoop nodig die honderd maal gevoeliger is dan de huidige telescopen. LOFAR ontwikkelt deze radiotelescoop als een netwerk van tienduizenden sensoren. Die kleine antennes zijn verdeeld over een gebied met een diameter van 350 kilometer en gekoppeld aan een supercomputer via een uitgestrekt glasvezelnetwerk.",Provincie Drenthe,post@drenthe.nl,,,,Team Gis/Cartografie (Provincie Drenthe),"('6.105', '52.601', '7.109', '53.213')",Geen beperkingen,copyright,,
a22e453d-2dfb-45b0-ae1b-afb813508ddb,service,ISO 19115,WFS,2025-03-12,dut,,CBS Vierkantstatistieken 500m 2020 WFS,Demografie; Statische_eenheden; Vierkant; Grid; Statistiek; Bevolking; Inwoners; Woning; Leeftijd; Herkomst; Woz; Inkomen; Energie; Stedelijkheid; Bevolkingdichtheid; Concentratie; Spreiding_van_de_bevolking,"Het bestand CBS vierkanten 500m bevat statistische gegevens per 500 meter bij 500 meter vierkant. Met ingang van juni 2023 is het jaar 2022 toegevoegd en zijn het aantal kerncijfers van de jaren 2021 en 2020 aanzienlijk uitgebreid met gegevens over demografie, woningen, energie, inkomen, sociale zekerheid, nabijheid van voorzieningen en dichtheid voor zover beschikbaar.
Met ingang van het publicatiejaar 2022 is de indeling van inwoners naar migratieachtergrond vervangen door een indeling naar geboorteland en herkomst.
Met ingang van het publicatiejaar 2020 is het gemiddeld huishoudinkomen toegevoegd en is de categorie van het gestandaardiseerd huishoudinkomen komen te vervallen.",,beheerpdok@kadaster.nl,,,,,"('1.986', '50.6749', '7.8197', '55.7059')","Naamsvermelding verplicht, organisatienaam (https://creativecommons.org/licenses/by/4.0/deed.nl)",otherRestrictions,,https://service.pdok.nl/cbs/vierkantstatistieken500m/2020/wfs/v1_0?request=GetCapabilities&service=WFS
c60cb981-b82a-48f3-a83d-8dbb9657e833,service,ISO 19115,WFS,2025-03-12,dut,,CBS Vierkantstatistieken 500m 2000 WFS,Demografie; Statische_eenheden; Vierkant; Grid; Statistiek; Bevolking; Inwoners; Woning; Leeftijd; Herkomst; Woz; Inkomen; Energie; Stedelijkheid; Bevolkingdichtheid; Concentratie; Spreiding_van_de_bevolking,Het bestand CBS vierkanten 500m bevat statistische gegevens per 500 meter bij 500 meter vierkant. In april 2022 zijn gegevens over 2021 toegevoegd en zijn gegevens over de jaren 2020 en 2019 aangevuld. Lees voor meer informatie: https://www.cbs.nl/nl-nl/longread/diversen/2022/statistische-gegevens-per-vierkant-2021-2020-2019,,beheerpdok@kadaster.nl,,,,,"('1.986', '50.6749', '7.8197', '55.7059')","Naamsvermelding verplicht, organisatienaam (https://creativecommons.org/licenses/by/4.0/deed.nl)",otherRestrictions,,https://service.pdok.nl/cbs/vierkantstatistieken500m/2000/wfs/v1_0?request=GetCapabilities&service=WFS
1755d316-4b32-4a62-b45c-a3f2901fc709,dataset,ISO 19115,,2019-11-26,dut,28992,Langdurige effecten op borstklieren van muizen door dieetsamenstelling,Mus musculus; mammary gland; developmental programming; vetzuren; fatty acids,Genexpressie in borstklieren van muizen na vroege blootstelling aan dieten met verschillende soorten vetzuren,RIVM/V&Z/GZB,jeroen.pennings@rivm.nl,,,,RIVM/V&Z/GZB; RIVM/V&Z/GZB,"('2.1943769153799892', '50.719508224348104', '8.04038938277185', '54.987059919430585')",Geen beperkingen,otherRestrictions,,
a0b10fc9-3fde-4e5e-a406-03e60bc734a8,service,ISO 19115,WMS,2025-03-14,dut,,CBS Postcode6 statistieken 2016 WMS,Demografie; Postcode; Pc6; Statistiek; Bevolking; Inwoners; Leeftijd; Herkomst; Woningen; Inkomen; Sociale_zekerheid; Woz; Woningeigendom; Huur; Voorziening; Nabijheid; Spreiding_van_de_bevolking,"De WMS service postcode6 bevat statistische gegevens per postcode vanaf 2015. 

Met ingang van maart 2021 zijn gegevens over het jaar 2020 toegevoegd en zijn het aantal gegevens van de jaren 2019, 2018 en 2017 aanzienlijk uitgebreid met gegevens over demografie, woningen, energie, inkomen, sociale zekerheid, nabijheid van voorzieningen en dichtheid. 

Lees voor meer informatie: https://www.cbs.nl/nl-nl/longread/diversen/2021/statistische-gegevens-per-vierkant-en-postcode-2020-2019-2018",,beheerpdok@kadaster.nl,,,,,"('1.086', '50.5622', '8.4677', '55.8094')","Naamsvermelding verplicht, organisatienaam (https://creativecommons.org/licenses/by/4.0/deed.nl)",otherRestrictions,,
13d10fb6-9193-47c5-a86d-37a53dd49d8d,dataset,ISO 19115,WMS; WFS,2025-06-12,dut,4258,Amplitude van het getij - LAT boven ETRS89,Lowest Astronomical Tide; LAT matrix; LAT; Nationaal,"Amplitude van het getij: 
verschil tussen LAT en ETRS89 ellipsoïde","Ministerie van Defensie, Koninklijke Marine, Dienst der Hydrografie",niet beschikbaar,,,,"Ministerie van Defensie, Koninklijke Marine, Dienst der Hydrografie; Ministerie van Defensie, Koninklijke Marine, Dienst der Hydrografie","('-179.9565', '-66.4027', '179.8899', '-33.1407')",Geen beperkingen (http://creativecommons.org/publicdomain/mark/1.0/deed.nl),otherRestrictions,,https://inspire.bathy.online/geoserver/LAT_ETRS89/wfs?service=WFS&version=2.0.0&request=GetCapabilities
dc4598bc-018b-439d-ba47-25b90417be39,dataset,ISO 19115,WMS; WFS,2019-12-13,dut,28992,Projectenkaart,project; projecten; projectenkaart,Projectenkaart waterschap Hunze en Aa's,Waterschap Hunze en Aa's,gis_info@hunzeenaas.nl,,,,Waterschap Hunze en Aa's; Waterschap Hunze en Aa's,"('6.4208401', '52.65277544', '7.28876002', '53.38632325')",Geen beperkingen,otherRestrictions,,https://opendata.hunzeenaas.nl/geoserver/wfs
4c1a54dc-9c7c-4129-995d-5df1b689c1e0,service,ISO 19115,WFS,2025-03-12,dut,,CBS Vierkantstatistieken 500m 2018 WFS,Demografie; Statische_eenheden; Vierkant; Grid; Statistiek; Bevolking; Inwoners; Woning; Leeftijd; Herkomst; Woz; Inkomen; Energie; Stedelijkheid; Bevolkingdichtheid; Concentratie; Spreiding_van_de_bevolking,Het bestand CBS vierkanten 500m bevat statistische gegevens per 500 meter bij 500 meter vierkant. In april 2022 zijn gegevens over 2021 toegevoegd en zijn gegevens over de jaren 2020 en 2019 aangevuld. Lees voor meer informatie: https://www.cbs.nl/nl-nl/longread/diversen/2022/statistische-gegevens-per-vierkant-2021-2020-2019,,beheerpdok@kadaster.nl,,,,,"('1.986', '50.6749', '7.8197', '55.7059')","Naamsvermelding verplicht, organisatienaam (https://creativecommons.org/licenses/by/4.0/deed.nl)",otherRestrictions,,https://service.pdok.nl/cbs/vierkantstatistieken500m/2018/wfs/v1_0?request=GetCapabilities&service=WFS
7efaa857-562c-5fbe-b650-85b440fa81a5,dataset,ISO 19115,,2009-01-12,dut,28992,Bos- en natuurgebied (ruim) (historie),bos; monitoring SGB; natuur,"Bos- en natuurgebieden in 2001.Deze kaartlaag is samengesteld op basis van verschillende kaarten, zoals eigendomssituaties, natuurbeherende organisaties, topografische gegevens, etc.",Provincie Drenthe,post@drenthe.nl,,,,Team Gis/Cartografie (Provincie Drenthe),"('6.105', '52.601', '7.109', '53.213')",Geen beperkingen,copyright,,
d01b9267-06b5-4ee4-8fff-68632e2146ce,dataset,ISO 19115,WMS; WFS,2024-01-25,dut,,Zones rond wierden (Omgevingsverordening),BUFFERZONES; PROVINCIALE VERORDENINGEN; CULTUURHISTORIE; CULTUURLANDSCHAPPEN; LANDSCHAPSBESCHERMING; OMGEVINGSWET; Downloadable Data,Dit bestand bevat zones rond wierden zoals vastgesteld in de Omgevingsverordening provincie Groningen. In deze Omgevingsverordening hebben wij regels ter bescherming van het zicht op wierden en wierdedorpen opgenomen.,Provincie Groningen,geoportaal@provinciegroningen.nl,,,,Datateam Beleid (Provincie Groningen),"('6.285845', '53.217185', '7.078922', '53.419882')",Geen beperkingen (https://creativecommons.org/publicdomain/mark/1.0/deed.nl),otherRestrictions,,https://geoservices.provinciegroningen.nl/server/services/Beleidsplannen/Omgevingsverordening/MapServer/WFSServer?request=GetCapabilities
29d5310f-dd0d-45ba-abad-b4ffc6b8785g,dataset,ISO 19115,,2010-07-22,,28992,Cyclorama's Nederland,CycloMedia; Cyclorama; Cyclorama's; Visuele Databank; panorama; panorama's,De Visuele Databank Nederland bestaat uit 360-graden panoramafoto's gemaakt vanaf alle openbare wegen met een interval van 5 meter. De data wordt veelvuldig in diverse GIS- en CAD-systemen en administratieve toepassingen gebruikt. De databank wordt jaarlijks volledig vernieuwd. De beelden zijn tevens geschikt voor terrestrische fotogrammetrie: van objecten in de foto kan met een hoge nauwkeurigheid de plaats en afmetingen worden bepaald.,CycloMedia Technology B.V.,bvanvelden@cyclomedia.com,,,,CycloMedia Technology B.V. (CycloMedia Technology B.V.); Eric Mooijman (CycloMedia Technology B.V.),"('3.37087', '50.7539', '7.21097', '53.4658')",geen,license,,
630D4F078DC81F19E053D2041EAC3BD8,dataset,ISO 19115,WMS; WFS,2022-06-01,dut,28992,Geluidscontour etmaalperiode EU-geluidsbelastingkaart 2016,locaties,Geluidscontouren etmaalperiode voor het basisjaar 2016. Dataset is tot stand gekomen in het kader van EU-richtlijn Omgevingslawaai. Dataset wordt eens per vijf jaar gemaakt. Deze dataset is gebaseerd op alle provinciale wegen.,Provincie Drenthe,post@drenthe.nl,,,,Team Gis/Cartografie (Provincie Drenthe),"('6.105', '52.601', '7.109', '53.213')",Geen beperkingen,otherRestrictions,,https://kaartportaal.drenthe.nl/server/services/GDB_actueel/GBI_MILIEU_GELCTR_DAG_2016_V/MapServer/WFSServer
b178c667-c07e-4daa-9f03-36640e5971dd,service,ISO 19115,WMS,2025-03-14,dut,,CBS Postcode6 statistieken 2019 WMS,Demografie; Postcode; Pc6; Statistiek; Bevolking; Inwoners; Leeftijd; Herkomst; Woningen; Inkomen; Sociale_zekerheid; Woz; Woningeigendom; Huur; Voorziening; Nabijheid; Spreiding_van_de_bevolking,"Het bestand CBSpostcode6 bevat statistische gegevens per volledige postcode.
In juni 2023 zijn gegevens over de jaren 2019, 2020 en 2021 aangevuld, het jaar 2022 is toegevoegd. Deze jaren bevatten nu gegevens over demografie, wonen, energie, inkomen, sociale zekerheid, nabijheid van voorzieningen en dichtheid. Een jaar is aangevuld voor zover de gegevens van het peilmoment beschikbaar waren. De jaren 2020 en 2019 bevatten alle onderwerpen.

De cijfers voor de meeste onderwerpen zijn standgegevens per 1 januari.
Over energiegebruik, huishoudinkomen en aantal geboorten hebben de cijfers betrekking op het gehele jaar.
Van de recentere jaren 2022 en 2021 zullen niet direct alle gegevens beschikbaar zijn, deze worden jaarlijks aangevuld.

Hoewel alle postcodevlakken aanwezig zijn bevatten alleen die postcodevlakken gegevens over personen waarin over minimaal vijf inwoners gepubliceerd wordt en/of gegevens over woningen waarvan over minimaal vijf woningen gepubliceerd wordt. De begrenzing van de postcodevlakken is afkomstig van de ESRI postcode kaart.
Deze publicatie is van juni 2023.

Lees voor meer informatie over de onderwerpen in de postcodepublicatie:
https://www.cbs.nl/nl-nl/longread/diversen/2023/statistische-gegevens-per-vierkant-en-postcode-2022-2021-2020-2019

Lees voor informatie over het verkrijgen van het bestand:
https://www.cbs.nl/nl-nl/dossier/nederland-regionaal/geografische-data/gegevens-per-postcode",,beheerpdok@kadaster.nl,,,,,"('0.5319', '50.4825', '8.8681', '55.8825')","Naamsvermelding verplicht, organisatienaam (https://creativecommons.org/licenses/by/4.0/deed.nl)",otherRestrictions,,
ffffff94-61a5-5b5d-9517-757d2c4b4ece,dataset,ISO 19115,WMS; WFS,2022-06-03,dut,28992,"Wereldoorlog, WOII, Monument (lijn)","monument; wereldoorlog, WOII",Monumenten van de Tweede Wereldoorlog (lijnobjecten).,Provincie Drenthe,post@drenthe.nl,,,,Team Gis/Cartografie (Provincie Drenthe),"('6.105', '52.601', '7.109', '53.213')",Geen beperkingen,copyright,,https://kaartportaal.drenthe.nl/server/services/GDB_actueel/GBI_WELZ_CULTHIS_WOIIMONUMENT_L/MapServer/WFSServer
633900ad-ed25-407d-8cf5-ccd2d8707447,service,ISO 19115,WFS,2025-03-12,dut,,CBS Vierkantstatistieken 500m 2007 WFS,Demografie; Statische_eenheden; Vierkant; Grid; Statistiek; Bevolking; Inwoners; Woning; Leeftijd; Herkomst; Woz; Inkomen; Energie; Stedelijkheid; Bevolkingdichtheid; Concentratie; Spreiding_van_de_bevolking,Het bestand CBS vierkanten 500m bevat statistische gegevens per 500 meter bij 500 meter vierkant. In april 2022 zijn gegevens over 2021 toegevoegd en zijn gegevens over de jaren 2020 en 2019 aangevuld. Lees voor meer informatie: https://www.cbs.nl/nl-nl/longread/diversen/2022/statistische-gegevens-per-vierkant-2021-2020-2019,,beheerpdok@kadaster.nl,,,,,"('1.986', '50.6749', '7.8197', '55.7059')","Naamsvermelding verplicht, organisatienaam (https://creativecommons.org/licenses/by/4.0/deed.nl)",otherRestrictions,,https://service.pdok.nl/cbs/vierkantstatistieken500m/2007/wfs/v1_0?request=GetCapabilities&service=WFS
71463082-2859-4b75-b330-ccef50d8265f,service,ISO 19115,WFS,2024-08-08,dut,,CBS Gebiedsindelingen 1996 WFS,Statistische eenheden; Gebiedsindeling; Gemeente; Landsdeel; Provincie; Buurt; COROP-gebied; GGD-regio; NUTS3; NUTS1; NUTS2; Wijk; Grootstedelijke aglomeratie; Stadsgewest; COROP-plusgebied; COROP-subgebied; Landbouwgebied; Landbouwgroep; RPA-gebied; Toeristengroep; Toeristengebied; Arrondissementsgebied; Brandweerregio; Kamer van Koophandelregio; Politieregio; Regionale Eenheid; Veiligheidsregio; Zorgkantoorregio; Arbeidsmarktregio; Jeugdregio,Deze service bevat de CBS Gebiedsindelingen van 1996. De volgende gebiedsindelingen kunnen voorkomen: Gemeente Landsdeel Provincie Buurt COROP-gebied GGD-regio NUTS1 NUTS2 NUTS3 Wijk COROP-plusgebied COROP-subgebied Landbouwgebied Landbouwgroep RPA-gebied Toeristengroep Toeristengebied Arrondissementsgebied KamervanKoophandelregio Regionale-Eenheid Veiligheidsregio Veiligthuisregio Zorgkantoorregio Arbeidsmarktregio Regioplus-arbeidsmarktregio Jeugdregio Ressort RES-regio Regionaalmeldcoördinatiepunt Regionale-energiestrategie SubRES-regio,,beheerpdok@kadaster.nl,,,,,"('1.086', '50.5622', '8.4677', '55.8094')","Naamsvermelding verplicht, organisatienaam (https://creativecommons.org/licenses/by/4.0/deed.nl)",otherRestrictions,,https://service.pdok.nl/cbs/gebiedsindelingen/1996/wfs/v1_0?request=GetCapabilities&service=WFS
c509e03e-ccf3-4128-8caf-e4a17d588b60,service,ISO 19115,WFS,2025-03-14,dut,,CBS Postcode4 statistieken 2021 WFS,Demografie; Postcode; Pc4; Statistiek; Bevolking; Inwoners; Leeftijd; Herkomst; Woningen; Inkomen; Sociale_zekerheid; Woz; Woningeigendom; Huur; Voorziening; Nabijheid; Spreiding_van_de_bevolking,"De WMS service postcode4 statistieken 2021 bevat statistische gegevens voor het numerieke deel van de postcode voor het jaar 2021. 

Met ingang van augustus 2024 zijn gegevens over het jaar 2023 toegevoegd en zijn het aantal gegevens van de jaren 2022 en 2021 uitgebreid met gegevens over demografie, woningen, energie, inkomen, sociale zekerheid, nabijheid van voorzieningen en dichtheid.

Lees voor meer informatie: https://www.cbs.nl/nl-nl/longread/diversen/2024/statistische-gegevens-per-vierkant-en-postcode-2021-2022-2023",,beheerpdok@kadaster.nl,,,,,"('-0.8695', '50.2503', '9.8865', '56.0946')","Naamsvermelding verplicht, organisatienaam (https://creativecommons.org/licenses/by/4.0/deed.nl)",otherRestrictions,,https://service.pdok.nl/cbs/postcode4/2021/wfs/v1_0?request=GetCapabilities&service=WFS
5c753916-a9fc-4f6e-8ca1-ab23d01ab61e,dataset,ISO 19115,WMS; WMTS,2021-10-28,dut,28992,"Luchtfoto 2021 7,5cm RGB Ortho (voorjaarsvlucht)","voorjaar; luchtfoto; 2021; 7,5cm; ortho; rgb; landelijke voorziening beeldmateriaal; lvb; beeldmateriaal; orthofoto; ortho7,5; orthofotomozaïek; mozaïek; orthofotomozaiek; mozaiek; hoge resolutie; hr; bladloos; bladloze","RGB voorjaarsluchtfoto van 2021 met een resolutie van 7,5cm.",Waterschap Hunze en Aa's,gis_info@hunzeenaas.nl,,,,Waterschap Hunze en Aa's; Waterschap Hunze en Aa's,"('6.274500417904351', '52.6482562858353', '7.570597529185045', '53.47291066142737')",Geen beperkingen,otherRestrictions,,
c66c5946-6b73-54b7-9e1d-8e51218619f2,dataset,ISO 19115,,2012-09-26,dut,28992,"Dwingelderveld, fietspad (historie)",landschap; natuur; toerisme; verkeer,Dit bestand geeft de in het Dwingelderveld gelegen fietspaden weer.,Provincie Drenthe,post@drenthe.nl,,,,Team Gis/Cartografie (Provincie Drenthe),"('6.105', '52.601', '7.109', '53.213')",Geen beperkingen,copyright,,
ffffffdb-bc57-59ce-82b7-54f7de1a1ec2,dataset,ISO 19115,WMS; WFS,2023-11-29,dut,28992,Wegen voor EU-geluidsbelastingkaart 2021,EU-geluidsbelastingkaart; geluid; locaties; wegen,Geluidscontouren etmaalperiode voor het basisjaar 2021. Dataset is tot stand gekomen in het kader van EU-richtlijn Omgevingslawaai. Dataset wordt eens per vijf jaar gemaakt. Deze dataset is gebaseerd op alle provinciale wegen.Voor de verkeersintensiteiten is er echter op verzoek van Kenniscentrum Infomil voor gekozen om gebruik te maken van de verkeersintensiteiten van het jaar 2019. De intensiteiten voor de jaren 2020 en 2021 laten namelijk een duidelijk lagere omvang van het verkeer zien als gevolg van de Corona-maatregelen.,Provincie Drenthe,post@drenthe.nl,,,,Team Gis/Cartografie (Provincie Drenthe),"('6.105', '52.601', '7.109', '53.213')",Geen beperkingen,otherRestrictions,,https://kaartportaal.drenthe.nl/server/services/GDB_actueel/GBI_MILIEU_GELUID_WEGEN_2021_ALL_L/MapServer/WFSServer
ffffff9f-c3a9-5ce7-997c-3d6554f26da7,dataset,ISO 19115,WMS; WFS,2022-06-01,dut,28992,Afwezigheid keileem (boringen),beleidsinstrument; bodem; grondwaterstand; landbouw; landbouwgrond; waterhuishouding,Locaties van boringen waar geen keileem in Drenthe is aangetroffen.,Provincie Drenthe,post@drenthe.nl,,,,Team Gis/Cartografie (Provincie Drenthe),"('4.4552947', '52.3348457', '7.135964', '53.388444')",Geen beperkingen,otherRestrictions,,https://kaartportaal.drenthe.nl/server/services/GDB_actueel/GBI_KEILEEM_AFWEZIG_BORING_P/MapServer/WFSServer
cb85811b-5167-405f-a05a-a616a2fe6e1b,dataset,ISO 19115,,2025-07-01,eng,,Degree days calculated over the period october 1st until september 30th,Clouds; Open data,"Degree days are determined by the effective daily mean temperature (Teff). Teff is calculated with the daily mean temperature (TG) and the daily mean windspeed (FG). Teff = TG - 2/3 * FG. Degree days = sum of the days with (max[(14 - Teff),0]).",Koninklijk Nederlands Meteorologisch Instituut (KNMI),opendata@knmi.nl,,,,Koninklijk Nederlands Meteorologisch Instituut (KNMI); Koninklijk Nederlands Meteorologisch Instituut (KNMI); Koninklijk Nederlands Meteorologisch Instituut (KNMI),"('3.59582', '51.44134', '6.58472', '53.12384')",https://creativecommons.org/licenses/by/4.0/deed.nl,otherRestrictions,,
5b3b9d71-ce05-5e38-a1a3-9f178cde8304,dataset,ISO 19115,,2011-01-01,dut,28992,"Proefgebied landbouw (massa, energie en logistiek) (OGV, 2010) (historie)",omgevingsvisie,,Provincie Drenthe,post@drenthe.nl,,,,Team Gis/Cartografie (Provincie Drenthe),"('6.105', '52.601', '7.109', '53.213')",Geen beperkingen,otherRestrictions,,
cf22220d-68a9-4226-988b-0a38cd729eba,dataset,ISO 19115,WMS; WFS,2025-01-02,dut,,Gebieden met verbod op fysische bodemaantasting (Omgevingsverordening),DRINKWATER; DRINKWATERONTTREKKINGEN; KLEIGRONDEN; WATERVOORZIENING; PROVINCIALE VERORDENINGEN; OMGEVINGSWET; Downloadable Data,Dit bestand bevat gebieden met verbod op fysische bodemaantasting zoals vastgesteld in de Omgevingsverordening provincie Groningen. In deze Omgevingsverordening hebben wij hiervoor regels opgenomen. Gebieden met verbod op fysische bodemaantasting zijn onderdeel van grondwaterbeschermingsgebieden. Sommige drinkwaterwinningen zijn minder kwetsbaar voor verontreinigingen omdat er een kleilaag boven het drinkwaterreservoir zit. In dat geval richt onze bescherming zich op het behouden van die kleilaag door te voorkomen dat de kleilaag wordt doorboord.  Grondwaterbeschermingsgebieden bestaan uit drie onderdelen: - Grondwaterbeschermingszones- Waterwingebieden- Gebieden met een verbod op fysische bodemaantasting,Provincie Groningen,geoportaal@provinciegroningen.nl,,,,Datateam Beleid (Provincie Groningen),"('7.114175', '52.959125', '7.159065', '53.130424')",Geen beperkingen (https://creativecommons.org/publicdomain/mark/1.0/deed.nl),otherRestrictions,,https://geoservices.provinciegroningen.nl/server/services/Beleidsplannen/Omgevingsverordening/MapServer/WFSServer?request=GetCapabilities
b3e4668a-82d1-4933-b215-8deba3fa8c84,dataset,ISO 19115,WMS; WFS,2022-06-30,dut,,Zoekgebied robuuste verbindingszones (Omgevingsvisie 2016-2020),STRUCTUURPLANNEN; ECOLOGISCHE VERBINDINGSZONES; NATUURBEHEER; ECOLOGISCHE HOOFDSTRUCTUUR; NATUUR NETWERK NEDERLAND; Downloadable Data,"Dit bestand bevat zoekgebieden robuuste verbindingszones zoals vastgesteld in de Omgevingsvisie provincie Groningen 2016-2020.We realiseren robuuste verbindingszones tussen het Zuidelijk Westerkwartier, Leekstermeergebied, Zuidlaardermeergebied en Midden-Groningen. Een groot deel van deze gronden is al begrensd en daarmee onderdeel geworden van het Natuurnetwerk Nederland (NNN). Op enkele plaatsen moet nog een nadere afweging over de begrenzing worden gemaakt.   De begrenzing van het Natuurnetwerk en regels ter bescherming van het Natuurnetwerk hebben wij vastgelegd in de Omgevingsverordening.",Provincie Groningen,geoportaal@provinciegroningen.nl,,,,Datateam Beleid (Provincie Groningen),"('6.385803', '53.126326', '6.662679', '53.216686')",Geen beperkingen (https://creativecommons.org/publicdomain/mark/1.0/deed.nl),otherRestrictions,,https://geoservices.provinciegroningen.nl/server/services/Beleidsplannen/Omgevingsvisie/MapServer/WFSServer?request=GetCapabilities
e5ee9046-6b3a-513a-88cf-1a6161a77a00,dataset,ISO 19115,,2003-04-14,dut,28992,"POP-2, Contourlijn water (voorontwerp) (historie)",contourlijn; kern; ruimtelijke ordening; water,"Begrenzing ruimtelijke ontwikkeling kernen i.v.m. watercontour. Provinciaal Omgevingsplan Drenthe. POPII, kaart 2.",Provincie Drenthe,post@drenthe.nl,,,,Team Gis/Cartografie (Provincie Drenthe),"('6.105', '52.601', '7.109', '53.213')",Geen beperkingen,copyright,,
3641a4af-ffd7-4c97-bf3c-1f3952221cb0,dataset,ISO 19115,WMS; WFS,2023-04-17,dut,,Luchthavens Handhavingspunten,LUCHTVAART; VLIEGVELDEN; HANDHAVING; GELUIDHINDER; EXTERNE VEILIGHEID; Downloadable Data,De maximaal toelaatbare geluidsbelasting van een luchthaven waarvoor een luchthavenbesluit is vastgesteld wordt in het luchthavenbesluit vastgelegd op handhavingspunten. De maat hiervoor is de jaargemiddelde dosismaat Lden (in dB(A)). Aan de hand van de registratie van het gebruik van de luchthaven wordt door het bevoegd gezag (voor deze luchthavens van regionale betekenis is dat de provincie) getoetst of aan de waarden wordt voldaan.,Provincie Groningen,geoportaal@provinciegroningen.nl,,,,Datateam Beleid (Provincie Groningen),"('6.797643', '52.994787', '7.049795', '53.461278')",Geen beperkingen (https://creativecommons.org/publicdomain/mark/1.0/deed.nl),otherRestrictions,,https://geoservices.provinciegroningen.nl/server/services/Milieu/ToezichtHandhaving/MapServer/WFSServer?request=GetCapabilities
f8aa5f94-3af2-454c-84a5-6d27bc3559a9,dataset,ISO 19115,WMS; WFS,2025-02-26,dut,28992,Natuurbeheerplan 2025 - Zoekgebied water,Landbouw; Natuur,Onderdeel van het natuurbeheerplan is het Zoekgebied water. Binnen het Zoekgebied water kunnen Agrarische collectieven subsidie aanvragen voor agrarisch natuur- en landschapsbeheer. De bijbehorende beheerpakketten zijn gebaseerd op de Index Natuur en Landschap. (Informatiemodel Natuur IMNa 5.1).,provincie Fryslân,provincie@fryslan.frl,,,,,"('4.77', '52.7413', '6.5227', '53.5644')",geen beperkingen,otherRestrictions,,https://geoportaal.fryslan.nl/arcgis/services/ProvinciaalGeoRegister/PGR2/MapServer/WFSServer?
858CFECC3A274638E053D2041EAC26AA,dataset,ISO 19115,WMS; WFS,2022-06-02,dut,28992,Provinciale Omgevingsverordening 2018 - Verwachting toetsen (Havelterberg en Drentsche Aa gebied),locaties,Deze kaartlaag maakt onderdeel uit van de op 3 oktober 2018 vastgestelde versie van de Provinciale Omgevingsverordening Drenthe. (Bijbehorende kaart D4).,Provincie Drenthe,post@drenthe.nl,,,,Team Gis/Cartografie (Provincie Drenthe),"('6.105', '52.601', '7.109', '53.213')",Geen beperkingen,otherRestrictions,,https://kaartportaal.drenthe.nl/server/services/GDB_actueel/GBI_POV18_DRAA_HAVELTERBERG_V/MapServer/WFSServer
53f686cf-f552-438e-9b21-8156297d75cc,dataset,ISO 19115,WMS; WFS,2019-03-05,dut,28992,Regionale waterkeringen (Omgevingsvisie 2016-2020),STRUCTUURPLANNEN; WATERKERINGEN; WATEROVERLAST; HOOGWATERBEHEERSING; VEILIGHEID,"Dit bestand bevat regionale waterkeringen zoals vastgesteld in de Omgevingsvisie provincie Groningen 2016-2020. 
Voor het geval bij overvloedige neerslag het regionale watersysteem het regenwater niet kan bergen, moeten wij gebieden achter de hand hebben voor waterberging. Voor het gebruik van grootschalige waterbergingsgebieden hebben wij regels opgenomen in de Omgevingsverordening.",Provincie Groningen,geoportaal@provinciegroningen.nl,,,,Afdeling INFO (Provincie Groningen),"('6.203', '53.060', '7.227', '53.409')",geen beperkingen,otherRestrictions,,https://geoservices.provinciegroningen.nl/server/services/Beleidsplannen/Omgevingsvisie/MapServer/WFSServer
ffffffbd-8017-553f-aa74-af3281bc5403,dataset,ISO 19115,,2009-01-13,dut,28992,Historische waterschappen 1921-1940 (historie),cultuurhistorie; waterschap,Historische waterschappen 1921-1940. De oprichtingsdatum ligt tussen de genoemde jaartallen.,Provincie Drenthe,post@drenthe.nl,,,,Team Gis/Cartografie (Provincie Drenthe),"('6.105', '52.601', '7.109', '53.213')",Geen beperkingen,copyright,,
88b09822-148a-5e1d-b671-1d7d147523bc,dataset,ISO 19115,,2009-01-21,dut,28992,Grens alle gebiedsvisies (historie),gebiedscoordinatie; gebiedsvisie; grenzen; natuur; vegetatie,Grenzen van alle gebiedsvisies in Drenthe.,Provincie Drenthe,post@drenthe.nl,,,,Team Gis/Cartografie (Provincie Drenthe),"('6.105', '52.601', '7.109', '53.213')",Geen beperkingen,copyright,,
c38c38ce-7da9-45e5-a2fd-aba795d6d4f5,dataset,ISO 19115,,2023-08-26,dut,28992,Deltaplan hoge zandgronden beheergebied,bodemwater; grondwater; waterbeleid,"Beheergebied Deltaplan hoge zandgronden Noord-Brabant uit Bijalge 2 behorende bij artikel 1.6, onder b, van de Subsidieregeling water en bodem Noord-Brabant geldend vanaf 10 november 2022.",Provincie Noord-Brabant,Geo@brabant.nl,,,,,"('4.185', '51.216', '6.052', '51.795')",geen beperkingen,otherRestrictions,,
d23a500e-946c-5425-bd7e-5c8a20511af3,dataset,ISO 19115,,2012-09-25,dut,28992,"Dwingelderveld, horeca (historie)",natuur; recreatie,Dit bestand geeft de in het Dwingelderveld gelegen horeca weer.,Provincie Drenthe,post@drenthe.nl,,,,Team Gis/Cartografie (Provincie Drenthe),"('6.105', '52.601', '7.109', '53.213')",Geen beperkingen,copyright,,
8498D10B8A2A1D43E053D2041EACBDD8,dataset,ISO 19115,WMS; WFS,2022-06-01,dut,28992,Omgevingsvisie 2018 - Stortplaatsen,locaties,"Door Provinciale Staten van Drenthe op 3 oktober 2018 vastgestelde versie van Stortplaatsen. Voor de stortplaatsen die na 1 september 1996 in werking zijn geweest is een wettelijke nazorgregeling ingevoerd (Wm-stortplaatsen). De verantwoordelijkheid voor de nazorg van deze stortplaatsen is, na overdracht van de exploitanten, bij de provincies gelegd. Kaart Robuust sociaal-economisch systeem.",Provincie Drenthe,post@drenthe.nl,,,,Team Gis/Cartografie (Provincie Drenthe),"('6.105', '52.601', '7.109', '53.213')",Geen beperkingen,otherRestrictions,,https://kaartportaal.drenthe.nl/server/services/GDB_actueel/GBI_AOV18_STORTPLAATSEN_P/MapServer/WFSServer
9204c708-330c-4b39-a4cd-da574399552a,dataset,ISO 19115,,2019-03-19,dut,,Copernicus Change layer indicating if the percentage of sealing increase or decrease for the period 2009 – 2012,Bodemgebruik; Landgebruik,"Copernicus Land monitoring services – Gedetailleerde bodembedekkings kenmerken voor het referentiejaar 2009  (hoge resolutie): deel 1 – Ondoorlatendheid en veranderingen in ondoorlatendheid voor de EEA39. Herberekening van ondoorlatendheid en veranderingen in ondoorlatendheid producten voor de jaren 2006, 2009 en 2012. Ruimtelijke resolutie 20*20m .

«Data was produced with funding by the European Union. Copyright Copernicus Programme»
DISCLAIMER: Wageningen Environmental Research has undertaken to distribute the data on behalf of EEA under Specific Contract No 3436/R0-Copernicus/EEA.56950 implementing Framework service contract No EEA/IDM/R0/16/009/Netherlands. Wageningen Environmental Research accepts no responsibility or liability whatsoever with regard to the content and use of these data. 
The European Environment Agency accepts no responsibility or liability whatsoever with regard to the information on this site and the information does not necessarily reflect the official opinion of the EEA or other European Communities bodies and institutions.",Wageningen Environmental Research,gerard.hazeu@wur.nl,,,,Wageningen Environmental Research; Wageningen Environmental Research,"('3.2', '50.75', '7.22', '53.7')",,copyright,,
bc695b6e-d6a9-4c90-a04f-6fc87c767857,dataset,ISO 19115,,2024-08-30,dut,28992,Luchtfoto Beeldmateriaal 2015 25cm infrarood,Landelijke voorziening beeldmateriaal; LVB; Beeldmateriaal; Luchtbeelden; Luchtfoto; Orthofoto; Ortho; Ortho25IR; Ortho25CIR; Orthofotomozaïek; Orthofotomozaiek; Mozaïek; Mozaiek; Lage resolutie; LR; Infrarood; CIR,"De orthofotomozaïeken zijn een samenstelling van afzonderlijke infrarood orthofoto's, in principe van de centrale gedeelten van iedere orthofoto. Daardoor is de omvalling in de mozaïeken zo klein mogelijk gehouden. De orthomozaïeken zijn landsdekkend. In 2015 is het niet gelukt om van geheel Nederland luchtfoto's te maken. De ontbrekende gebieden (noord-oost Groningen) zijn opgevuld met luchtfoto's uit 2014.",Kadaster,dpi-gi@kadaster.nl,,,,"Directie Operatie, Dienstverlening en Registratie, afdeling Data-, Proces- en Informatiemanagement (Kadaster); Contact (Het Waterschapshuis); Klantcontactcenter (Kadaster)","('3.3000', '50.7300', '7.2400', '53.6000')",De lage resolutie orthofoto's zijn alleen toegankelijk voor de deelnemende partijen. Een overzicht van de deelnemende partijen wordt gegeven op http://beeldmateriaal.nl,otherRestrictions,,
af83c0ed-833f-41dc-bc32-1de5d99d8cc8,dataset,ISO 19115,WMS; WFS,2025-06-12,dut,4258,Amplitude van het getij - NAP boven ETRS89,Lowest Astronomical Tide; LAT matrix; LAT; Nationaal,"Amplitude van het getij: 
verschil tussen NAP boven ETRS89","Ministerie van Defensie, Koninklijke Marine, Dienst der Hydrografie",niet beschikbaar,,,,"Ministerie van Defensie, Koninklijke Marine, Dienst der Hydrografie; Ministerie van Defensie, Koninklijke Marine, Dienst der Hydrografie","('-179.9547', '-66.4089', '179.8885', '-33.1291')",Geen beperkingen (http://creativecommons.org/publicdomain/mark/1.0/deed.nl),otherRestrictions,,https://inspire.bathy.online/geoserver/NAP_ETRS89/wfs?service=WFS&version=2.0.0&request=GetCapabilities
6adce8d3-e57c-403e-a455-b593fd260ef0,dataset,ISO 19115,WMS; WFS,2025-05-01,dut,28992,Historische fabrieksschoorstenen,,"De dataset Historische fabrieksschoorstenen bevat de landsdekkende kartering van nog bestaande fabrieksschoorstenen. De dataset is gebaseerd op een inventarisatie van de Stichting Fabrieksschoorstenen (STIF), die ook is gepubliceerd in het boek Fabrieksschoorstenen in Nederland (A.J. Barnard, 2017). In overgrote meerderheid betreft het ronde schoorstenen in radiaalsteen, gebouwd tussen 1850 en 1950. Daarnaast zijn ook enkele recentere fabrieksschoorstenen in de dataset opgenomen, alsmede diverse niet-ronde (meest vierkante) exemplaren.",Rijksdienst voor het Cultureel Erfgoed,info@cultureelerfgoed.nl,,Infodesk,,Infodesk (Rijksdienst voor het Cultureel Erfgoed),"('-174.2433', '-29.9906', '118.6177', '85.2277')",Geen beperkingen (http://creativecommons.org/publicdomain/zero/1.0/deed.nl),otherRestrictions,,https://services.rce.geovoorziening.nl/landschapsatlas/wfs?request=GetCapabilities
2978c814-0b34-59b1-ac8a-c9bf407b7d1b,dataset,ISO 19115,,2024-02-20,dut,28992,IKN Ammoniak en veehouderij (Wet) (historie),ammoniak; beschermde gebieden; emissies; landbouw; veehouderijbedrijven; veeteelt; verzuring,"Op basis van de Wet Ammoniak en Veehouderij (WAV) vastgestelde voor verzuring gevoelige onderdelen van de Natuurnetwerk Nederland (NNN, voormalige ecologische hoofdstructuur) en voor verzuring gevoelige gebieden in de nog niet begrensde ecologische verbindingszones, alsmede de zonering van 250 meter. Zie ook: https://www.drentsparlement.nl/statenportaal/statenstuk/2010-445-Kaart-Wet-ammoniak-en-veehouderij-DEF.pdf Deze kaartlaag betreft een kopie ten behoeve van de Informatiekaart Natuur (IKN). De originele kaartlaag maakt deel uit van het op 10 november 2010 vastgestelde besluit van Provinciale Staten (PS) van de provincie Drenthe.",Provincie Drenthe,post@drenthe.nl,,,,Team Gis/Cartografie (Provincie Drenthe),"('6.105', '52.601', '7.109', '53.213')",Geen beperkingen,otherRestrictions,,
858CFECC3A2F4638E053D2041EAC26AA,dataset,ISO 19115,,2024-03-28,dut,28992,Provinciale Omgevingsverordening 2018 - Gebiedsnormen wateroverlast,locaties,"Deze kaartlaag maakt onderdeel uit van de op 3 oktober 2018 vastgestelde versie van de Provinciale Omgevingsverordening Drenthe (Bijbehorende kaart B). In het Nationaal Bestuursakkoord Water (2011) zijn werknormen opgenomen die voor de verschillende vormen van landgebruik het wenselijk geachte beschermingsniveau uitdrukken. De vormen van landgebruik die worden onderscheiden zijn: grasland, akkerbouw, hoogwaardige land- en tuinbouw, glastuinbouw en bebouwd gebied. Op de kaart worden voor verschillende gebieden de wenselijk geachte normen weergegeven waarbij de kans op wateroverlast door grote hoeveelheden neerslag is gerelateerd aan het landgebruikt.",Provincie Drenthe,post@drenthe.nl,,,,Team Gis/Cartografie (Provincie Drenthe),"('6.105', '52.601', '7.109', '53.213')",Geen beperkingen,otherRestrictions,,
858CFECC3A344638E053D2041EAC26AA,dataset,ISO 19115,,2024-03-28,dut,28992,Provinciale Omgevingsverordening 2018 - Landschapstypen (historie),locaties,Deze kaartlaag maakt onderdeel uit van de op 3 oktober 2018 vastgestelde versie van de Provinciale Omgevingsverordening Drenthe. (Bijbehorende kaart D7). Als kernkwaliteiten worden aangewezen de themas en gebieden zoals die zijn neergelegd op de bij deze verordening behorende kaart D7 (Kernkwaliteit landschap) geldt dat van een provinciaal belang alleen sprake is in de situaties zoals in de omgevingsvisie (hoofdstuk 4) omschreven.,Provincie Drenthe,post@drenthe.nl,,,,Team Gis/Cartografie (Provincie Drenthe),"('6.105', '52.601', '7.109', '53.213')",Geen beperkingen,otherRestrictions,,
434fdb52-0e05-5e19-bf50-d9bc1c50ef45,dataset,ISO 19115,,2011-01-01,dut,28992,"Oppervlaktewaterlichamen; meren (OGV, 2010) (historie)",Kaderrichtlijn Water (KRW); omgevingsvisie; oppervlaktewater,"Drentse meren volgens de classificatie van de Kaderrichtlijn Water (kaart 10, Omgevingsvisie).",Provincie Drenthe,post@drenthe.nl,,,,Team Gis/Cartografie (Provincie Drenthe),"('6.105', '52.601', '7.109', '53.213')",Geen beperkingen,otherRestrictions,,
7d33772b-8bb4-4c9a-b5b4-07ada37694cd,service,ISO 19115,WMS,2023-09-02,dut,25832; 4258; 4326,"INSPIRE Gecontroleerde klimatologische daggegevens, Vector mean windspeed (in 0.1 m/s)",infoMapAccessService,"INSPIRE Gecontroleerde klimatologische daggegevens, Vector mean windspeed (in 0.1 m/s)",Koninklijk Nederlands Meteorologisch Instituut (KNMI),opendata@knmi.nl,,,,KNMI Datacentrum (Koninklijk Nederlands Meteorologisch Instituut (KNMI)); KNMI Datacentrum (Koninklijk Nederlands Meteorologisch Instituut (KNMI)),"('3.20', '50.60', '7.40', '53.70')",no limitations to public access (http://inspire.ec.europa.eu/metadata-codelist/LimitationsOnPublicAccess/noLimitations),otherRestrictions,,
fffffff0-afd5-531a-b140-9540ff0434e8,dataset,ISO 19115,,2015-11-12,dut,28992,Provinciale Omgevingsverordening 2015 - Cultuurhistorische Hoofdstructuur (vlakken) (historie),cultuurhistorie,Deze kaartlaag maakt onderdeel uit van de op 23 september 2015 vastgestelde versie van de Provinciale Omgevingsverordening Drenthe. (Bijbehorende kaart D6).,Provincie Drenthe,post@drenthe.nl,,,,Team Gis/Cartografie (Provincie Drenthe),"('6.105', '52.601', '7.109', '53.213')",Geen beperkingen,otherRestrictions,,
b145a28d-70fd-4a8e-9750-3865bbcc5bea,service,ISO 19115,WFS,2023-09-02,dut,25832; 4258; 4326,"INSPIRE Gecontroleerde klimatologische daggegevens, Vector mean windspeed (in 0.1 m/s)",infoFeatureAccessService,"INSPIRE Gecontroleerde klimatologische daggegevens, Vector mean windspeed (in 0.1 m/s)",Koninklijk Nederlands Meteorologisch Instituut (KNMI),opendata@knmi.nl,,,,KNMI Datacentrum (Koninklijk Nederlands Meteorologisch Instituut (KNMI)); KNMI Datacentrum (Koninklijk Nederlands Meteorologisch Instituut (KNMI)),"('3.20', '50.60', '7.40', '53.70')",no limitations to public access (http://inspire.ec.europa.eu/metadata-codelist/LimitationsOnPublicAccess/noLimitations),otherRestrictions,,https://haleconnect.com/ows/services/org.874.cb9ca55e-f4e7-4bd8-a02e-75d528e22118_wfs/org.874.1fe64439-81bd-4adb-8a64-957200a4a48a?SERVICE=WFS&Request=GetCapabilities
e553b42e-6ca6-4624-bba0-16558634383e,service,ISO 19115,WFS,2025-03-14,dut,,CBS Postcode6 statistieken 2016 WFS,CBS; Postcode; Statistiek; Bevolkingsdichtheid; Inwoners; Leeftijd; Herkomst; Woningen; WOZ; Voorziening; Inkomen; Statistische eenheden; Spreiding van de bevolking — demografie,"Het bestand CBSpostcode6 bevat statistische gegevens per volledige postcode.
In juni 2023 zijn gegevens over de jaren 2019, 2020 en 2021 aangevuld, het jaar 2022 is toegevoegd. Deze jaren bevatten nu  gegevens over demografie, wonen, energie, inkomen, sociale zekerheid, nabijheid van voorzieningen en dichtheid. Een jaar is aangevuld voor zover de gegevens van het peilmoment beschikbaar waren. De jaren 2020 en 2019 bevatten alle onderwerpen.

De cijfers voor de meeste onderwerpen zijn standgegevens per 1 januari. 
Over energiegebruik, huishoudinkomen en aantal geboorten hebben de cijfers betrekking op het gehele jaar.
Van de recentere jaren 2022 en 2021 zullen niet direct alle gegevens beschikbaar zijn, deze worden jaarlijks aangevuld. 

Hoewel alle postcodevlakken aanwezig zijn bevatten alleen die postcodevlakken gegevens over personen waarin over minimaal vijf inwoners gepubliceerd wordt en/of gegevens over woningen waarvan over minimaal vijf woningen gepubliceerd wordt. De begrenzing van de postcodevlakken is afkomstig van de ESRI postcode kaart.
Deze publicatie is van juni 2023. 

Lees voor meer informatie over de onderwerpen in de postcodepublicatie: 
https://www.cbs.nl/nl-nl/longread/diversen/2023/statistische-gegevens-per-vierkant-en-postcode-2022-2021-2020-2019

Lees voor informatie over het verkrijgen van het bestand:
https://www.cbs.nl/nl-nl/dossier/nederland-regionaal/geografische-data/gegevens-per-postcode",,beheerpdok@kadaster.nl,,,,,"('1.086', '50.5622', '8.4677', '55.8094')","Naamsvermelding verplicht, organisatienaam (https://creativecommons.org/licenses/by/4.0/deed.nl)",otherRestrictions,,https://service.pdok.nl/cbs/postcode6/2016/wfs/v1_0?request=GetCapabilities&service=WFS
72cd8b09-b4e4-4704-9e04-b313ba2e168c,dataset,ISO 19115,,2019-03-19,dut,,"Copernicus High Resolution Layer Grassland: Grassland 100m, version 02",Landgebruik; Bodemgebruik,"Copernicus Land monitoring services – Gedetailleerde bodembedekkings kenmerken voor het referentiejaar 2015 (hoge resolutie). Productie van ruimtelijke producten voor de Copernicus Land (continentale component) landmonitoring service: deel 3 - Graslandproducten voor de EEA39. Primaire grasland laag afgeleid d.m.v. tijdserie analyse uitgevoerd op satelliet beelden (EO data) voor het referentiejaar 2015 (+/- 1 jaar). Ruimtelijke resolutie 100*100m .

«Data was produced with funding by the European Union. Copyright Copernicus Programme»
DISCLAIMER: Wageningen Environmental Research has undertaken to distribute the data on behalf of EEA under Specific Contract No 3436/R0-Copernicus/EEA.56950 implementing Framework service contract No EEA/IDM/R0/16/009/Netherlands. Wageningen Environmental Research accepts no responsibility or liability whatsoever with regard to the content and use of these data. 
The European Environment Agency accepts no responsibility or liability whatsoever with regard to the information on this site and the information does not necessarily reflect the official opinion of the EEA or other European Communities bodies and institutions.",Wageningen Environmental Research,gerard.hazeu@wur.nl,,,,Wageningen Environmental Research; Wageningen Envrionmental Research,"('3.36', '50.75', '7.23', '53.55')",,copyright,,
b0079d8c-ed7b-4fcb-9ee2-04ed8f413c24,dataset,ISO 19115,WMS,2024-12-05,dut,28992,Chloride gehalte,flevoland; bodem; grondwater; natuur; bodemkwaliteit,"De kaart bevat een interpretatie van het chloride gehalte op enkele diepten onder NAP. De interpretatie is gebaseerd op directe metingen in het grondwater, maar ook op bijvoorbeeld elektrische metingen aan het oppervlakte.",Provincie Flevoland,info@flevoland.nl,,,,Provincie Flevoland; Provincie Flevoland,"('4.62', '52.04', '6.29', '53.16')",Geen beperkingen (http://creativecommons.org/publicdomain/zero/1.0/deed.nl),otherRestrictions,,
6e88d607-4505-5698-9af5-5ff25a228814,dataset,ISO 19115,,2009-01-06,dut,28992,Peilbuis (historie),grondwaterkwantiteit; meetnet; peilbuis,"Historisch bestand met peilbuizen afkomstig van calques, deze zijn in het verleden gebruikt voor de inrichting van het primair grondwaterkwantiteitsmeetnet en voor het laatst bijgewerkt in 1994.

De peilbuizen zijn, bij het omzetten naar digitaal, omgenummerd naar kaartblad + code + volgnummer. 
Omnummering van oud naar nieuw heeft op de volgende wijze plaats gevonden:
- Alle nummers zonder de toevoeging -L en lager dan 500: kaartblad+P+nummer (4-cijfers).
- De nummers met -L en lager dan 500: kaartblad+L+nummer (4-cijfers).
- Alle nummers 500 en hoger (met of zonder L): kaartblad+D+nummer (4-cijfers). 
Voorbeeld:
Kaartblad 18C, nr. 32 18CP0032
Kaartblad 18C, nr. L-18 18CL0018
Kaartblad 18C, nr. 522 18CD0522

De 500 en hogere nummering is door de provincie toegekend de overige door TNO.
De 500 en hoger codering verviel bij opname in de database van TNO. Deze kende vervolgens hier een eigen nummer aan toe.",Provincie Drenthe,post@drenthe.nl,,,,Team Gis/Cartografie (Provincie Drenthe),"('6.105', '52.601', '7.109', '53.213')",Geen beperkingen,copyright,,
b619ae09-ca4a-4c2b-9cdc-aa950d09f3c6,dataset,ISO 19115,WMS; WFS,2019-01-29,dut,28992,Provinciale vaarwegen (Omgevingsvisie 2016-2020),STRUCTUURPLANNEN; WATERWEGEN; ONDERHOUD; INFRASTRUCTUUR; KANALEN,"Dit bestand bevat provinciale vaarwegen zoals vastgesteld in de Omgevingsvisie provincie Groningen 2016-2020. 
Net als voor onze wegen, dient zich ook voor onze vaarwegen een instandhoudings- en vervangingsopgave aan. Het Meerjarenprogramma beheer en onderhoud voorziet alleen in het zogeheten 'reguliere beheer en onderhoud', maar biedt geen ruimte voor grootschalig baggerwerk of vervangingsopgaven (bijvoorbeeld bruggen/sluizen) voor de vaarweginfrastructuur.
In de 'Nota Beheer provinciale vaarwegen 2011-2020' staan onze streefbeelden en knelpunten voor onze vaarwegen. Wij realiseren de streefbeelden binnen onze financiële mogelijkheden gefaseerd, door bij nieuwbouw of vervanging de bijbehorende functie-eisen toe te passen, afgewogen tegen andere maatschappelijke belangen. Dit betreft met name de doorvaarthoogte en -breedte van bruggen. Wij hanteren hierbij de 'Richtlijnen vaarwegen' als vertrekpunt.",Provincie Groningen,geoportaal@provinciegroningen.nl,,,,Afdeling INFO (Provincie Groningen),"('6.292', '53.083', '7.080', '53.338')",geen beperkingen,otherRestrictions,,https://geoservices.provinciegroningen.nl/server/services/Beleidsplannen/Omgevingsvisie/MapServer/WFSServer
8498D10B8A131D43E053D2041EACBDD8,dataset,ISO 19115,WMS; WFS,2022-06-01,dut,28992,Omgevingsvisie 2018 - Windenergie zoekgebied,locaties,"Door Provinciale Staten van Drenthe op 3 oktober 2018 vastgestelde versie van Windenergie zoekgebied. De twaalf provincies hebben begin 2013 afspraken met het Rijk gemaakt over de verdeling van de Rijksdoelstelling van 6.000 MW windenergie op land in 2020. Voor Drenthe is afgesproken om in 2020 285,5 MW aan windenergie op land te realiseren. Deze opgave is gekoppeld aan een zoekgebied in de gemeenten Aa en Hunze, Borger-Odoorn, Emmen en Coevorden. Kaart Robuust sociaal-economisch systeem.",Provincie Drenthe,post@drenthe.nl,,,,Team Gis/Cartografie (Provincie Drenthe),"('6.105', '52.601', '7.109', '53.213')",Geen beperkingen,otherRestrictions,,https://kaartportaal.drenthe.nl/server/services/GDB_actueel/GBI_AOV18_K7_ZOEKGEB_WINDENERGIE_V/MapServer/WFSServer
7831c28b-46c7-4ea6-8c5f-a76fa4b5c103,dataset,ISO 19115,WMS; WFS,2025-02-03,dut,28992,MUD-palen,Verdedigingswerken; historische geografie; landschap; RCE; rijksmonument; monument; Cultuurlandschap,"In 1949 is de Mijnenuitkijkdienst opgericht door het ministerie van Defensie om het droppen van zeemijnen in beeld te krijgen.
Het oorspronkelijke systeem bestond uit ca. 245 uitkijkposten. Nu resteren hier nog omstreeks 20 stuks van.",,info@cultureelerfgoed.nl,,,,InfoDesk; InfoDesk (Rijksdienst voor het Cultureel Erfgoed),"('0.3227', '50.1269', '9.9326', '54.1721')",Geen beperkingen (https://creativecommons.org/publicdomain/zero/1.0/deed.nl),otherRestrictions,,https://services.rce.geovoorziening.nl/landschapsatlas/wfs?request=GetCapabilities
ffffffd8-54b9-5e49-adc0-3206311851e7,dataset,ISO 19115,,2009-10-22,dut,28992,"POV, Regionale waterkeringen (historie)",normering; regionale kering; veiligheid watersysteem,De kaden die zijn aangewezen door Provinciale Staten als regionale waterkering.,Provincie Drenthe,post@drenthe.nl,,,,Team Gis/Cartografie (Provincie Drenthe),"('6.105', '52.601', '7.109', '53.213')",Geen beperkingen,otherRestrictions,,
f91c6ad6-62a5-46d0-8a5b-8a62e7a4b833,dataset,ISO 19115,SOS,2019-03-14,dut,28992,Gemeten Stikstofmonoxide concentraties in buitenlucht.,Stikstofmonoxide; Vegetatie; Verzuring; NO; Luchtkwaliteit; Landelijk Meetnet Luchtkwalteit; LML; Buitenlucht; Kwaliteitsmetingen en modelleringsgegevens (Richtlijn Luchtkwaliteit); Menselijke gezondheid en veiligheid; Milieubewakingsvoorzieningen,"Ruwe ongevalideerde uurwaarden stikstofmonoxide (NO) op grondniveau in de buitenlucht gemeten in het Landelijk Meetnet Luchtkwaliteit (LML).

Stikstofmonoxide is een kleurloos gas. Stikstofmonoxide heeft geen directe schadelijke effecten voor de gezondheid. Het kan wel schade opleveren voor de natuur door te reageren tot salpeterzuur.",RIVM,geodata@rivm.nl,,,,RIVM,"('3.37087', '50.7539', '7.21097', '53.4658')",http://creativecommons.org/publicdomain/mark/1.0/deed.nl,otherRestrictions,,
d2f61107-d31e-4b89-803d-b39eaf2468b9,service,ISO 19115,WMS,2025-05-01,dut,28992,1e Bosstatistiek (1938-1942) WMS,,"De Eerste Bosstatistiek van Nederland 1938-1942 is een geografisch bestand waarin het bos in Nederland (inclusief heide, zandverstuiving, veen/moeras, boomgaard en wegbeplanting) op een topografische ondergrond is weergegeven. Het bestand is gebaseerd op een landsdekkende inventarisatie die is uitgevoerd in de periode 1938-1942.
Meer informatie over de inventarisatie: De Nederlandsche Boschstatistiek (SBB, 1946),  (downloadbaar via: https://www.cultureelerfgoed.nl/binaries/cultureelerfgoed/documenten/publicaties/2019/01/01/bijlagen-kaart-groen-erfgoed/De_nederlandsche_boschstatistiek_1946.pdf).",,info@cultureelerfgoed.nl,,,,Infodesk,"('2.0008', '50.4749', '8.4215', '53.8431')","Naamsvermelding verplicht, Staatsbosbeheer, Stichting Bosdata, RCE (https://creativecommons.org/licenses/by/4.0/deed.nl)",otherRestrictions,,
0ec79c96-898f-40da-adc7-673eb4749685,dataset,ISO 19115,WMS; WFS,2024-05-01,dut,28992,Geesten van Holland,,In de dataset 'Geesten' zijn de locaties opgenomen van middeleeuwse akkercomplexen op de strandwallen in Noord- en Zuid-Holland.,Rijksdienst voor het Cultureel Erfgoed,info@cultureelerfgoed.nl,,InfoDesk,,InfoDesk (Rijksdienst voor het Cultureel Erfgoed),"('4.0876', '51.9925', '4.913', '52.9328')",Geen beperkingen (https://creativecommons.org/publicdomain/zero/1.0/deed.nl),otherRestrictions,,https://services.rce.geovoorziening.nl/landschapsatlas/wfs?&request=GetCapabilities
e2fd1cbf-7413-4b01-bee1-a1b8bca9d8fb,dataset,ISO 19115,WFS; WMS,2022-04-29,dut,,Werkingsgebied - Erfgoederen van uitzonderlijke universele waarde,ruimtegebruik; ruimtelijke ordening,"Deze werkingsgebied maakt onderdeel uit van Omgevingsverordening NH2020, vastgesteld op 16-11-2020 (besluitnr.: 1477251/1478383). Het plan is te raadplegen op ruimtelijkeplannen.nl via deze link:  https://www.ruimtelijkeplannen.nl/viewer/view?planidn=NL.IMRO.9927.POVPNH-VG01  Meer informatie over deze werkingsgebied is te lezen in artikel(en): 6.49",Provincie Noord-Holland,kaartendata@noord-holland.nl,,,,,"('4.567', '52.164', '5.179', '52.616')",Geo Gedeeld licentie (http://creativecommons.org/publicdomain/mark/1.0/deed.nl),otherRestrictions,,https://geoservices.noord-holland.nl/ags/services/oi_dataservice_povnh2020/MapServer/WFSServer?request=GetCapabilities&service=WFS
cc834379-8ecb-4f2f-a72d-7377707dd533,dataset,ISO 19115,WFS; WMS,2024-05-17,dut,28992,Beregeningsverbod gebied,beregeningsverbod; beregening; droogte; beregenen; regen; verbod,Bij een (gedeeltelijke) beregeningsverbod mag op plaatsen in dat gebied waar het water niet meer over de stuwen komt en dus te laag staat niet meer worden beregend uit het oppervlaktewater.,Waterschap Hunze en Aa's,gis_info@hunzeenaas.nl,,,,Waterschap Hunze en Aa's; Waterschap Hunze en Aa's,"('6.274500417904351', '52.6482562858353', '7.570597529185045', '53.47291066142737')",Geen beperkingen,otherRestrictions,,https://opendata.hunzeenaas.nl/geoserver/wfs
ffffffee-87de-559c-9519-2baddd7d782c,dataset,ISO 19115,,2011-01-01,dut,28992,"Stedelijk recreatie en uitloop gebied (OGV, 2010) (historie)",omgevingsvisie,"Gedigitaliseerde zones rondom HEMAS-kernen (Hoogeveen, Emmen, Meppel, Assen en Coevorden) en stad Groningen, wals stedelijk recreatie- en uitloopgebied, zoals in het door Provinciale Staten op 2 juni 2010 vastgestelde Omgevingsvisie, kaart 7 (Recreatie en toerisme).",Provincie Drenthe,post@drenthe.nl,,,,Team Gis/Cartografie (Provincie Drenthe),"('6.105', '52.601', '7.109', '53.213')",Geen beperkingen,otherRestrictions,,
bbdbf836-590b-46bf-88d1-14550a2e1cb1,service,ISO 19115,WFS,2025-03-12,dut,,CBS Vierkantstatistieken 500m 2015 WFS,Demografie; Statische_eenheden; Vierkant; Grid; Statistiek; Bevolking; Inwoners; Woning; Leeftijd; Herkomst; Woz; Inkomen; Energie; Stedelijkheid; Bevolkingdichtheid; Concentratie; Spreiding_van_de_bevolking,Het bestand CBS vierkanten 500m bevat statistische gegevens per 500 meter bij 500 meter vierkant. In april 2022 zijn gegevens over 2021 toegevoegd en zijn gegevens over de jaren 2020 en 2019 aangevuld. Lees voor meer informatie: https://www.cbs.nl/nl-nl/longread/diversen/2022/statistische-gegevens-per-vierkant-2021-2020-2019,,beheerpdok@kadaster.nl,,,,,"('1.986', '50.6749', '7.8197', '55.7059')","Naamsvermelding verplicht, organisatienaam (https://creativecommons.org/licenses/by/4.0/deed.nl)",otherRestrictions,,https://service.pdok.nl/cbs/vierkantstatistieken500m/2015/wfs/v1_0?request=GetCapabilities&service=WFS
8a31348f-8496-482c-a0d0-b604d453e4ec,dataset,ISO 19115,WMTS; WMS,2018-06-27,dut,28992,Luchtfoto 2014 25cm RGB Ortho (voorjaarsvlucht),voorjaar; luchtfoto; 2014; 25cm; ortho; rgb; landelijke voorziening beeldmateriaal; lvb; beeldmateriaal; orthofoto; ortho25; orthofotomozaïek; mozaïek; orthofotomozaiek; mozaiek; lage resolutie; lr,RGB voorjaarsluchtfoto van 2014 met een resolutie van 25cm.,Waterschap Hunze en Aa's,gis_info@hunzeenaas.nl,,,,Waterschap Hunze en Aa's; Waterschap Hunze en Aa's,"('6.274500417904351', '52.6482562858353', '7.570597529185045', '53.47291066142737')",Geen beperkingen,otherRestrictions,,
963a4f1e-8ac9-56fb-9e02-dd3f055defe5,dataset,ISO 19115,,2015-11-12,dut,28992,Provinciale Omgevingsverordening 2015 - Plangrens (historie),plangrens; provinciegrens,Deze kaartlaag bevat de plangrens van de op 23 september vastgestelde versie van de Provinciale Omgevingsverordening Drenthe.,Provincie Drenthe,post@drenthe.nl,,,,Team Gis/Cartografie (Provincie Drenthe),"('6.105', '52.601', '7.109', '53.213')",Geen beperkingen,otherRestrictions,,
ffffffa8-1df6-5695-85de-5fcaee1bc9b2,dataset,ISO 19115,,2022-06-08,dut,28992,EHS 2007 zoekgebied robuuste verbindingen en ecologische verbindingszones (historie),ecologisch; ecologische verbinding; EHS; natuur,"De robuuste verbindingen en ecologische verbindingszones zijn essentiele onderdelen van de EHS (Ecologische Hoofdstructuur), maar trace's en de invulling is nog niet overal afgerond. Om die reden staan ze gearceerd op de EHS-kaart. De spelregels gelden niet voor het gearceerde gebied, met uitzondering van de natuurgebiedjes eronder. Zij zijn onderdeel van de EHS. Als de invulling van de verbindingen is afgerond, komt dat resultaat op de EHS-kaart. De volgende gegevens zijn gebruikt voor de verbindingszones:De robuuste verbindingen en de beekdalen met natuurontwikkeling als ecologische verbindingszone (POPII, kaart 3.) en de zoekgebied EVZ (gele gebieden uit rapport Goed op Weg 2007).",Provincie Drenthe,post@drenthe.nl,,,,Team Gis/Cartografie (Provincie Drenthe),"('6.105', '52.601', '7.109', '53.213')",Geen beperkingen,copyright,,
b5822314-7a7a-538a-a85c-c55a1ef4268d,dataset,ISO 19115,WMS; WFS,2022-06-01,dut,28992,Niet gewonnen diapieren (zoutkoepels),bodem; ondergrond,"Niet gewonnen diapieren in de provincies Groningen, Friesland en Drenthe. Bestand onderdeel van potentiekaart zoutwinning diapieren.",Provincie Drenthe,post@drenthe.nl,,,,Team Gis/Cartografie (Provincie Drenthe),"('4.4552947', '52.3348457', '7.135964', '53.388444')",Geen beperkingen,copyright,,https://kaartportaal.drenthe.nl/server/services/GDB_actueel/GBI_MILIEU_BODEM_NGDIAPIEREN_V/MapServer/WFSServer
86076ea2-9d24-4937-a9ed-b980ce466a6b,service,ISO 19115,WMS,2025-04-14,dut,,Amplitude van het getij op de Noordzee viewservice - NAP boven ETRS89,infoMapAccessService,Amplitude van het getij: NAP boven ETRS89,"Ministerie van Defensie, Koninklijke Marine, Dienst der Hydrografie",niet beschikbaar,,,,"Ministerie van Defensie, Koninklijke Marine, Dienst der Hydrografie; Ministerie van Defensie, Koninklijke Marine, Dienst der Hydrografie","('-75.7041', '22.3325', '80.2483', '76.8198')",Geen beperkingen (http://creativecommons.org/publicdomain/mark/1.0/deed.nl),otherRestrictions,,
88bba101-2d9f-48d9-be5e-1d657705b616,dataset,ISO 19115,WMS; WFS,2023-12-28,dut,,Kanalen en wijken (Omgevingsverordening),CULTUURLANDSCHAPPEN; PROVINCIALE VERORDENINGEN; KANALEN; WATERWEGEN; CULTUURHISTORISCHE WAARDENKAARTEN; OMGEVINGSWET; Downloadable Data,"Dit bestand bevat kanalen en wijken zoals vastgesteld in de Omgevingsverordening provincie Groningen. In deze Omgevingsverordening hebben wij specifieke regels opgenomen ter bescherming van de wijken en kanalen, karakteristieke waterlopen en karakteristieke verkaveling.  Water, verkaveling en het beloop van wegen zijn bepalend voor het karakter van het landschap van Groningen.",Provincie Groningen,geoportaal@provinciegroningen.nl,,,,Datateam Beleid (Provincie Groningen),"('6.241057', '52.946297', '7.212872', '53.195038')",Geen beperkingen (https://creativecommons.org/publicdomain/mark/1.0/deed.nl),otherRestrictions,,https://geoservices.provinciegroningen.nl/server/services/Beleidsplannen/Omgevingsverordening/MapServer/WFSServer?request=GetCapabilities
23a01904-2e96-5ab6-bd51-c1ec75eb4eb3,dataset,ISO 19115,,2006-07-31,dut,28992,"Natuurgebiedsplan 2006, Integraal (historie)",natuur; natuurgebiedsplan; relatienota,Het integraal natuurgebiedsplan met betrekking tot natuur- en landschapsdoelen:- nieuwe natuurgebieden (van cultuurgrond naar nieuwe natuur);- beheersgebieden (landbouwgronden waar beschikkingen ten gunste van natuur en landschap mogelijk zijn);- mogelijkheden voor subsidie binnen die begrenzingen. Sinds 1 januari 2000 gelden nieuwe subsidieregelingen voor natuur- en landschapsbeheer.,Provincie Drenthe,post@drenthe.nl,,,,Team Gis/Cartografie (Provincie Drenthe),"('6.105', '52.601', '7.109', '53.213')",Geen beperkingen,copyright,,
ffffffd9-2fba-5d93-840c-549522836763,dataset,ISO 19115,,2008-10-27,dut,28992,Cultuurhistorische gaafheid (POP) (historie),cultuurhistorie; landschap,"In het door Provinciale Staten op 7 juli 2004 vastgestelde Provinciaal Omgevingsplan Drenthe II, is de cultuurhistorische gaafheid (hoogste, middelste of laagste) gerelateerd aan de onderscheiden landschapstypen opgenomen, die in dit bestand worden weergegeven.",Provincie Drenthe,post@drenthe.nl,,,,Team Gis/Cartografie (Provincie Drenthe),"('6.105', '52.601', '7.109', '53.213')",Geen beperkingen,copyright,,
651421b3-63a7-4388-8566-11119bdcb874,service,ISO 19115,WFS,2025-03-12,dut,,CBS Vierkantstatistieken 500m 2009 WFS,Demografie; Statische_eenheden; Vierkant; Grid; Statistiek; Bevolking; Inwoners; Woning; Leeftijd; Herkomst; Woz; Inkomen; Energie; Stedelijkheid; Bevolkingdichtheid; Concentratie; Spreiding_van_de_bevolking,Het bestand CBS vierkanten 500m bevat statistische gegevens per 500 meter bij 500 meter vierkant. In april 2022 zijn gegevens over 2021 toegevoegd en zijn gegevens over de jaren 2020 en 2019 aangevuld. Lees voor meer informatie: https://www.cbs.nl/nl-nl/longread/diversen/2022/statistische-gegevens-per-vierkant-2021-2020-2019,,beheerpdok@kadaster.nl,,,,,"('1.986', '50.6749', '7.8197', '55.7059')","Naamsvermelding verplicht, organisatienaam (https://creativecommons.org/licenses/by/4.0/deed.nl)",otherRestrictions,,https://service.pdok.nl/cbs/vierkantstatistieken500m/2009/wfs/v1_0?request=GetCapabilities&service=WFS
109f8924-ee68-4dc1-81ac-fb726e6314cd,service,ISO 19115,WFS,2024-08-08,dut,,CBS Gebiedsindelingen 2006 WFS,Statistische eenheden; Gebiedsindeling; Gemeente; Landsdeel; Provincie; Buurt; COROP-gebied; GGD-regio; NUTS3; NUTS1; NUTS2; Wijk; Grootstedelijke aglomeratie; Stadsgewest; COROP-plusgebied; COROP-subgebied; Landbouwgebied; Landbouwgroep; RPA-gebied; Toeristengroep; Toeristengebied; Arrondissementsgebied; Brandweerregio; Kamer van Koophandelregio; Politieregio; Regionale Eenheid; Veiligheidsregio; Zorgkantoorregio; Arbeidsmarktregio; Jeugdregio,Deze service bevat de CBS Gebiedsindelingen van 2006. De volgende gebiedsindelingen kunnen voorkomen: Gemeente Landsdeel Provincie Buurt COROP-gebied GGD-regio NUTS1 NUTS2 NUTS3 Wijk COROP-plusgebied COROP-subgebied Landbouwgebied Landbouwgroep RPA-gebied Toeristengroep Toeristengebied Arrondissementsgebied KamervanKoophandelregio Regionale-Eenheid Veiligheidsregio Veiligthuisregio Zorgkantoorregio Arbeidsmarktregio Regioplus-arbeidsmarktregio Jeugdregio Ressort RES-regio Regionaalmeldcoördinatiepunt Regionale-energiestrategie SubRES-regio,,beheerpdok@kadaster.nl,,,,,"('1.086', '50.5622', '8.4677', '55.8094')","Naamsvermelding verplicht, organisatienaam (https://creativecommons.org/licenses/by/4.0/deed.nl)",otherRestrictions,,https://service.pdok.nl/cbs/gebiedsindelingen/2006/wfs/v1_0?request=GetCapabilities&service=WFS
b4ff89a5-7bed-47e1-a175-df88a42fe07c,service,ISO 19115,WMS,2025-03-14,dut,,CBS Postcode4 statistieken 2017 WMS,Demografie; Postcode; Pc4; Statistiek; Bevolking; Inwoners; Leeftijd; Herkomst; Woningen; Inkomen; Sociale_zekerheid; Woz; Woningeigendom; Huur; Voorziening; Nabijheid; Spreiding_van_de_bevolking,"De WMS service postcode4 bevat statistische gegevens voor het numerieke deel van de postcode vanaf 2015. 

Met ingang van het eerste kwartaal 2021 zijn gegevens over het jaar 2020 toegevoegd en zijn het aantal gegevens van de jaren 2019, 2018 en 2017 uitgebreid met gegevens over demografie, woningen, energie, inkomen, sociale zekerheid, nabijheid van voorzieningen en dichtheid. 

Lees voor meer informatie: https://www.cbs.nl/nl-nl/longread/diversen/2021/statistische-gegevens-per-vierkant-en-postcode-2020-2019-2018",,beheerpdok@kadaster.nl,,,,,"('1.086', '50.5622', '8.4677', '55.8094')","Naamsvermelding verplicht, organisatienaam (https://creativecommons.org/licenses/by/4.0/deed.nl)",otherRestrictions,,
238cbf1c-4313-41b2-8ac1-04734b6e5ea0,service,ISO 19115,WFS,2024-08-08,dut,,CBS Gebiedsindelingen 2009 WFS,Statistische eenheden; Gebiedsindeling; Gemeente; Landsdeel; Provincie; Buurt; COROP-gebied; GGD-regio; NUTS3; NUTS1; NUTS2; Wijk; Grootstedelijke aglomeratie; Stadsgewest; COROP-plusgebied; COROP-subgebied; Landbouwgebied; Landbouwgroep; RPA-gebied; Toeristengroep; Toeristengebied; Arrondissementsgebied; Brandweerregio; Kamer van Koophandelregio; Politieregio; Regionale Eenheid; Veiligheidsregio; Zorgkantoorregio; Arbeidsmarktregio; Jeugdregio,Deze service bevat de CBS Gebiedsindelingen van 2009. De volgende gebiedsindelingen kunnen voorkomen: Gemeente Landsdeel Provincie Buurt COROP-gebied GGD-regio NUTS1 NUTS2 NUTS3 Wijk COROP-plusgebied COROP-subgebied Landbouwgebied Landbouwgroep RPA-gebied Toeristengroep Toeristengebied Arrondissementsgebied KamervanKoophandelregio Regionale-Eenheid Veiligheidsregio Veiligthuisregio Zorgkantoorregio Arbeidsmarktregio Regioplus-arbeidsmarktregio Jeugdregio Ressort RES-regio Regionaalmeldcoördinatiepunt Regionale-energiestrategie SubRES-regio,,beheerpdok@kadaster.nl,,,,,"('1.086', '50.5622', '8.4677', '55.8094')","Naamsvermelding verplicht, organisatienaam (https://creativecommons.org/licenses/by/4.0/deed.nl)",otherRestrictions,,https://service.pdok.nl/cbs/gebiedsindelingen/2009/wfs/v1_0?request=GetCapabilities&service=WFS
fdbb1ab4-57cb-4393-bea7-5cbf260c24d6,service,ISO 19115,WFS,2024-08-08,dut,,CBS Gebiedsindelingen 2010 WFS,Statistische eenheden; Gebiedsindeling; Gemeente; Landsdeel; Provincie; Buurt; COROP-gebied; GGD-regio; NUTS3; NUTS1; NUTS2; Wijk; Grootstedelijke aglomeratie; Stadsgewest; COROP-plusgebied; COROP-subgebied; Landbouwgebied; Landbouwgroep; RPA-gebied; Toeristengroep; Toeristengebied; Arrondissementsgebied; Brandweerregio; Kamer van Koophandelregio; Politieregio; Regionale Eenheid; Veiligheidsregio; Zorgkantoorregio; Arbeidsmarktregio; Jeugdregio,Deze service bevat de CBS Gebiedsindelingen van 2010. De volgende gebiedsindelingen kunnen voorkomen: Gemeente Landsdeel Provincie Buurt COROP-gebied GGD-regio NUTS1 NUTS2 NUTS3 Wijk COROP-plusgebied COROP-subgebied Landbouwgebied Landbouwgroep RPA-gebied Toeristengroep Toeristengebied Arrondissementsgebied KamervanKoophandelregio Regionale-Eenheid Veiligheidsregio Veiligthuisregio Zorgkantoorregio Arbeidsmarktregio Regioplus-arbeidsmarktregio Jeugdregio Ressort RES-regio Regionaalmeldcoördinatiepunt Regionale-energiestrategie SubRES-regio,,beheerpdok@kadaster.nl,,,,,"('1.086', '50.5622', '8.4677', '55.8094')","Naamsvermelding verplicht, organisatienaam (https://creativecommons.org/licenses/by/4.0/deed.nl)",otherRestrictions,,https://service.pdok.nl/cbs/gebiedsindelingen/2010/wfs/v1_0?request=GetCapabilities&service=WFS
532aad7c-a5f4-4958-a32d-f27b7f272a0c,service,ISO 19115,WFS,2024-08-08,dut,,CBS Gebiedsindelingen 2012 WFS,Statistische eenheden; Gebiedsindeling; Gemeente; Landsdeel; Provincie; Buurt; COROP-gebied; GGD-regio; NUTS3; NUTS1; NUTS2; Wijk; Grootstedelijke aglomeratie; Stadsgewest; COROP-plusgebied; COROP-subgebied; Landbouwgebied; Landbouwgroep; RPA-gebied; Toeristengroep; Toeristengebied; Arrondissementsgebied; Brandweerregio; Kamer van Koophandelregio; Politieregio; Regionale Eenheid; Veiligheidsregio; Zorgkantoorregio; Arbeidsmarktregio; Jeugdregio,Deze service bevat de CBS Gebiedsindelingen van 2012. De volgende gebiedsindelingen kunnen voorkomen: Gemeente Landsdeel Provincie Buurt COROP-gebied GGD-regio NUTS1 NUTS2 NUTS3 Wijk COROP-plusgebied COROP-subgebied Landbouwgebied Landbouwgroep RPA-gebied Toeristengroep Toeristengebied Arrondissementsgebied KamervanKoophandelregio Regionale-Eenheid Veiligheidsregio Veiligthuisregio Zorgkantoorregio Arbeidsmarktregio Regioplus-arbeidsmarktregio Jeugdregio Ressort RES-regio Regionaalmeldcoördinatiepunt Regionale-energiestrategie SubRES-regio,,beheerpdok@kadaster.nl,,,,,"('1.086', '50.5622', '8.4677', '55.8094')","Naamsvermelding verplicht, organisatienaam (https://creativecommons.org/licenses/by/4.0/deed.nl)",otherRestrictions,,https://service.pdok.nl/cbs/gebiedsindelingen/2012/wfs/v1_0?request=GetCapabilities&service=WFS
fdeaca47-1f7d-44d1-9c75-8cfaa0e735fa,dataset,ISO 19115,WMS; WFS,2023-12-28,dut,,Esgehuchten (Omgevingsverordening),CULTUURHISTORISCHE WAARDENKAARTEN; CULTUURHISTORIE; DORPEN; PROVINCIALE VERORDENINGEN; CULTUURLANDSCHAPPEN; OMGEVINGSWET; Downloadable Data,Dit bestand bevat esgehuchten zoals vastgesteld in de Omgevingsverordening provincie Groningen. In deze Omgevingsverordening hebben wij hiervoor regels opgenomen.  In onze provincie liggen veel karakteristieke nederzettingen waarvan de ruimtelijke structuur nauw verbonden is met het omliggende landschap. Wij beschermen deze waarden.,Provincie Groningen,geoportaal@provinciegroningen.nl,,,,Datateam Beleid (Provincie Groningen),"('6.989628', '52.909521', '7.155407', '53.055029')",Geen beperkingen (https://creativecommons.org/publicdomain/mark/1.0/deed.nl),otherRestrictions,,https://geoservices.provinciegroningen.nl/server/services/Beleidsplannen/Omgevingsverordening/MapServer/WFSServer?request=GetCapabilities
3e5dac26-0c3d-5927-9ffb-15e77d56ab56,GIS dataset,ISO 19115,WMS; WFS,2024-02-09,dut,28992,Provinciale Omgevingsverordening 2023 - Macrogradient,landschapstypen; omgevingsverordening,"De geologische ontwikkeling van Drenthe en het menselijk ingrijpen heeft geleid tot reliefrijke overgangen in het landschap. Deze overgangen versterken de contrasten tussen landschapstypen, we noemen deze overgangen de Macrogradient.",Provincie Drenthe,post@drenthe.nl,,,,Team Gis/Cartografie (Provincie Drenthe),"('6.105', '52.601', '7.109', '53.213')",Geen beperkingen,otherRestrictions,,https://kaartportaal.drenthe.nl/server/services/GDB_actueel/GBI_POV2023_MACROGRADIENT_V/MapServer/WFSServer?SERVICE=WFS&REQUEST=GetCapabilities
c39f6bad-579b-49c2-95e4-249fe997f0cb,service,ISO 19115,WFS,2025-03-12,dut,,CBS Vierkantstatistieken 100m 2004 WFS,demografie; vierkant; grid; statistiek; bevolking; inwoners; leeftijd; herkomst; woningen; inkomen; sociale_zekerheid; woz; woningeigendom; huur; voorziening; nabijheid; statistische_eenheden; spreiding_van_de_bevolking,"Het bestand CBS vierkanten 100m bevat statistische gegevens per 100 meter bij 100 meter vierkant. Met ingang van maart 2022 is het jaar 2021 toegevoegd en zijn het aantal kerncijfers van de jaren 2020 en 2019 aanzienlijk uitgebreid met gegevens over demografie, woningen, energie, inkomen, sociale zekerheid, nabijheid van voorzieningen en dichtheid.",,beheerpdok@kadaster.nl,,,,,"('3.1467', '50.7309', '7.3467', '53.5083')",Geen beperkingen (https://creativecommons.org/publicdomain/mark/1.0/deed.nl),otherRestrictions,,https://service.pdok.nl/cbs/vierkantstatistieken100m/2004/wfs/v1_0?request=GetCapabilities&service=WFS
e5fdfa81-f582-4e8e-9d66-988cbd5cdd93,service,ISO 19115,WMS,2025-07-09,dut,,Gebieden met Natuurrisico's - Overstromingen - Geobserveerde gebeurtenis - Richtlijn Overstromingsrisico's (ROR) (INSPIRE geharmoniseerd) WMS,Richtlijn Overstromingsrisico; Natuurrisico; Overstroming; Gebeurtenis; Flooding; Event,"De web map service Gebieden met natuurrisico's - Overstromingen - Geobserveerde gebeurtenis bevat de geobserveerde gebeurtenissen uit het rapport 'Overstromingsrisico's in Nederland, 2018 in het kader van de Europese Richtlijn.",,beheerpdok@kadaster.nl,,,,,"('-179.85086027', '-52.42329332', '179.30753287', '-38.2999155')",Geen beperkingen (https://creativecommons.org/publicdomain/zero/1.0/deed.nl),otherRestrictions,,
efaf0a10-340c-46f3-bb53-9b70ba46b0a4,service,ISO 19115,WMS,2025-05-15,dut,,Waterschappen Nuts-Overheidsdiensten (INSPIRE geharmoniseerd) WMS,Kabel; RWZI; Inspectieput; Leidingsegment,"Deze dataset is gebaseerd op (niet geharmoniseerde) data van alle waterschappen in Nederland conform INSPIRE. De dataset bevat de volgende INSPIRE objecten:  ElectricityCable, EnvironmentalmanagementFacility, Manhole, SewerPipe, TelecommunicationsCable, Duct.",,beheerpdok@kadaster.nl,,,,,"('0.5319', '50.4825', '8.8681', '55.8825')",Geen beperkingen (https://creativecommons.org/publicdomain/zero/1.0/deed.nl),otherRestrictions,,
95bfee39-941a-4adb-b7d9-c55957bbe742,service,ISO 19115,WFS,2025-03-14,dut,,CBS Postcode4 statistieken 2017 WFS,Demografie; Postcode; Pc4; Statistiek; Bevolking; Inwoners; Leeftijd; Herkomst; Woningen; Inkomen; Sociale_zekerheid; Woz; Woningeigendom; Huur; Voorziening; Nabijheid; Spreiding_van_de_bevolking,"De WMS service postcode4 bevat statistische gegevens voor het numerieke deel van de postcode vanaf 2015. 

Met ingang van het eerste kwartaal 2021 zijn gegevens over het jaar 2020 toegevoegd en zijn het aantal gegevens van de jaren 2019, 2018 en 2017 uitgebreid met gegevens over demografie, woningen, energie, inkomen, sociale zekerheid, nabijheid van voorzieningen en dichtheid. 

Lees voor meer informatie: https://www.cbs.nl/nl-nl/longread/diversen/2021/statistische-gegevens-per-vierkant-en-postcode-2020-2019-2018",,beheerpdok@kadaster.nl,,,,,"('1.086', '50.5622', '8.4677', '55.8094')","Naamsvermelding verplicht, organisatienaam (https://creativecommons.org/licenses/by/4.0/deed.nl)",otherRestrictions,,https://service.pdok.nl/cbs/postcode4/2017/wfs/v1_0?request=GetCapabilities&service=WFS
bc2d4efa-a179-4d9e-9832-19c74f40a5c1,dataset,ISO 19115,,2024-03-22,dut,,EKRW_vlak,Hydrografie; Regionaal; HDSR,Kader Richtlijn Water waterlichaam een vlak-eenheid waarop getoetst moet worden of er aan de (KRW) doelstellingen voldaan wordt.,Hoogheemraadschap De Stichtse Rijnlanden,gisspecialistenOSA@hdsr.nl,https://data-hdsr.opendata.arcgis.com/,,,Afdeling GIS (Hoogheemraadschap De Stichtse Rijnlanden),"('3.245', '50.673', '7.576', '53.567')",Geen beperkingen (http://creativecommons.org/publicdomain/zero/*/deed.nl),otherRestrictions,,
180b6682-5d6f-429d-abb7-32f7d6253787,service,ISO 19115,WFS,2024-11-21,dut,,Windsnelheden op 100m hoogte (m/s) WFS,Energiebronnen; wind; klimaat; energie; windenergie; infoFeatureAccessService,Potentiekaart voor productie van duurzame elektriciteit. Deze bevat de kaart met gemiddelde windsnelheden op 100m hoogte.,Beheer PDOK,beheerPDOK@kadaster.nl,,,,Beheer PDOK (Beheer PDOK); Beheer PDOK,"('2.7383', '50.6633', '7.6448', '53.6501')",Geen beperkingen (http://creativecommons.org/publicdomain/zero/1.0/deed.nl),otherRestrictions,,https://service.pdok.nl/rvo/windkaart/wfs/v1_0?request=getcapabilities&service=wfs
FEB44D94AC123D26E0441CC1DE40A734,dataset,ISO 19115,,2015-04-01,dut,28992,Grondwateronttrekking voor de bereiding van drinkwater (historie),grondwater; omgevingsvisie; water,De locaties waar door de waterleidingbedrijven grondwater wordt onttrokken voor de bereiding van drinkwater. Komt voor in kaart 9: Kaderrichtlijn Water.,Provincie Drenthe,post@drenthe.nl,,,,Team Gis/Cartografie (Provincie Drenthe),"('6.105', '52.601', '7.109', '53.213')",Geen beperkingen,otherRestrictions,,
4805aac3-9a8d-4fcd-851b-88c7b3d342e2,service,ISO 19115,WMS,2025-06-24,dut,,Zeegebieden (INSPIRE geharmoniseerd) WMS,Zeegebieden; Nationaal; Kustgebied; Zee; Oceaan; Getijden,"INSPIRE Zeegebieden themalaag, geharmoniseerd, gevuld met relevante objecten uit TOP10NL (onderdeel van de Basisregistratie Topografie (BRT)), geproduceerd en beheerd door het Kadaster. De dataset bevat Sea, Shoreline, Coastline en Intertidal area.",,beheerpdok@kadaster.nl,,,,,"('1.086', '50.5622', '8.4677', '55.8094')",Geen beperkingen (http://creativecommons.org/publicdomain/mark/1.0/deed.nl),otherRestrictions,,
d7eda9a1-451c-4e4f-96a5-f5a8f4fc493f,dataset,ISO 19115,WMS; WFS,2022-02-25,dut,28992,Individuele Behandeling van Afvalwater (IBA),IBA; Afvalwater; Septische put; Septic tank; Helofytenfilter; Lozingspunt; Kwaliteit,"Een Individuele Behandeling van Afvalwater, (IBA), is een systeem dat het huishoudelijk afvalwater van één huishouding zuivert. Er bestaan verschillende soorten IBA systemen, maar hebben alle als gemeenschappelijk kenmerk dat ze huishoudelijk afvalwater kleinschalig zuiveren. Huishoudelijk afvalwater bevat organisch materiaal, zwevende stoffen en nutriënten zoals ammonium en fosfaat. Een IBA is ontworpen om zo veel mogelijk organisch materiaal uit het afvalwater te halen dat anders bij afbraak opgeloste zuurstof uit het afvalwater zou onttrekken. Een IBA verwijdert ook zwevende stoffen, maar biedt geen garantie voor het verwijderen van ammonium. De verwijdering van ammonium en andere vormen van stikstof is afhankelijk van de temperatuur, zodat de zuiveringsefficiëntie van een IBA varieert per seizoen. Een IBA maakt onder andere gebruik van opgeloste zuurstof om het afvalwater te zuiveren. In tegenstelling tot de meer gevorderde IBA, die ontworpen is om alle huishoudelijk afvalwater te behandelen, is een septische put ontworpen voor de behandeling van uitsluitend sanitair afvalwater. Een septische put verwijdert hoofdzakelijk zwevende stoffen en maakt deze vaste stoffen vloeibaarder. Hoewel een septische put ook het water van één gezin of gebouw zuivert, is de zuivering minder doorgedreven en zijn er geen zuiveringsprocessen die gebruiken maken van in het water opgeloste zuurstof. Men rekent een septische put daarom niet altijd tot de IBA's. Een helofytenfilter of moerasfilter is een filter dat met behulp van een bepaald soort planten afvalwater zuivert tot een kwaliteit die onschadelijk is voor het milieu. Helofytenfilters worden aangelegd om bijvoorbeeld vijvers of afstromend water van wegen te filteren. Ook het zuiveren van huishoudelijk afvalwater is mogelijk.",Waterschap Hunze en Aa's,gis_info@hunzeenaas.nl,,,,Waterschap Hunze en Aa's; Waterschap Hunze en Aa's,"('6.274500417904351', '52.6482562858353', '7.570597529185045', '53.47291066142737')",Geen beperkingen,otherRestrictions,,https://opendata.hunzeenaas.nl/geoserver/wfs
800e9565-3277-430c-ae4b-1faa51140e34,service,ISO 19115,WFS,2025-03-14,dut,,CBS Postcode6 statistieken 2019 WFS,CBS; Postcode; Statistiek; Bevolkingsdichtheid; Inwoners; Leeftijd; Herkomst; Woningen; WOZ; Voorziening; Inkomen; Statistische eenheden; Spreiding van de bevolking — demografie,"Het bestand CBSpostcode6 bevat statistische gegevens per volledige postcode.
In juni 2023 zijn gegevens over de jaren 2019, 2020 en 2021 aangevuld, het jaar 2022 is toegevoegd. Deze jaren bevatten nu  gegevens over demografie, wonen, energie, inkomen, sociale zekerheid, nabijheid van voorzieningen en dichtheid. Een jaar is aangevuld voor zover de gegevens van het peilmoment beschikbaar waren. De jaren 2020 en 2019 bevatten alle onderwerpen.

De cijfers voor de meeste onderwerpen zijn standgegevens per 1 januari. 
Over energiegebruik, huishoudinkomen en aantal geboorten hebben de cijfers betrekking op het gehele jaar.
Van de recentere jaren 2022 en 2021 zullen niet direct alle gegevens beschikbaar zijn, deze worden jaarlijks aangevuld. 

Hoewel alle postcodevlakken aanwezig zijn bevatten alleen die postcodevlakken gegevens over personen waarin over minimaal vijf inwoners gepubliceerd wordt en/of gegevens over woningen waarvan over minimaal vijf woningen gepubliceerd wordt. De begrenzing van de postcodevlakken is afkomstig van de ESRI postcode kaart.
Deze publicatie is van juni 2023. 

Lees voor meer informatie over de onderwerpen in de postcodepublicatie: 
https://www.cbs.nl/nl-nl/longread/diversen/2023/statistische-gegevens-per-vierkant-en-postcode-2022-2021-2020-2019

Lees voor informatie over het verkrijgen van het bestand:
https://www.cbs.nl/nl-nl/dossier/nederland-regionaal/geografische-data/gegevens-per-postcode",,beheerpdok@kadaster.nl,,,,,"('1.086', '50.5622', '8.4677', '55.8094')","Naamsvermelding verplicht, organisatienaam (https://creativecommons.org/licenses/by/4.0/deed.nl)",otherRestrictions,,https://service.pdok.nl/cbs/postcode6/2019/wfs/v1_0?request=GetCapabilities&service=WFS
ffffffbd-375b-5be8-9e1e-f644066631cb,dataset,ISO 19115,,2022-06-08,dut,28992,EHS 2009 zoekgebied robuuste verbindingen en ecologische verbindingszones (historie),ecologisch; ecologische verbinding; EHS; natuur,"De robuuste verbindingen en ecologische verbindingszones zijn essentiele onderdelen van de EHS (Ecologische Hoofdstructuur), maar traces en de invulling is nog niet overal afgerond. Om die reden staan ze gearceerd op de EHS-kaart. De spelregels gelden niet voor het gearceerde gebied, met uitzondering van de natuurgebiedjes eronder. Zij zijn onderdeel van de EHS. Als de invulling van de verbindingen is afgerond, komt dat resultaat op de EHS-kaart. De volgende gegevens zijn gebruikt voor de verbindingszones:De robuuste verbindingen en de beekdalen met natuurontwikkeling als ecologische verbindingszone (POPII, kaart 3.) en de zoekgebied EVZ (gele gebieden uit rapport Goed op Weg 2007).",Provincie Drenthe,post@drenthe.nl,,,,Team Gis/Cartografie (Provincie Drenthe),"('6.105', '52.601', '7.109', '53.213')",Geen beperkingen,copyright,,
7af8df49-0373-5bee-a742-98a03f6f6ef7,dataset,ISO 19115,,2011-01-01,dut,28992,"Inzijggebied (OGV, 2010) (historie)",omgevingsvisie,"Het hart van het Drents Plateau en de Hondsrug zijn op kaart 11 (Grondwater) van de door Provinciale Staten op 2 juni 2010 vastgestelde Omgevingsvisie als inzijggebieden aangeduid, In deze gebieden wordt oppervlaktewater vastgehouden om een zo groot mogelijke voorraad grondwater op te bouwen. Daarvoor zijn twee aspecten van belang: het peil in de beekdalen en de infiltratie van regenwater.",Provincie Drenthe,post@drenthe.nl,,,,Team Gis/Cartografie (Provincie Drenthe),"('6.105', '52.601', '7.109', '53.213')",Geen beperkingen,otherRestrictions,,
fffffff0-0f77-5165-a943-e8b037ec95f9,dataset,ISO 19115,,2008-11-04,dut,28992,"Glastuinbouw, uitbreidingsrichting (historie)",glastuinbouw,Dit bestand geeft de uitbreidingsrichting voor de glastuinbouw aan zoals in het door Provinciale Staten van Drenthe vastgestelde Provinciaal Omgevingsplan Drenthe II van 7 juli 2004.,Provincie Drenthe,post@drenthe.nl,,,,Team Gis/Cartografie (Provincie Drenthe),"('6.105', '52.601', '7.109', '53.213')",Geen beperkingen,copyright,,
825590f4-4a7c-4229-9afc-ec6fedb565e8,dataset,ISO 19115,,2024-10-30,dut,28992,"Omgevingsverordening, Diep grondwaterlichaam",grondwater; provinciale verordeningen; europese kaderrichtlijn water; drinkwater; waterkwaliteit; volksgezondheid,"Provinciale Staten van Noord-Brabant hebben de verplichting vanuit de Kaderrichtlijn Water en de Grondwaterrichtlijn om grondwater dat nu en voor de toekomst geschikt is voor de winning van drinkwater te beschermen. De onconventionele winning van koolwaterstoffen brengt risico’s met zich mee, die de kwaliteit van het grondwater voor drinkwaterwinning bedreigen. Omdat de risico’s van deze onconventionele boringen naar koolwaterstoffen onbekend en wellicht onbeheersbaar zijn, is het nodig de grondwaterlichamen die geschikt zijn voor drinkwaterwinning voor menselijke consumptie te beschermen met een verbod.",Provincie Noord-Brabant,Geo@brabant.nl,,Provincie Noord-Brabant,,,"('4.203', '51.216', '6.053', '51.832')",,intellectualPropertyRights,,
411a0a5b-1eb5-598c-b0e5-e27ff3686c47,dataset,ISO 19115,,2011-01-01,dut,28992,"Ontwikkeling Assen-Zuid (OGV, 2010) (historie)",omgevingsvisie,"Provinciale Staten  van Drenthe hebben op 2 juni 1970 de Omgevingsvisie vastgesteld. Hierin staat op de kaarten 1 en 3 de ontwikkeling van Assen-Zuid, in het kader van RSP (Regio Specifiek Pakket).",Provincie Drenthe,post@drenthe.nl,,,,Team Gis/Cartografie (Provincie Drenthe),"('6.105', '52.601', '7.109', '53.213')",Geen beperkingen,otherRestrictions,,
87992fb5-def4-4289-9a51-df44da4f818d,dataset,ISO 19115,WMS; WFS,2023-04-17,dut,,GES-contouren externe veiligheid a.g.v. gevaarlijk transport langs wegen,EXTERNE VEILIGHEID; WEGEN; MILIEUKWALITEIT; Downloadable Data,"Plaatsgebonden Risicocontouren als gevolg van gevaarlijk transport langs wegen zijn vertaald in GES (gezondheidseffectscreening) contouren en op kaarten weergegeven. Alle woningen en gevoelige bestemmingen die in de verschillende GES-contouren gelegen zijn, zijn eveneens in beeld gebracht. Doel is inzicht in knelpunten in de bestaande situatie en in het aanwezige risico bij nieuwe ontwikkelingen. Met dit inzicht kunnen keuzes onderbouwd worden.",Provincie Groningen,geoportaal@provinciegroningen.nl,,,,Datateam Beleid (Provincie Groningen),"('6.17586', '52.844529', '7.241532', '53.450689')",Geen beperkingen (https://creativecommons.org/publicdomain/mark/1.0/deed.nl),otherRestrictions,,https://geoservices.provinciegroningen.nl/server/services/Milieu/ToezichtHandhaving/MapServer/WFSServer?request=GetCapabilities
dad745ee-8400-49c5-9b30-fdf050cb8bfd,dataset,ISO 19115,WMS,2025-05-13,dut,4326,Bestrijdingsmiddelenatlas - SNO: Som Normoverschrijdingen 19115,bestrijdingsmiddelen; oppervlaktewater; normoverschrijdingen; gewasbeschermingsmiddelen; waterkwaliteit; biociden; bestrijdingsmiddel; normoverschrijding; biocide,"Op de kaart ziet u het algemene beeld van de hoeveelheid bestrijdingsmiddelen in het oppervlaktewater. De Som Normoverschrijdingen (SNO)  is een mate van normoverschrijding  van het oppervlakte water die gebaseerd is op  het aantal verschillende bestrijdingsmiddelen die de norm overschrijdt én de grootte van die overschrijding. Hoe groter de SNO (rode en paarse stippen) hoe meer en hoe groter er overschrijdingen zijn. Bij grijze stippen is geen SNO berekend (omdat er onvoldoende stoffen zijn gemeten.

De kaart is afkomstig van de Atlas Bestrijdingsmiddelen in het oppervlaktewater (www.bestrijdingsmiddelenatlas.nl).

Deze atlas  is gefinancierd door het ministerie van Infrastructuur en Waterstaat, met medewerking van UvW, RIVM, Ctgb en Rijkswaterstaat - WVL. 

De data zijn tot stand gekomen door de grote meetinspanning die onze Nederlandse waterbeheerders elk jaar weer leveren. De data zijn verzameld via IHW. De opdrachtgevers en ontwikkelaars van de website bestrijdingsmiddelenatlas zijn niet aansprakelijk voor eventuele foutieve of incomplete gegevens (over metingen, normen, landgebruik e.d.) of informatie in deze webservice",CML - Faculty of Science - Unversiteit Leiden,zelfde@cml.leidenuniv.nl,,,,Maarten van 't Zelfde (CML - Faculty of Science - Unversiteit Leiden),"('2.0008', '50.4749', '8.4215', '53.8431')",Geen beperkingen,otherRestrictions,,
cfd2e6aa-211a-4f2f-855e-69ca5cc14471,dataset,ISO 19115,,2025-07-01,eng,,Precipitation - radar 5 minute echo top height composites over the Netherlands - archive,Precipitation; Rain; Radar; Echo top; Meteorological; HVD; Dynamic; Open data,Archive of gridded files of radar echo top heights over the Netherlands and surrounding area. Based on 15 radar scans by two radars in Herwijnen and Den Helder. Time interval is 5 minutes. Data have been archived in one .tar file per day.,Koninklijk Nederlands Meteorologisch Instituut (KNMI),opendata@knmi.nl,,,,Koninklijk Nederlands Meteorologisch Instituut (KNMI); Koninklijk Nederlands Meteorologisch Instituut (KNMI); Koninklijk Nederlands Meteorologisch Instituut (KNMI),"('0.0', '48.9', '10.86', '55.97')",https://creativecommons.org/licenses/by/4.0/deed.nl,otherRestrictions,,
7a28fee0-3401-4860-903b-d19cd3798ea3,dataset,ISO 19115,,2025-07-01,eng,,Soil heat - unvalidated soil temperature and heat flux profiles at 10 minute interval at Cabauw,Temperature; Heat flux; Soil; CESAR; Cabauw; Insitu; Open data; Ruisdael; Core dataset,"Unvalidated soil temperature profile and soil heat fluxes at Cabauw on a 10-minute basis. The data is updated realtime, so the last file might not contain all data yet. For more information about how to interpret the data, please read: https://cdn.knmi.nl/knmi/pdf/bibliotheek/knmipubTR/TR384.pdf.

Please note: Due to dataset maintenance, data uploading has been halted temporarily since 01-10-2021 for an unspecified time.",Koninklijk Nederlands Meteorologisch Instituut (KNMI),opendata@knmi.nl,,,,Koninklijk Nederlands Meteorologisch Instituut (KNMI); Koninklijk Nederlands Meteorologisch Instituut (KNMI); Koninklijk Nederlands Meteorologisch Instituut (KNMI),"('4.926', '51.97', '4.926', '51.97')",https://creativecommons.org/licenses/by/4.0/deed.nl,otherRestrictions,,
8ef46665-5779-5d83-8c51-14344e35ec73,dataset,ISO 19115,,2011-01-01,dut,28992,"Robuuste verbinding landelijk netwerk (OGV, 2010) (historie)",omgevingsvisie,"Dit bestand geeft de robuuste verbinding landelijk netwerk weer zoals in de door Provinciale Staten op 2 juni 2010 vastgestelde Omgevingsvisie, kaart 1 (Visiekaart).",Provincie Drenthe,post@drenthe.nl,,,,Team Gis/Cartografie (Provincie Drenthe),"('6.105', '52.601', '7.109', '53.213')",Geen beperkingen,otherRestrictions,,
66d85ce5-e94a-48ca-ab99-6a9434aa6ca4,dataset,ISO 19115,WMS; WFS,2019-11-15,dut,,Aardkunde - Dobben,Bodem; Cultuurhistorie; Grondgebruik; HistorischeKaarten; Landschap,"Bestand met dobben in Fryslân. Dit zijn depressies (kommen) in het Pleistocene landschap, geheel of gedeeltelijk gevuld met veen en gyttja. In de dobben, die door de mens zijn uitgeveend, komen meertjes voor. De dobben kunnen deflatiekommen zijn, d.w.z uitgeblazen kommen, ontstaan binnen het dekzandlandschap. Deze kommen zijn meestal niet dieper dan 3 meter.",provincie Fryslân,provincie@fryslan.frl,,,,,"('5.923', '52.937', '6.361', '53.29')",http://creativecommons.org/publicdomain/mark/1.0/deed.nl,otherRestrictions,,https://geoportaal.fryslan.nl/arcgis/services/ProvinciaalGeoRegister/PGR2/MapServer/WFSServer?
a5b202d6-9e3f-4863-a010-1579a68c9679,dataset,ISO 19115,WMS,2025-05-13,dut,4326,Bestrijdingsmiddelenatlas -Toxische druk bestrijdingsmiddelen 19115,bestrijdingsmiddelen; oppervlaktewater; toxische druk; gewasbeschermingsmiddelen; waterkwaliteit; biociden; bestrijdingsmiddel; normoverschrijding; biocide; toxiciteit,"Op de kaart ziet u de mengsel toxische druk (voor bestrijdingsmiddelen) per meetpunt in Chemische Verontreinigingsklassen, die gerelateerd zijn aan de mate van effect van stoffen mengsels op de biodiversiteit van 'verondersteld schoon' (licht blauw) tot 'zeer hoog' (rood).  Bij grijze stippen kon geen toxische druk worden berekend (door onvoldoende gemeten stoffen of onvoldoende toxiciteitsdata)

De kaart geeft een overzicht van de toxische druk per meetpunt in heel Nederland, door zowel de chronische als acute toxische druk samen te voegen in CVK-klassen. De Chemische Verontreiniging Klassen (CVK) zijn een samenvattende classificering van zowel de chronische als acute toxische effecten van bestrijdingsmiddelen, en vertegenwoordigen een maatlat voor de te verwachten effecten van chemische verontreinigingen voor de biodiversiteit.

Hiervoor worden  de berekende toxische druk van mengsels gebruikt, uitgedrukt als de msPAF (meer-stoffen Potentieel Aangetaste Fractie van sorten), een maatstaf die de gecombineerde toxische druk van meerdere bestrijdingsmiddelen op het aquatisch leven weergeeft. De CVK-klassen zijn gecalibreerd op de ecologische toestand (een begrip voor de mate van intactheid van de lokale levensgemeenschap van aquatische soorten). Verschillen in mengsel toxische druk (via de kleuren van de klassen) duiden op verschillen in de mate van effect op de ecologische toestand.

Uitgebreide informatie is te vinden op https://www.bestrijdingsmiddelenatlas.nl/toelichtingen/toxischedruk

De kaart is afkomstig van de Atlas Bestrijdingsmiddelen in het oppervlaktewater (www.bestrijdingsmiddelenatlas.nl).

Deze atlas  is gefinancierd door het ministerie van Infrastructuur en Waterstaat, met medewerking van UvW, RIVM, Ctgb en Rijkswaterstaat - WVL. 

De data zijn tot stand gekomen door de grote meetinspanning die onze Nederlandse waterbeheerders elk jaar weer leveren. De data zijn verzameld via IHW. De opdrachtgevers en ontwikkelaars van de website bestrijdingsmiddelenatlas zijn niet aansprakelijk voor eventuele foutieve of incomplete gegevens (over metingen, normen, landgebruik e.d.) of informatie in deze webservice",CML - Faculty of Science - Unversiteit Leiden,zelfde@cml.leidenuniv.nl,,,,Maarten van 't Zelfde (CML - Faculty of Science - Unversiteit Leiden),"('2.0008', '50.4749', '8.4215', '53.8431')",http://creativecommons.org/licenses/by-nc-nd/3.0/nl,otherRestrictions,,
3296af93-cc8c-4a24-9356-1f68a57db712,dataset,ISO 19115,WMS; WFS,2025-04-14,dut,4258,EEZ volgens UNCLOS - Noordzee,Exclusieve Economische Zone; basisset NOVEX,Exclusieve Economische Zone van Nederland,"Ministerie van Defensie, Koninklijke Marine, Dienst der Hydrografie",niet beschikbaar,,,,"Ministerie van Defensie, Koninklijke Marine, Dienst der Hydrografie; Ministerie van Defensie, Koninklijke Marine, Dienst der Hydrografie","('-49.4291', '36.0104', '44.4503', '68.4012')",Geen beperkingen (http://creativecommons.org/publicdomain/mark/1.0/deed.nl),otherRestrictions,,https://inspire1.bathy.online/geoserver/eez/ows?service=WFS&version=2.0.0&request=GetCapabilities
a02c6566-e0ad-4fc1-b217-67cc1099dea2,service,ISO 19115,WMS,2025-03-12,dut,,Emissies naar het riool in 2011 vanuit de industrie (WMS),Faciliteiten voor productie en industrie,"Deze webservice toont bevat de emissies en afvalstromen vanuit de belangrijkste industriële faciliteiten in Nederland zoals deze met het elektronisch Milieujaarverslag worden verzameld in het kader van de Europese E-PRTR verplichting door RIVM aan de Europese Unie worden gerapporteerd. Het bevoegd gezag (provincie, gemeente, waterschap, omgevingsdienst etc.) van het bedrijf heeft vooraf de emissies en afvalstromen  gevalideerd.
Deze dataset betreft de emissies naar het riool, hierbij gaat het om jaarvrachten.",,emissieregistratie@rivm.nl,,,,Emissieregistratie; Emissieregistratie,"('3.37', '50.75', '7.21', '53.47')",Geen beperkingen (http://creativecommons.org/publicdomain/zero/1.0/deed.nl),otherRestrictions,,
2f168151-9fa1-4d33-8eb8-bba5471da32d,service,ISO 19115,WMS,2025-03-14,dut,,CBS Postcode6 statistieken 2022 WMS,Demografie; Postcode; Pc6; Statistiek; Bevolking; Inwoners; Leeftijd; Herkomst; Woningen; Inkomen; Sociale_zekerheid; Woz; Woningeigendom; Huur; Voorziening; Nabijheid; Spreiding_van_de_bevolking,"Het bestand CBSpostcode6 bevat statistische gegevens per volledige postcode.
Met ingang van augustus 2024 zijn gegevens over het jaar 2023 toegevoegd en zijn het aantal gegevens van de jaren 2022 en 2021 uitgebreid met gegevens over demografie, woningen, energie, inkomen, sociale zekerheid, nabijheid van voorzieningen en dichtheid

Hoewel alle postcodevlakken aanwezig zijn bevatten alleen die postcodevlakken gegevens over personen waarin over minimaal vijf inwoners gepubliceerd wordt en/of gegevens over woningen waarvan over minimaal vijf woningen gepubliceerd wordt. De begrenzing van de postcodevlakken is afkomstig van de ESRI postcode kaart.
Deze publicatie is van augustus 2024.

Lees voor meer informatie over de onderwerpen in de postcodepublicatie:
https://www.cbs.nl/nl-nl/longread/diversen/2024/statistische-gegevens-per-vierkant-en-postcode-2021-2022-2023

Lees voor informatie over het verkrijgen van het bestand:
https://www.cbs.nl/nl-nl/dossier/nederland-regionaal/geografische-data/gegevens-per-postcode",,beheerpdok@kadaster.nl,,,,,"('-0.1124', '50.3808', '9.3353', '55.9755')","Naamsvermelding verplicht, organisatienaam (https://creativecommons.org/licenses/by/4.0/deed.nl)",otherRestrictions,,
50E70BB3C1380313E053D2041EAC669F,dataset,ISO 19115,,2017-05-03,dut,28992,"Voortgangsrapportage Natuur, inrichtingskaart 2015 (historie)",locaties,"Voortgangsrapportage Natuur 2015 geeft inzicht in de voortgang van verwerving, inrichting en beheer van het Natuurnetwerk op de peildatum 1-1-2015. Daarnaast is het op 1-1-2015 actuele bestand het Natuurnetwerk opgenomen.",Provincie Drenthe,post@drenthe.nl,,,,Team Gis/Cartografie (Provincie Drenthe),"('6.105', '52.601', '7.109', '53.213')",Geen beperkingen,otherRestrictions,,
e0366931-aa66-4ffe-a7e9-2b0dac716547,dataset,ISO 19115,WMS; WFS,2012-10-31,dut,28992,Geluidskaart 2011 - provinciale wegen,INFRASTRUCTUUR; PROVINCIALE WEGEN; VERKEER EN VERVOER,"De provincie Fryslân heeft geluidskaarten laten opstellen. Met behulp van geavanceerde rekenmodellen is de geluidsbelasting inzichtelijk gemaakt voor woningen, gebouwen met een onderwijs of gezondheidsfunctie en stiltegebieden. Cijfermatig is een onderscheid gemaakt tussen de wegen die verplicht moeten worden onderzocht (provinciale wegen met 3 miljoen of meer voertuigpassages) en alle provinciale wegen. Het onderhavige bestand bevat de bij het maken van de geluidskaart gebruikte provinciale wegen.",provincie Fryslân,provincie@fryslan.frl,,,,,"('5.431', '52.803', '6.381', '53.418')",http://creativecommons.org/publicdomain/mark/1.0/deed.nl,otherRestrictions,,https://geoportaal.fryslan.nl/arcgis/services/ProvinciaalGeoRegister/PGR2/MapServer/WFSServer?
ed956ce3-add6-486c-92f7-0064d59423c7,service,ISO 19115,WFS,2025-03-14,dut,,CBS Postcode6 statistieken 2020 WFS,CBS; Postcode; Statistiek; Bevolkingsdichtheid; Inwoners; Leeftijd; Herkomst; Woningen; WOZ; Voorziening; Inkomen; Statistische eenheden; Spreiding van de bevolking — demografie,"Het bestand CBSpostcode6 bevat statistische gegevens per volledige postcode.
In juni 2023 zijn gegevens over de jaren 2019, 2020 en 2021 aangevuld, het jaar 2022 is toegevoegd. Deze jaren bevatten nu  gegevens over demografie, wonen, energie, inkomen, sociale zekerheid, nabijheid van voorzieningen en dichtheid. Een jaar is aangevuld voor zover de gegevens van het peilmoment beschikbaar waren. De jaren 2020 en 2019 bevatten alle onderwerpen.

De cijfers voor de meeste onderwerpen zijn standgegevens per 1 januari. 
Over energiegebruik, huishoudinkomen en aantal geboorten hebben de cijfers betrekking op het gehele jaar.
Van de recentere jaren 2022 en 2021 zullen niet direct alle gegevens beschikbaar zijn, deze worden jaarlijks aangevuld. 

Hoewel alle postcodevlakken aanwezig zijn bevatten alleen die postcodevlakken gegevens over personen waarin over minimaal vijf inwoners gepubliceerd wordt en/of gegevens over woningen waarvan over minimaal vijf woningen gepubliceerd wordt. De begrenzing van de postcodevlakken is afkomstig van de ESRI postcode kaart.
Deze publicatie is van juni 2023. 

Lees voor meer informatie over de onderwerpen in de postcodepublicatie: 
https://www.cbs.nl/nl-nl/longread/diversen/2023/statistische-gegevens-per-vierkant-en-postcode-2022-2021-2020-2019

Lees voor informatie over het verkrijgen van het bestand:
https://www.cbs.nl/nl-nl/dossier/nederland-regionaal/geografische-data/gegevens-per-postcode",,beheerpdok@kadaster.nl,,,,,"('1.086', '50.5622', '8.4677', '55.8094')","Naamsvermelding verplicht, organisatienaam (https://creativecommons.org/licenses/by/4.0/deed.nl)",otherRestrictions,,https://service.pdok.nl/cbs/postcode6/2020/wfs/v1_0?request=GetCapabilities&service=WFS
9c8ca958-66c4-4cfc-90b8-73011fa732c8,dataset,ISO 19115,WMS,2023-02-17,dut,28992,Bomen Ridderkerk,Boom; Bomen; Beheer; Gemeente; Ridderkerk,Deze dataset bevat de bomen die in beheer zijn bij de gemeente Ridderkerk. De dataset wordt dagelijks ververst.,BAR-Organisatie,open-data@bar-organisatie.nl,,,,BAR-Organisatie; BAR-organisatie,"('4.55533304068677', '51.84639176797262', '4.656179366330508', '51.89320607179252')",Geen beperkingen,otherRestrictions,,
a007f13e-fc5c-5ca7-ba09-4a054468afa4,dataset,ISO 19115,WMS; WFS,2022-06-01,dut,28992,Ontwikkelkansen diepe ondergrond,aquifer; bodem; geothermie; ondergrond; ontwikkelkansen; structuurvisie ondergrond; toekomstig gebruik; voorkeur,"Kaartlaag geeft aan waar kansen liggen voor toepassingen van geothermie, injectie formatiewater, persluchtopslag, C02 opslag, biogasbuffering etc.. Is onderdeel van kaart: ""voorkeurskaart toekomstig gebruik Drentse (diepe) ondergrond""uit de structuurvisie ondergrond.",Provincie Drenthe,post@drenthe.nl,,,,Team Gis/Cartografie (Provincie Drenthe),"('6.105', '52.601', '7.109', '53.213')",Geen beperkingen,copyright,,https://kaartportaal.drenthe.nl/server/services/GDB_actueel/GBI_MILIEU_BODEM_ONTWKANSEN_V/MapServer/WFSServer
d4d22bc2-56c0-4783-88f5-f58cb02d831f,dataset,ISO 19115,WMS,2023-02-17,dut,28992,Lichtmasten Ridderkerk,Lichtmasten; Ridderkerk; Gemeente,In deze dataset zijn de lichtmasten ontsloten die in beheer zijn bij de gemeente Ridderkerk. De dataset wordt dagelijks ververst.,,open-data@bar-organisatie.nl,,,,,"('4.5686', '51.8537', '4.6433', '51.897')",http://creativecommons.org/publicdomain/zero/1.0/deed.nl,otherRestrictions,,
a25e0e1b-f8d3-4afb-a160-7f8beaf4137e,dataset,ISO 19115,WMS; WFS,2024-02-14,dut,,Akkerbouw normering wateroverlast (Omgevingsverordening),WATERKERINGEN; WATEROVERLAST; PROVINCIALE VERORDENINGEN; WATERAFVOER; WATERBERGING; OMGEVINGSWET; AKKERBOUW; Downloadable Data,"Dit bestand bevat de afbakening van de akkerbouw voor de normering wateroverlast, zoals vastgesteld in de Omgevingsverordening provincie Groningen. De bergings- en afvoercapaciteit van de regionaal watersystemen moeten zijn ingericht om een omgevingswaarde van 1:25 te bieden. Dit betekent dat het gebouwde gebied niet vaker dan 1 keer in de 25 jaar mag overstromen vanuit het watersysteem. De Waterschappen moeten waar nodig maatregelen nemen om deze norm te halen.",Provincie Groningen,geoportaal@provinciegroningen.nl,,,,Datateam Beleid (Provincie Groningen),"('6.170841', '52.836422', '7.239029', '53.4702')",Geen beperkingen (https://creativecommons.org/publicdomain/mark/1.0/deed.nl),otherRestrictions,,https://geoservices.provinciegroningen.nl/server/services/Beleidsplannen/Omgevingsverordening/MapServer/WFSServer?request=GetCapabilities
1fa2c263-cf31-4cd9-bd74-a6a005350f3e,dataset,ISO 19115,,2019-03-19,dut,,Copernicus Change layer indicating if the percentage of sealing increase or decrease for the period 2006 – 2012,Bodemgebruik; Landgebruik,"Copernicus Land monitoring services – Gedetailleerde bodembedekkings kenmerken voor het referentiejaar 2006  (hoge resolutie): deel 1 – Ondoorlatendheid en veranderingen in ondoorlatendheid voor de EEA39. Herberekening van ondoorlatendheid en veranderingen in ondoorlatendheid producten voor de jaren 2006, 2009 en 2012. Ruimtelijke resolutie 20*20m .

«Data was produced with funding by the European Union. Copyright Copernicus Programme»
DISCLAIMER: Wageningen Environmental Research has undertaken to distribute the data on behalf of EEA under Specific Contract No 3436/R0-Copernicus/EEA.56950 implementing Framework service contract No EEA/IDM/R0/16/009/Netherlands. Wageningen Environmental Research accepts no responsibility or liability whatsoever with regard to the content and use of these data. 
The European Environment Agency accepts no responsibility or liability whatsoever with regard to the information on this site and the information does not necessarily reflect the official opinion of the EEA or other European Communities bodies and institutions.",Wageningen Environmental Research,gerard.hazeu@wur.nl,,,,Wageningen Environmental Research; Wageningen Environmental Research,"('3.2', '50.75', '7.22', '53.7')",,copyright,,
84688dae-066b-11f0-8036-8ea7dc4bfc2a,dataset,ISO 19115,,2025-07-01,eng,,Meteorological data from RACMOv2.3 used to calculate discharges from the Meuse River in the EMFloodresilience project,Climate; EMFloodresilience; Precipitation; Temperature; Makkink; Evaporation; Discharge; Meuse; RACMO,"For the KNMI'23 climate scenarios, 16 members were generated with RACMO (Regional Atmospheric Climate Model) v2.3 data for the historical period 1950-2014. The daily and hourly RACMO fields of temperature, precipitation and (Makkink) potential evapotranspiration of these 1040 years (16 ensembles of 65 years each) were used in the EMFloodresilience project by Deltares to calculate discharges from the Meuse River.",Koninklijk Nederlands Meteorologisch Instituut (KNMI),opendata@knmi.nl,,,,Koninklijk Nederlands Meteorologisch Instituut (KNMI); Koninklijk Nederlands Meteorologisch Instituut (KNMI); Koninklijk Nederlands Meteorologisch Instituut (KNMI),"('15.0033', '43.7609', '2.39948', '55.05')",https://creativecommons.org/licenses/by/4.0/deed.nl,otherRestrictions,,
8498D10B89F71D43E053D2041EACBDD8,dataset,ISO 19115,WMS; WFS,2022-06-01,dut,28992,Omgevingsvisie 2018 - Harde grens stad en land,locaties,"Door Provinciale Staten van Drenthe op 3 oktober 2018 vastgestelde versie van Harde grens stad en land. Op de kaart zijn bij de stadsranden van Assen, Hoogeveen en Meppel harde grenzen tussen stad en land gemarkeerd. Daar grenzen de steden aan landschappelijke en cultuurhistorische waarden. De Drentsche Aa (Assen), het Oude Diep (Hoogeveen) en de Reest (Meppel) zijn iconisch voor de ruimtelijke kwaliteit van Drenthe. Deze waarden willen we behouden en versterken. Uitbreiding van de aangrenzende steden achten wij hier onwenselijk. Kaart kernkwaliteit landschap",Provincie Drenthe,post@drenthe.nl,,,,Team Gis/Cartografie (Provincie Drenthe),"('6.105', '52.601', '7.109', '53.213')",Geen beperkingen,otherRestrictions,,https://kaartportaal.drenthe.nl/server/services/GDB_actueel/GBI_AOV18_K2B_GRENS_STAD_LAND_L/MapServer/WFSServer
fbf79e5e-8a76-4b28-9996-bdf9a114f244,service,ISO 19115,WFS,2025-03-10,dut,4258,Kadastrale Percelen (INSPIRE geharmoniseerd) WFS,Kadastrale percelen; Cadastral parcels,"Overzicht van de ligging van de kadastrale percelen in Nederland. Fungeert als schakel tussen terrein en registratie, vervult voor externe gebruiker vaak een referentiefunctie, een ondergrond ten opzichte waarvan de gebruiker eigen informatie kan vastleggen en presenteren.",,beheerpdok@kadaster.nl,,,,,"('1.4409', '50.3674', '8.925', '53.945')","Naamsvermelding verplicht, organisatienaam (https://creativecommons.org/licenses/by/4.0/deed.nl)",otherRestrictions,,https://service.pdok.nl/kadaster/cp/wfs/v1_0?request=GetCapabilities&service=WFS
238a650a-793c-5400-9022-6731a12a1d12,dataset,ISO 19115,,2008-11-04,dut,28992,"Goederenoverslag, ontwikkeling (historie)",goederenoverslag,"Dit bestand geeft de te ontwikkelen goederenoverslag weer, zoals in het door Provinciale Staten van Drenthe vastgestelde Provinciaal Omgevingsplan Drenthe POPII, kaart 4.",Provincie Drenthe,post@drenthe.nl,,,,Team Gis/Cartografie (Provincie Drenthe),"('6.105', '52.601', '7.109', '53.213')",Geen beperkingen,copyright,,
d197349f-bd1a-4619-9f43-aa4b769ef180,dataset,ISO 19115,WMS; WFS,2021-10-11,dut,28992,Mengsel toxische druk oppervlaktewater - overige organische stoffen,ecologie; waterkwaliteit; biologisch,"Deze kaart geeft een beeld over de toxische druk van het mengsel aan overige organische stoffen in Nederlands oppervlaktewater. Toxische druk is belangrijk omdat chemische verontreiniging de aquatische levensgemeenschappen beïnvloedt, en tevens een signaal is dat er maatregelen moeten worden genomen om het water geschikt te maken voor allerlei maatschappelijke doelen (drinkwater, irrigatie, etc.). Alle punten waar in de periode 2013-2018 watermonsters genomen zijn voor het meten van stoffen zijn weergegeven. De toxische druk wordt weergegeven in vijf klassen van toenemende toxische druk. Toenemende toxische druk betekent dat de aquatische levensgemeenschap in toenemende mate belemmerd wordt, waardoor steeds meer soorten verdwijnen.",Atlas Natuurlijk Kapitaal,atlasnatuurlijkkapitaal@rivm.nl,,,,,"('3.37087', '50.7539', '7.21097', '53.4658')",Geen beperkingen (http://creativecommons.org/publicdomain/mark/1.0/deed.nl),otherRestrictions,,https://data.rivm.nl/geo/ank/wfs?request=GetCapabilities
6d2fce74-fb25-4322-ab25-1be8a3bc7fd0,service,ISO 19115,WCS,2025-04-14,dut,4258,Bathymetrie Nederlands deel van de Noordzee dieper dan 10 m LAT -Downloadservice,infoMapAccessService,Lodinggegevens van de Hydrografische Opnemingsvaartuigen worden digitaal opgeslagen in de database van de Hydrografische Dienst. Deze database geeft een actueel beeld van de waterdiepten binnen het Nederlandse Continentaal Plat dieper dan 10 m LAT. LAT is ‘Lowest Astronomical Tide’.,"Ministerie van Defensie, Koninklijke Marine, Dienst der Hydrografie",niet beschikbaar,,,,"Ministerie van Defensie, Koninklijke Marine, Dienst der Hydrografie","('-6.1974', '48.9871', '11.3447', '56.9741')",Geen beperkingen (http://creativecommons.org/publicdomain/mark/1.0/deed.nl),otherRestrictions,https://inspire.bathy.online/geoserver/bathy/wcs?request=GetCapabilities&service=WCS&version=2.0.1,
af234549-4e01-5500-a7c6-62ba66ae230b,dataset,ISO 19115,,2008-11-11,dut,28992,"Knooppunt, bestaand of ontwikkeling (historie)",knooppunt; personenvervoer; wegen,"In het door Provinciale Staten van Drenthe op 7 juli 2004 vastgestelde Provinciaal Omgevingsplan Drenthe II staan op kaart 2 en kaart 4 de bestaande knooppunten personenvervoer, te ontwikkelen knooppunten personenvervoer en aan te passen aansluitingen van hoofdwegen.",Provincie Drenthe,post@drenthe.nl,,,,Team Gis/Cartografie (Provincie Drenthe),"('6.105', '52.601', '7.109', '53.213')",Geen beperkingen,copyright,,
EA5AA959FCB8743DE05384051EAC1766,GIS dataset,ISO 19115,,2023-12-20,dut,28992,EAZ windmolens 2022 (historie),locaties,"Ligging van EAZ molens in Drenthe. De windmolen van E.A.Z. Wind is 15 meter hoog (ashoogte) en levert stroom voor 10 huishoudens of voor een boerderij met 80 koeien. 
De EAZ molens worden ook meegenomen bij de RES opgave en derhalve wordt het aantal en de ligging bijgehouden.",Provincie Drenthe,post@drenthe.nl,,,,Team GIS/Cartografie (Provincie Drenthe),"('6.105', '52.601', '7.109', '53.213')",Geen beperkingen,otherRestrictions,,
350c4a4b-9aec-4ab5-a269-de48ae6ad401,dataset,ISO 19115,WFS,2019-11-25,dut,28992,INSPIRE Human Health - Geluidcontouren provinciale wegen (etmaal),GELUIDHINDER; VERKEERSLAWAAI; PROVINCIALE WEGEN,"Deze data is gestandaardiseerd voor de provinciale aanlevering INSPIRE. De provincie Fryslân heeft geluidskaarten laten opstellen. Met behulp van geavanceerde rekenmodellen is de geluidsbelasting inzichtelijk gemaakt voor woningen, gebouwen met een onderwijs of gezondheidsfunctie en stiltegebieden. Cijfermatig is een onderscheid gemaakt tussen de wegen die verplicht moeten worden onderzocht (provinciale wegen met 3 miljoen of meer voertuigpassages) en alle provinciale wegen. Het onderhavige bestand betreft de geluidscontouren-etmaal.",provincie Fryslân,provincie@fryslan.frl,,,,,"('5.422', '52.798', '6.39', '53.423')",http://creativecommons.org/publicdomain/mark/1.0/deed.nl,otherRestrictions,,https://geoportaal.fryslan.nl/arcgis/services/ProvinciaalGeoRegister/Inspire/MapServer/WFSServer?
FEB44D94AC393D26E0441CC1DE40A734,dataset,ISO 19115,,2014-07-21,dut,28992,Geopark De Hondsrug (Omgevingsvisie 2014) (historie),aardkundige waarden; cultuurhistorische waarden; omgevingsvisie; recreatieve voorzieningen; toerisme,"Door Provinciale Staten van Drenthe op 2 juli 2014 vastgestelde versie van Geopark De Hondsrug. De Hondsrug is onder auspicien van UNESCO aangewezen als eerste European Geopark van Nederland. Deze status biedt kansen voor het behouden en ontwikkelen van de aardkundige en cultuurhistorische waarden, voor toeristisch-recreatieve voorzieningen en voor netwerkvorming. Het project is een voorbeeld van een regionaal beeldverhaal.Komt voor in kaart 4: Robuust sociaal-economisch systeem.",Provincie Drenthe,post@drenthe.nl,,,,Team Gis/Cartografie (Provincie Drenthe),"('6.105', '52.601', '7.109', '53.213')",Geen beperkingen,otherRestrictions,,
2b8a967c-a37a-4da6-b5ea-733fe9747ab7,dataset,ISO 19115,WMS,2022-05-25,dut,28992,Aantal levensmiddelenwinkels binnen 1 km,leefomgeving; winkel,"Op de kaart ziet u hoeveel levensmiddelenwinkels (supermarkten, bakkers, slagers, groenteboeren etc.) er gemiddeld op loopafstand (1 km) van een woonhuis zitten. De gemiddelden zijn per buurt uitgerekend. Hoe donkerder de kleur, hoe meer winkels er zijn.",Atlas Leefomgeving,atlasleefomgeving@rivm.nl,,,,,"('3.37087', '50.7539', '7.21097', '53.4658')",geen beperkingen,otherRestrictions,,
220b6a60-d274-5ee0-a8d2-f5d8db0db3df,GIS dataset,ISO 19115,WMS; WFS,2024-02-09,dut,28992,Provinciale Omgevingsverordening 2023 - Provinciale weg 400m,locaties; omgevingsverordening; provincie; provinciewegen; wegen,"Op de kaart van Drenthe staan de provinciale wegen vermeld. Een ruimtelijk plan maakt binnen een zone van 400 meter aan weerszijden van een op de bij deze verordening behorende kaart aangegeven provinciale weg geen handelingen, activiteiten of bestemmingen mogelijk die strijdig zijn met het meest doelmatige en efficiente huidige of toekomstige gebruik van deze wegen.",Provincie Drenthe,post@drenthe.nl,,,,Team Gis/Cartografie (Provincie Drenthe),"('6.105', '52.601', '7.109', '53.213')",Geen beperkingen,otherRestrictions,,https://kaartportaal.drenthe.nl/server/services/GDB_actueel/GBI_POV2023_PROVWEGEN_400M_V/MapServer/WFSServer?SERVICE=WFS&REQUEST=GetCapabilities
bc979db5-552c-4fb2-89d4-63782607af6e,dataset,ISO 19115,WMS; WFS,2019-01-29,dut,28992,Rijke dijk (Structuurvisie Eemsmond-Delfzijl),DIJKEN; ECOLOGIE; LEEFGEBIEDEN; FLORA EN FAUNA; STRUCTUURPLANNEN,"Dit bestand bevat de ""rijke dijk"", zoals vastgesteld in de Structuurvisie Eemsmond-Delfzijl.
Rijke Dijk is een samenwerkingsproject van Deltares, Rijkswaterstaat (o.a. WINN), TU Delft en Havenbedrijf Rotterdam en komt voort uit het landelijke Deltaprogramma.
Het project Rijke Dijk draagt bij aan het verbeteren van de ecologie in het Eems-Dollard estuarium. De Rijke Dijk zet in op de realisatie van een palenbos ter stimulering van de groei van een mosselbank, het verleggen van strekdammen ten behoeve van hoogwatervluchtplaatsen voor vogels en de aanleg van getijdepoelen aan de voet van de dijk. Het project heeft als doel om de ecologische waarde van de dijk tussen de Eemshaven en Delfzijl te verbeteren door aanvullend leefgebied te creëren voor diverse dieren- en plantensoorten.",Provincie Groningen,geoportaal@provinciegroningen.nl,,,,Afdeling INFO (Provincie Groningen),"('6.871', '53.335', '6.937', '53.424')",geen beperkingen,otherRestrictions,,https://geoservices.provinciegroningen.nl/server/services/Beleidsplannen/StructuurvisieEemsmondDelfzijl/MapServer/WFSServer
010fa98e-d617-474f-80a8-54ebe3bbaf6b,dataset,ISO 19115,WMS; WFS,2024-12-05,dut,28992,Asbest,flevoland; bodem; bodembescherming; bedrijfsinterne milieuzorg,De Provincie Flevoland heeft in verband met mogelijke bodemverontreiniging in 2004 archiefonderzoek laten verrichten naar de mogelijke aanwezigheid van asbest in gebouwen en/of in de bodem. Dit onderzoek is uitgevoerd in samenwerking met de Flevolandse gemeenten. Het heeft geleid tot een asbestverdenkingenkaart.,Provincie Flevoland,info@flevoland.nl,,,,Provincie Flevoland; Provincie Flevoland,"('4.62', '52.04', '6.29', '53.16')",Geen beperkingen (http://creativecommons.org/publicdomain/zero/1.0/deed.nl),otherRestrictions,,https://geo2.flevoland.nl/geoserver/Extern/wfs?SERVICE=WFS&REQUEST=GetCapabilities&version=1.3.0
d01a6b06-600d-5c4f-a91b-add495742bb7,dataset,ISO 19115,,2001-08-17,dut,28992,Grondwateronttrekking 1997 (historie),grondwater; grondwaterput; water; waterwinning,Lokaties van de grondwateronttrekkingen in 1997. De lokaties zijn ontleent aan het openbaar register grondwateronttrekkingen. Momenteel alleen de vergunninghouders beschikbaar en nog niet de kleinere veelal landbouwkundige onttrekkingslokaties.,Provincie Drenthe,post@drenthe.nl,,,,Team Gis/Cartografie (Provincie Drenthe),"('6.105', '52.601', '7.109', '53.213')",Geen beperkingen,copyright,,
07c7cff8-3a03-4141-a72d-7ec4694e563f,dataset,ISO 19115,,2025-04-24,dut,28992,NECCST dataset,chlamydia; onvruchtbaarheid; PID; zwangerschap; chlamydia screening implementatie,"Data is niet algemeen beschikbaar.
CC-BY 4.0 licentie betreft de metadata niet de dataset

De NECCST dataset omvat gegevens van 5700 vrouwen in Nederland die ooit hebben meegedaan aan de chlamydia screening implementatie tussen 2008 en 2011 en toen hebben aangegeven benaderd te kunnen worden voor vervolgonderzoek naar seksueel overdraagbare aandoeningen. Dat is in 2015 gebeurd in het kader van de Nederlandse chlamydia cohort studie (NECCST). Door middel van een informed consent kregen vrouwen toegang tot een online vragenlijst met vragen over demografie, chlamydia historie, zwangerschappen, lange termijn complicaties van chlamydia zoals chronische buikpijn, buitenbaarmoederlijke zwangerschappen, infertiliteit, anticonceptie en seksueel risico gedrag. De vragen opnieuw gesteld in 2017 en 2019.

The NECCST dataset contains information of 5700 females in the Netherlands who participated in the Chlamydia Screening Implementation project between 2008 and 2011. All women that agreed to be asked for follow-up research were invited to participate in the Netherlands Chlamydia Cohort Study in 2015. After informed consent women answered questions in an online survey on demographics, history of chlamydia, pregnancies, long term complications of chlamydia like pelvic inflammatory disease (PID), ectopic pregnancies, tubal factor infertility, anticonception and sexual risk behavior. Other questionnaire rounds took place in 2017 and 2019.",RIVM/I&V/EPI,EPI-datamanagement@rivm.nl,https://doi.org/10.35086/07c7cff8-3a03-4141-a72d-7ec4694e563f,,,RIVM/I&V/EPI; RIVM/I&V/EPI,"('3.37', '50.75', '7.21', '53.47')","Naamsvermelding verplicht, organisatienaam (http://creativecommons.org/licenses/by/4.0/deed.nl)",otherRestrictions,,
ffffff85-7b36-559e-a0ff-f6d72725e97b,GIS dataset,ISO 19115,WMS; WFS,2024-02-09,dut,28992,Provinciale Omgevingsverordening 2023 - Wegpanorama,omgevingsverordening; wegen; zone,De essentie van het begrip wegpanoramas zit voor ons in het beleefbaar houden van de afwisseling tussen bebouwd en onbebouwd gebied en bij ontwikkelingen aandacht te vragen voor het ruimtelijke ontwerp met gebiedskenmerken en ruimtelijke kwaliteit. Voor de eenduidigheid maken wij geen onderscheid tussen snelweg- en wegpanoramas en hanteren wij enkel het begrip wegpanorama. Zie het omgevingsvisiedocument voor de volledige beleidstekst.,Provincie Drenthe,post@drenthe.nl,,,,Team Gis/Cartografie (Provincie Drenthe),"('6.105', '52.601', '7.109', '53.213')",Geen beperkingen,otherRestrictions,,https://kaartportaal.drenthe.nl/server/services/GDB_actueel/GBI_POV2023_WEGPANORAMA_2KM_V/MapServer/WFSServer?SERVICE=WFS&REQUEST=GetCapabilities
ffffffec-b786-526a-95fe-649f0198e7e5,dataset,ISO 19115,,1998-08-27,dut,28992,Grondwaterput 1998 (alle filters) (historie),grondwater; grondwaterput; water; waterwinning,Lokaties van alle grondwaterfilters. De lokaties zijn ontleend aan het openbaar register grondwateronttrekkingen.,Provincie Drenthe,post@drenthe.nl,,,,Team Gis/Cartografie (Provincie Drenthe),"('6.105', '52.601', '7.109', '53.213')",Geen beperkingen,copyright,,
ffffffec-1e41-5d93-9f26-cf06507ddf86,GIS dataset,ISO 19115,,2023-12-20,dut,28992,Zonneparken - status februari 2023 (historie),locaties; zon; zonnepanelen,"Geeft de locaties van de zonneparken weer als vlak. Het gaat om zonneparken die gerealiseerd, vergund, dan wel een lopende vergunningaanvraag hebben. Statusinformatie is bepaald in februari 2023.",Provincie Drenthe,post@drenthe.nl,,,,Team GIS/Cartografie (Provincie Drenthe),"('6.105', '52.601', '7.109', '53.213')",Geen beperkingen,otherRestrictions,,
a0dc7263-0c64-4974-998c-48699578ebbe,dataset,ISO 19115,WMS,2023-09-05,dut,28992,"Fijnstof 2021 (PM2,5)","basisset NOVEX; PM2,5; luchtkwaliteit; model; gezondheid","Deze kaart toont de gemodelleerde concentratie fijn stof (µg PM2,5/m³) voor 2021 op basis van rekenpunten uit de monitoringstool van het nsl. Deze vlakdekkende kaart van Nederland heeft een resolutie van 25 meter.",Atlas Leefomgeving,atlasleefomgeving@rivm.nl,,,,,"('3.37087', '50.7539', '7.21097', '53.4658')",geen beperkingen,otherRestrictions,,
7e8c30b6-1c13-4cf7-9552-6fde3b94c401,service,ISO 19115,WMTS,2024-06-18,dut,,Luchtfoto Landelijke Voorziening Beeldmateriaal (2013) WMTS,Landelijke voorziening beeldmateriaal; LVB; Beeldmateriaal; Orthofotomozaiek; Orthofoto; Ortho; Luchtfoto; Mozaiek; Hoge resolutie; HR; Luchtbeelden; Lage resolutie; Infrarood,"De orthofotomozaieken zijn een samenstelling van afzonderlijke orthofoto's, in principe van de centrale gedeelten van iedere orthofoto. Daardoor is de omvalling in de mozaieken zo klein mogelijk gehouden. De orthomozaieken zijn landsdekkend.
Binnen de service worden 3 lagen per jaargang aangeboden,
- Hoge resolutie orthofoto onder de naam Ortho10
- Lage resolutie orthofoto (RGB) onder de naam Ortho25
- Lage resolutie orthofoto (CIR) onder de naam Ortho25IR",,beheerpdok@kadaster.nl,,,,,"('2.0403', '50.5273', '8.3607', '53.7935')",Geen beperkingen (https://creativecommons.org/publicdomain/mark/1.0/deed.nl),otherRestrictions,,
2622bf7c-546d-4746-92c6-7716174369d5,service,ISO 19115,,2021-03-19,dut,28992,Verkiezingsuitslagen Tweede Kamer verkiezingen 2021,Verkiezingsuitslagen,Verkiezingsuitslagen Tweede Kamer verkiezingen 2021,,,,,,,"(None, None, None, None)",,otherRestrictions,,
e3157466-7484-4d9a-88fa-a2275e397729,dataset,ISO 19115,WMS; WFS,2011-03-29,dut,,Luchtkwaliteit Provinciale Wegen (prognose 2020),Luchtkwaliteit; Luchtverontreiniging,"Prognose van de luchtkwaliteit in 2020 in de provincie Fryslân langs de 6 belangrijkste provinciale wegen. Gemeten zijn: NO2 (stikstofdioxide), PM10 (fijn stof), C6H6 (benzeen), SO2 (zwaveldioxide), CO (koolmonoxide), benzo(a)pyreen. Geconcludeerd kan worden dan ook in de toekomstige situatie de concentraties duidelijk onder de gestelde normen blijven voor het jaargemiddelde. Tevens blijkt dat het aantal dagen waarbij het 24-uursgemiddelde wordt overschreden ver beneden de toegestane 35 dagen ligt.",provincie Fryslân,provincie@fryslan.frl,,,,,"('4.813', '52.754', '6.460', '53.550')",http://creativecommons.org/publicdomain/mark/1.0/deed.nl,otherRestrictions,,https://geoportaal.fryslan.nl/arcgis/services/ProvinciaalGeoRegister/PGR2/MapServer/WFSServer?
f95af5dd-e469-43b5-8d67-e4511b29b66b,service,ISO 19115,WFS,2024-11-20,dut,4258,Schelpdierpercelen (INSPIRE geharmoniseerd) WFS,Faciliteiten voor landbouw en aquacultuur; Nationaal,"Percelen, in rijkseigendom, in de Kustwateren en het Grevelingenmeer, waar de huurder mosselen dan wel oesters mag kweken en oogsten.",,beheerpdok@kadaster.nl,,,,,"('0.5319', '50.4825', '8.8681', '55.8825')",Geen beperkingen (https://creativecommons.org/publicdomain/zero/1.0/deed.nl),otherRestrictions,,https://service.pdok.nl/rvo/landbouw-en-aquacultuur/schelpdierpercelen/wfs/v1_0?request=GetCapabilities&service=WFS
cf89409f-e268-4adb-9f34-a63b84ecfc12,service,ISO 19115,WMS,2023-09-02,dut,25832; 4258; 4326,"INSPIRE Gecontroleerde klimatologische daggegevens, Daily precipitation amount (in 0.1 mm) (-1 for <0.05 mm)",infoMapAccessService,"INSPIRE Gecontroleerde klimatologische daggegevens, Daily precipitation amount (in 0.1 mm) (-1 for <0.05 mm)",Koninklijk Nederlands Meteorologisch Instituut (KNMI),opendata@knmi.nl,,,,KNMI Datacentrum (Koninklijk Nederlands Meteorologisch Instituut (KNMI)); KNMI Datacentrum (Koninklijk Nederlands Meteorologisch Instituut (KNMI)),"('3.20', '50.60', '7.40', '53.70')",no limitations to public access (http://inspire.ec.europa.eu/metadata-codelist/LimitationsOnPublicAccess/noLimitations),otherRestrictions,,
EA36104E9E551BEAE05384051EAC7F58,GIS dataset,ISO 19115,,2023-03-15,dut,28992,Windturbines 2022 (historie),energie; locaties; windmolens; windturbines,"Ligging van windturbines die gerealiseerd, vergund, dan wel een lopende vergunningaanvraag hebben. Moment van bepaling statusinformatie is juni 2022 (meting 3 RES monitoring).",Provincie Drenthe,post@drenthe.nl,,,,Team Gis/Cartografie (Provincie Drenthe),"('6.105', '52.601', '7.109', '53.213')",Geen beperkingen,otherRestrictions,,
e62ceba5-63b7-4093-9a2b-f34bb04490cb,dataset,ISO 19115,WMS,2023-02-28,dut,28992,Riolering Albrandswaard,Riolering; Beheer; Gemeente; Albrandswaard,Deze dataset bevat de riolering die beheerd worden door de gemeente Albrandswaard. Deze dataset wordt dagelijks bijgewerkt.,BAR-Organisatie,open-data@bar-organisatie.nl,,,,BAR-Organisatie; BAR-Organisatie,"('4.450710964845761', '51.838827034425556', '4.572005616374816', '51.87213202887152')",Geen beperkingen,otherRestrictions,,
64833fdf-a6f8-426e-be3f-2ff92e14f096,dataset,ISO 19115,,2019-03-19,dut,,Copernicus Status layers with percentage imperviousness or sealed area for the reference year 2012,Landgebruik; Bodemgebruik,"Copernicus Land monitoring services – Gedetailleerde bodembedekkings kenmerken voor het referentiejaar 2012 (hoge resolutie): deel 1 – Ondoorlatendheid en veranderingen in ondoorlatendheid voor de EEA39. Herberekening van ondoorlatendheid en veranderingen in ondoorlatendheid producten voor de jaren 2006, 2009 en 2012. Ruimtelijke resolutie 20*20m.

«Data was produced with funding by the European Union. Copyright Copernicus Programme»
DISCLAIMER: Wageningen Environmental Research has undertaken to distribute the data on behalf of EEA under Specific Contract No 3436/R0-Copernicus/EEA.56950 implementing Framework service contract No EEA/IDM/R0/16/009/Netherlands. Wageningen Environmental Research accepts no responsibility or liability whatsoever with regard to the content and use of these data. 
The European Environment Agency accepts no responsibility or liability whatsoever with regard to the information on this site and the information does not necessarily reflect the official opinion of the EEA or other European Communities bodies and institutions.",Wageningen Environmental Research,gerard.hazeu@wur.nl,,,,Wageningen Environmental Research; Wageningen Environmental Research,"('3.2', '50.75', '7.22', '53.7')",,copyright,,
a80cc1d8-3ca0-4a85-a690-dc5fdddf59c2,dataset,ISO 19115,,2019-11-26,dut,28992,Transcriptomics op long en lymfeknopen van muizen na infectie met respiratoir syncytieel virus,Mus musculus; Respiratory Syncytial Virus; long; lymfeknopen,Genexpressie in muizen na infectie met RSV,RIVM/V&Z/GZB,jeroen.pennings@rivm.nl,,,,RIVM/V&Z/GZB; RIVM/V&Z/GZB,"('2.1943769153799892', '50.719508224348104', '8.04038938277185', '54.987059919430585')",Geen beperkingen,otherRestrictions,,
460b4373-6ac6-5f65-80f7-92f3fb74cfe5,dataset,ISO 19115,WMS; WFS,2022-06-03,dut,28992,"Wereldoorlog, WOII, Monument (vlak)","monument; wereldoorlog, WOII",Monumenten van de Tweede Wereldoorlog (vlakobjecten).,Provincie Drenthe,post@drenthe.nl,,,,Team Gis/Cartografie (Provincie Drenthe),"('6.105', '52.601', '7.109', '53.213')",Geen beperkingen,copyright,,https://kaartportaal.drenthe.nl/server/services/GDB_actueel/GBI_WELZ_CULTHIS_WOIIMONUMENT_V/MapServer/WFSServer
7e914f11-b775-4a12-91f1-459627ccdf5f,service,ISO 19115,WFS,2025-03-12,dut,,CBS Vierkantstatistieken 100m 2006 WFS,demografie; vierkant; grid; statistiek; bevolking; inwoners; leeftijd; herkomst; woningen; inkomen; sociale_zekerheid; woz; woningeigendom; huur; voorziening; nabijheid; statistische_eenheden; spreiding_van_de_bevolking,"Het bestand CBS vierkanten 100m bevat statistische gegevens per 100 meter bij 100 meter vierkant. Met ingang van maart 2022 is het jaar 2021 toegevoegd en zijn het aantal kerncijfers van de jaren 2020 en 2019 aanzienlijk uitgebreid met gegevens over demografie, woningen, energie, inkomen, sociale zekerheid, nabijheid van voorzieningen en dichtheid.",,beheerpdok@kadaster.nl,,,,,"('3.1467', '50.7309', '7.3467', '53.5083')",Geen beperkingen (https://creativecommons.org/publicdomain/mark/1.0/deed.nl),otherRestrictions,,https://service.pdok.nl/cbs/vierkantstatistieken100m/2006/wfs/v1_0?request=GetCapabilities&service=WFS
b472d8ac-2eb0-4a79-96fc-f0cbc1f717bb,dataset,ISO 19115,WMS,2022-12-16,dut,28992,Fijnstof 2014 (pm10),pm10; fijnstof; model; luchtkwaliteit; gezondheid,Deze kaart toont de gemodelleerde concentratie fijn stof (µg pm10/m³) voor 2014 op basis van rekenpunten uit de monitoringstool van het nsl. Deze vlakdekkende kaart van Nederland heeft een resolutie van 25 meter.,Atlas Leefomgeving,atlasleefomgeving@rivm.nl,,,,Atlas Leefomgeving,"('3.37087', '50.7539', '7.21097', '53.4658')",Geen beperkingen,otherRestrictions,,
4fc23a54-36e3-45e9-9fd6-d3e49d148979,dataset,ISO 19115,WMS; WFS,2024-05-28,dut,28992,Lopen of fietsen naar school en werk,gezondheid,"Op de kaart zie je hoeveel procent van de mensen tussen de 18 en 65 jaar in 2022 lopend en/of fietsend naar school of werk zijn gegaan. Personen die een stukje van de reis lopend of per fiets hebben afgelegd, zijn ook meegerekend. Denk bijvoorbeeld aan mensen die naar een bushalte fietsen en daarna op de bus stappen naar school of naar werk.  

Bij verder inzoomen zie je de informatie ook op wijkniveau.",,atlasleefomgeving@rivm.nl,,,,,"('3.37087', '50.7539', '7.21097', '53.4658')",Geen beperkingen (http://creativecommons.org/publicdomain/mark/1.0/deed.nl),otherRestrictions,,https://data.rivm.nl/geo/alo/wfs?request=GetCapabilities
b3b7b405-00d2-4bda-b237-1fa9618dc9ab,service,ISO 19115,WMS,2025-03-12,dut,,CBS Vierkantstatistieken 500m 2002 WMS,Demografie; Statische_eenheden; Vierkant; Grid; Statistiek; Bevolking; Inwoners; Woning; Leeftijd; Herkomst; Woz; Inkomen; Energie; Stedelijkheid; Bevolkingdichtheid; Concentratie; Spreiding_van_de_bevolking,Het bestand CBS vierkanten 500m bevat statistische gegevens per 500 meter bij 500 meter vierkant. In april 2022 zijn gegevens over 2021 toegevoegd en zijn gegevens over de jaren 2020 en 2019 aangevuld. Lees voor meer informatie: https://www.cbs.nl/nl-nl/longread/diversen/2022/statistische-gegevens-per-vierkant-2021-2020-2019,,beheerpdok@kadaster.nl,,,,,"('1.986', '50.6749', '7.8197', '55.7059')","Naamsvermelding verplicht, organisatienaam (https://creativecommons.org/licenses/by/4.0/deed.nl)",otherRestrictions,,
d55bf028-d821-5e13-baa2-d7d7bcf00f4d,dataset,ISO 19115,,2015-08-12,dut,28992,"Natuurbeheerplan 2015, Agrarisch natuurgebied collectief akkervogels (historie)",agrarisch; EHS; gebiedsplan; landbouw; landschap; landschapsbeheer; natuur; natuurbeheer; particulier; SNL,"Gedeputeerde staten van Drenthe hebben op basis van de Subsidieverordening  Natuur en Landschapsbeheer Drenthe het natuurbeheerplan Drenthe, versie 2014 vastgesteld. Hierin is aangegeven waar en welke natuur aanwezig is of ontwikkeld kan worden, hoe deze natuur beheerd kan worden en welke mogelijkheden er geboden worden voor landschapsonderhoud. Drenthe is van oudsher een kerngebied voor akkervogels. Akkervogels staan sterk onder druk. Soorten als patrijs en veldleeuwerik zijn de laatste 25 jaar met ca 75-95% achteruitgegaan. De akkervogels hebben hun hoogste dichtheden in de veenkoloniale gebieden, de grootschalige heide ontginningen en in mindere mate op de essen. Voor de drie landschapsonderdelen in Drenthe gelden verschillende normen. Binnen de zoekgebieden kan op basis van collectieve akkervogelplannen akkervogelbeheer worden aangevraagd.",Provincie Drenthe,post@drenthe.nl,,,,Team Gis/Cartografie (Provincie Drenthe),"('6.105', '52.601', '7.109', '53.213')",Geen beperkingen,otherRestrictions,,
ffffff83-48b8-5603-9a17-274b948d69fb,dataset,ISO 19115,,2004-08-25,dut,28992,Stadsrandzone (POP2) (historie),stadsrandzone,"Dit bestand geeft de ontwikkeling van stadsrandzones weer zoals opgenomen in het Provinciaal Omgevingsplan Drenthe II, vastgesteld door Provinciale Staten op 7 juli 2004.",Provincie Drenthe,post@drenthe.nl,,,,Team Gis/Cartografie (Provincie Drenthe),"('6.105', '52.601', '7.109', '53.213')",Geen beperkingen,copyright,,
0f429bf6-ffa1-4f12-b60e-a59ed2317fa8,dataset,ISO 19115,,2019-11-26,dut,28992,Transcriptomics op muizenlongen na Bordetella infectie,Mus musculus; long; Bordetella pertussis; kinkhoest; gevoeligheid,Genexpressie in longen van C3H muizen na infectie met Bordetella pertussis,RIVM/V&Z/GZB,jeroen.pennings@rivm.nl,,,,RIVM/V&Z/GZB; RIVM/V&Z/GZB,"('2.1943769153799892', '50.719508224348104', '8.04038938277185', '54.987059919430585')",Geen beperkingen,otherRestrictions,,
8503C78F9C27599AE053D2041EAC4160,dataset,ISO 19115,WMS; WFS,2022-06-01,dut,28992,Omgevingsvisie 2018 - Geluidsportcentrum,locaties,"Door Provinciale Staten  van Drenthe op 3 oktober 2018 vastgestelde versie van Geluidsportcentrum. Deze kaart geeft de ligging van de locaties van 3 geluidssportcentra (Assen, Nieuw-Roden en Emmen) en 2 motorsportterreinen (Zuidwolde en Westerbork) aan, waar geluidsport onder voorwaarden is toegestaan. Met uitzondering van Westerbork vallen de andere 4 locaties onder de noemer gezoneerd bedrijventerrein. Komt voor in kaart Milieukwaliteit.",Provincie Drenthe,post@drenthe.nl,,,,Team Gis/Cartografie (Provincie Drenthe),"('6.105', '52.601', '7.109', '53.213')",Geen beperkingen,otherRestrictions,,https://kaartportaal.drenthe.nl/server/services/GDB_actueel/GBI_AOV18_K3_GELUIDSPORT_V/MapServer/WFSServer
8498D10B89E61D43E053D2041EACBDD8,dataset,ISO 19115,WMS; WFS,2022-06-01,dut,28992,Omgevingsvisie 2018 - Grondwaterbescherming,locaties,Door Provinciale Staten van Drenthe op 3 oktober 2018 vastgestelde versie van Grondwaterbescherming. Wij weren bepaalde activiteiten die een risico vormen voor de grondwaterkwaliteit en stimuleren functies die bijdragen aan het behoud of verbeteren van de grondwaterkwaliteit. Voor alle achttien gebieden zijn gebiedsdossiers opgesteld die periodiek worden geactualiseerd. Kaart robuust en klimaatbestendig watersysteem,Provincie Drenthe,post@drenthe.nl,,,,Team Gis/Cartografie (Provincie Drenthe),"('6.105', '52.601', '7.109', '53.213')",Geen beperkingen,otherRestrictions,,https://kaartportaal.drenthe.nl/server/services/GDB_actueel/GBI_AOV18_K10_GRONDW_BESCH_V/MapServer/WFSServer
3f498900-56f5-4b23-8d05-0d665498662b,service,ISO 19115,WFS,2025-03-12,dut,,CBS Vierkantstatistieken 500m 2014 WFS,Demografie; Statische_eenheden; Vierkant; Grid; Statistiek; Bevolking; Inwoners; Woning; Leeftijd; Herkomst; Woz; Inkomen; Energie; Stedelijkheid; Bevolkingdichtheid; Concentratie; Spreiding_van_de_bevolking,Het bestand CBS vierkanten 500m bevat statistische gegevens per 500 meter bij 500 meter vierkant. In april 2022 zijn gegevens over 2021 toegevoegd en zijn gegevens over de jaren 2020 en 2019 aangevuld. Lees voor meer informatie: https://www.cbs.nl/nl-nl/longread/diversen/2022/statistische-gegevens-per-vierkant-2021-2020-2019,,beheerpdok@kadaster.nl,,,,,"('1.986', '50.6749', '7.8197', '55.7059')","Naamsvermelding verplicht, organisatienaam (https://creativecommons.org/licenses/by/4.0/deed.nl)",otherRestrictions,,https://service.pdok.nl/cbs/vierkantstatistieken500m/2014/wfs/v1_0?request=GetCapabilities&service=WFS
9aedf2f3-a3e2-4719-b06d-cdb5e3524a4d,dataset,ISO 19115,WMS,2022-12-16,dut,28992,Fijnstof 2018 (PM10),PM10; Fijnstof; luchtkwaliteit; model; gezondheid,Deze kaart toont de gemodelleerde concentratie fijn stof (µg PM10/m³) voor 2018 op basis van rekenpunten uit de monitoringstool van het nsl. Deze vlakdekkende kaart van Nederland heeft een resolutie van 25 meter.,Atlas Leefomgeving,atlasleefomgeving@rivm.nl,,,,,"('3.37087', '50.7539', '7.21097', '53.4658')",geen beperkingen,otherRestrictions,,
62b01550-9007-4634-b008-bd6071b34b2c,service,ISO 19115,WMS,2023-09-02,dut,25832; 4258; 4326,"INSPIRE Gecontroleerde klimatologische daggegevens, Daily mean sea level pressure (in 0.1 hPa) calculated from 24 hourly values",infoMapAccessService,"INSPIRE Gecontroleerde klimatologische daggegevens, Daily mean sea level pressure (in 0.1 hPa) calculated from 24 hourly values",Koninklijk Nederlands Meteorologisch Instituut (KNMI),opendata@knmi.nl,,,,KNMI Datacentrum (Koninklijk Nederlands Meteorologisch Instituut (KNMI)); KNMI Datacentrum (Koninklijk Nederlands Meteorologisch Instituut (KNMI)),"('3.20', '50.60', '7.40', '53.70')",no limitations to public access (http://inspire.ec.europa.eu/metadata-codelist/LimitationsOnPublicAccess/noLimitations),otherRestrictions,,
731b524e-22a7-442d-b309-dc149a02c79a,service,ISO 19115,WFS,2025-03-14,dut,,CBS Postcode6 statistieken 2022 WFS,CBS; Postcode; Statistiek; Bevolkingsdichtheid; Inwoners; Leeftijd; Herkomst; Woningen; WOZ; Voorziening; Inkomen; Statistische eenheden; Spreiding van de bevolking — demografie,"Het bestand CBSpostcode6 bevat statistische gegevens per volledige postcode.
Met ingang van augustus 2024 zijn gegevens over het jaar 2023 toegevoegd en zijn het aantal gegevens van de jaren 2022 en 2021 uitgebreid met gegevens over demografie, woningen, energie, inkomen, sociale zekerheid, nabijheid van voorzieningen en dichtheid

Hoewel alle postcodevlakken aanwezig zijn bevatten alleen die postcodevlakken gegevens over personen waarin over minimaal vijf inwoners gepubliceerd wordt en/of gegevens over woningen waarvan over minimaal vijf woningen gepubliceerd wordt. De begrenzing van de postcodevlakken is afkomstig van de ESRI postcode kaart.
Deze publicatie is van augustus 2024.

Lees voor meer informatie over de onderwerpen in de postcodepublicatie:
https://www.cbs.nl/nl-nl/longread/diversen/2024/statistische-gegevens-per-vierkant-en-postcode-2021-2022-2023

Lees voor informatie over het verkrijgen van het bestand:
https://www.cbs.nl/nl-nl/dossier/nederland-regionaal/geografische-data/gegevens-per-postcode",,beheerpdok@kadaster.nl,,,,,"('0.5319', '50.4825', '8.8681', '55.8825')","Naamsvermelding verplicht, organisatienaam (https://creativecommons.org/licenses/by/4.0/deed.nl)",otherRestrictions,,https://service.pdok.nl/cbs/postcode6/2022/wfs/v1_0?request=GetCapabilities&service=WFS
8498D10B89EC1D43E053D2041EACBDD8,dataset,ISO 19115,WMS; WFS,2022-06-01,dut,28992,Omgevingsvisie 2018 - Cultuurhistorische hoofdstructuur - gebieden,locaties,"Door Provinciale Staten van Drenthe op 3 oktober 2018 vastgestelde versie van Cultuurhistorische Hoofdstructuur - gebieden. De Cultuurhistorische Hoofdstructuur verbindt alle elementen, structuren en gebieden die in hun onderlinge samenhang van provinciaal belang worden geacht. Voor het bepalen welke onderdelen van provinciaal belang past de provincie Drenthe 4 criteria toe. Kernkwaliteit cultuurhistorie",Provincie Drenthe,post@drenthe.nl,,,,Team Gis/Cartografie (Provincie Drenthe),"('6.105', '52.601', '7.109', '53.213')",Geen beperkingen,otherRestrictions,,https://kaartportaal.drenthe.nl/server/services/GDB_actueel/GBI_AOV18_K2F_CULTHISTHOOFDSTR_V/MapServer/WFSServer
f5070652-1d02-52e8-9b3e-9a8ea16e11e2,dataset,ISO 19115,,2011-01-01,dut,28992,"Drentse Aa-gebied en Havelterberg (OGV, 2010) (historie)",omgevingsvisie,"Door Provinciale Staten is op 2 juni 2010 de Omgevingsvisie vastgesteld. Op  bijbehorende kaart 2E ""Archeologie"" wordt een totaaloverzicht gegeven van de archeologische waarden en verwachtingen die van provinciaal belang worden geacht. Zo geeft dit bestand de kernkwaliteit Havelterberg en de kernkwaliteit archeologie weer die deel uitmaakt van deze kaart 2E.",Provincie Drenthe,post@drenthe.nl,,,,Team Gis/Cartografie (Provincie Drenthe),"('6.105', '52.601', '7.109', '53.213')",Geen beperkingen,otherRestrictions,,
4a3a58eb-3956-4477-8715-52214d84e8ca,service,ISO 19115,WFS,2025-03-12,dut,,CBS Vierkantstatistieken 500m 2003 WFS,Demografie; Statische_eenheden; Vierkant; Grid; Statistiek; Bevolking; Inwoners; Woning; Leeftijd; Herkomst; Woz; Inkomen; Energie; Stedelijkheid; Bevolkingdichtheid; Concentratie; Spreiding_van_de_bevolking,Het bestand CBS vierkanten 500m bevat statistische gegevens per 500 meter bij 500 meter vierkant. In april 2022 zijn gegevens over 2021 toegevoegd en zijn gegevens over de jaren 2020 en 2019 aangevuld. Lees voor meer informatie: https://www.cbs.nl/nl-nl/longread/diversen/2022/statistische-gegevens-per-vierkant-2021-2020-2019,,beheerpdok@kadaster.nl,,,,,"('1.986', '50.6749', '7.8197', '55.7059')","Naamsvermelding verplicht, organisatienaam (https://creativecommons.org/licenses/by/4.0/deed.nl)",otherRestrictions,,https://service.pdok.nl/cbs/vierkantstatistieken500m/2003/wfs/v1_0?request=GetCapabilities&service=WFS
fffffffb-b1a9-504e-b5a9-1f9298ed8f67,dataset,ISO 19115,,2015-11-12,dut,28992,Provinciale Omgevingsverordening 2015 - Bekende archeologische waarden - Behoud in situ veenterpengebied (historie),POV,Deze kaartlaag maakt onderdeel uit van de op 23 september 2015 vastgestelde versie van de Provinciale Omgevingsverordening Drenthe. (Bijbehorende kaart D4).,Provincie Drenthe,post@drenthe.nl,,,,Team Gis/Cartografie (Provincie Drenthe),"('6.105', '52.601', '7.109', '53.213')",Geen beperkingen,otherRestrictions,,
ffffffaa-8b05-5c52-944f-f0b594fa11fb,dataset,ISO 19115,,2015-03-13,dut,28992,Bodeminformatie (vlak) (historie),"bodem; bodeminformatiesysteem, Globis",Locaties uit het GLOBIS (Geografisch Landelijk Bodem Informatiesysteem) met status informatie.,Provincie Drenthe,post@drenthe.nl,,,,Team Gis/Cartografie (Provincie Drenthe),"('6.105', '52.601', '7.109', '53.213')",Geen beperkingen,otherRestrictions,,
443f1afd-087c-4031-87d0-4e72a0dd1b65,service,ISO 19115,WFS,2024-04-22,dut,28992,WarmteAtlas WFS,WarmteAtlas WFS; Warmte Vraag; Warmte Potentieel; Warmte Koude Opslag WKO; Thermische Energie Oppervlaktewater TEO; Aardwarmte; Gebouwde Omgeving; CO2 emissie; Grote Stook Installaties; Bedrijventerreinen; IBIS Bedrijventerreinen; Kassen; Woonkernen; Grote gebouwen; Warmtenetten,"Atlas voor kaarten over het warmte gebruik (industrie, glastuinbouw en huishoudens) en potentieel kaarten voor de productie van duurzame warmte en de aanwezigheid van nog niet benutte restwarmte.",,klantcontact@rvo.nl,,,,,"('2.7892', '50.5733', '7.4834', '53.9625')",Geen beperkingen (http://creativecommons.org/publicdomain/zero/1.0/deed.nl),otherRestrictions,,https://www.warmteatlas.nl/geoserver/WarmteAtlas/wfs?SERVICE=WFS&request=GetCapabilities
990171da-b77f-47f0-9c3d-983acd0374fe,dataset,ISO 19115,,2025-07-01,eng,,Precipitation - Long term average 1981-2010 - Yearly precipitation surplus,Climate; Precipitation; Evaporation; Makkink; Precipitation surplus; Precipitation deficit; Open data; Core dataset,Gridded files of average yearly precipitation surplus per year in the Netherlands. Based on 304 precipitation observations of the voluntary network and 20 Makkink evaporation observations of the automatic weather stations (AWS),Koninklijk Nederlands Meteorologisch Instituut (KNMI),opendata@knmi.nl,,,,Koninklijk Nederlands Meteorologisch Instituut (KNMI); Koninklijk Nederlands Meteorologisch Instituut (KNMI); Koninklijk Nederlands Meteorologisch Instituut (KNMI),"('3.18', '50.7', '7.3', '53.58')",https://creativecommons.org/licenses/by/4.0/deed.nl,otherRestrictions,,
ffffff88-0049-5bfb-94eb-4c42cc80bf76,dataset,ISO 19115,,2008-10-27,dut,28992,"Delfstofwinning, zand etc. (POP) (historie)",delfstoffen; drinkwater; zandwinning,"In het door Provinciale Staten op 7 juli 2004 vastgestelde Provinciaal Omgevingsplan Drenthe II (kaart 2), zijn de plaatsen aangegeven waar delfstoffenwinning plaatsvindt, zoals de centrale zandwinplaatsen voor beton-, metsel- en ophoogzand en zandwinplaatsen voor de kalkzandindustrie  en die in dit bestand worden weergegeven.",Provincie Drenthe,post@drenthe.nl,,,,Team Gis/Cartografie (Provincie Drenthe),"('6.105', '52.601', '7.109', '53.213')",Geen beperkingen,copyright,,
2d53e29a-6c61-4bf2-9f14-ff6d4e479e11,dataset,ISO 19115,WFS; WMS,2024-10-15,dut,,Vervallen Beschermde Natuurmonumenten,Natuur; Beleid; Wettelijke begrenzingen (beleid),Door de inwerkingtreding Wet natuurbescherming per 1 januari 2017 vervallen de doelstellingen van Beschermde Natuurmonumenten.  Door de invoering van deze wet vervalt de status van Beschermd Natuurmonument (BN) van 59 Natura 2000 gebieden.  Concreet betekent dit dat de status aanduiding “BN” is komen te vervallen voor de Natura 2000 gebieden. Daarnaast zijn er gebieden met de status Beschermd Natuurmonument die geen deel uit maken van de Natura2000 begrenzing.  In deze dataset zijn de vervallen Beschermde Natuurmonumenten opgenomen gelegen binnen en buiten een Natura 2000-gebied.,Provincie Overijssel,kennishub@overijssel.nl,,,,,"('3.272', '50.796', '7.225', '53.561')",http://creativecommons.org/publicdomain/mark/1.0/deed.nl,otherRestrictions,,https://services.geodataoverijssel.nl/geoserver/B46_natuur_en_landschap/wfs
01d4dab6-03ad-4e82-b719-4daf8b96ea14,service,ISO 19115,WMS,2025-01-29,dut,,Administratieve Eenheden (INSPIRE geharmoniseerd) WMS,,"Overzicht van de bestuurlijke indeling van Nederland in gemeenten en provincies. Gegevens zijn gebaseerd op de dataset Bestuurlijke Gebieden, welke afgeleid is uit de Basisregistratie Kadaster (BRK).",,beheerpdok@kadaster.nl,,,,,"('1.2502', '50.3284', '9.0792', '53.9881')","Naamsvermelding verplicht, organisatienaam (http://creativecommons.org/licenses/by/4.0/deed.nl)",otherRestrictions,,
502f7828-2199-5617-b5f9-3a8cbf353c69,dataset,ISO 19115,WMS; WFS,2024-04-30,dut,28992,Provinciale Omgevingsverordening 2023 - Restrictiegebieden bodemenergie,locaties; omgevingsverordening; restrictiegebied; WKO,Op de kaart van Drenthe staan de restrictiegebieden bodemenergie aangegeven.,Provincie Drenthe,post@drenthe.nl,,,,Team Gis/Cartografie (Provincie Drenthe),"('6.095', '52.5907', '7.1333', '53.2232')",Geen beperkingen,otherRestrictions,,https://kaartportaal.drenthe.nl/server/services/GDB_actueel/GBI_POV2023_BODEMEN_RESTR_ORANJE_V/MapServer/WFSServer?SERVICE=WFS&REQUEST=GetCapabilities
79363736-eb95-4ce3-8538-f637903e31d9,dataset,ISO 19115,WMS; WFS,2023-03-14,dut,28992,geluidhinder wegen >50 km/u in 2020,basisset NOVEX; geluid; GGD; verkeer; hinder,Op de kaart ziet u welk percentage van de bevolking dat ernstig gehinderd is door geluid van wegverkeer op wegen waar harder gereden mag worden dan 50 kilometer per uur.,RIVM,atlasleefomgeving@rivm.nl,,,,,"('3.1954102881017565', '50.67190131033707', '7.383358171635846', '53.63951025614753')",Geen beperkingen,otherRestrictions,,https://data.rivm.nl/geo/alo/wfs?
9f80789f-fd31-4a37-9795-4c97ba423150,dataset,ISO 19115,WMS; WFS,2017-09-11,dut,28992,Ammoniak (NH3) emissies naar lucht 2014 per Gemeente,Emissieregistratie; Emissie; PRTR; Lucht; NH3; Ammoniak; 2014,Ammoniak (NH3) emissies naar lucht uit alle bronnen in 2014 in kg/km2 per jaar. Emissieregistratie 1990 - 2014. (vastgesteld 2016),RIVM,emissieregistratie@rivm.nl,,,,RIVM; RIVM,"('2.1943769153799892', '50.719508224348104', '8.04038938277185', '54.987059919430585')",Geen beperkingen,otherRestrictions,,http://geodata.rivm.nl/geoserver/erpub/wfs/?
b559c133-e318-5181-a21a-8859a063b79d,GIS dataset,ISO 19115,,2025-07-24,dut,28992,Aardkundige monumenten punten 2022 (historie),aardkundig monument,Bestand geeft de ligging weer van de nog te onthullen en onthulde aardkundige monumenten als punt object. Het geeft de situatie weer van september 2022.,Provincie Drenthe,datateam@drenthe.nl,,,,Team Gis/Cartografie (Provincie Drenthe),"('6.05316408', '52.54509616', '7.24302686', '53.26832141')",Geen beperkingen,otherRestrictions,,
9c2c96b1-1785-42f4-98f7-92b45f65e1eb,dataset,ISO 19115,WMS; WFS,2019-09-09,dut,28992,Luchthavens Veiligheidsgebieden,LUCHTVAART; VLIEGVELDEN; VEILIGHEID; EXTERNE VEILIGHEID,"Aan de koppen/uiteinden van start-/landingsbanen moeten in een luchthavenbesluit gebieden worden vastgelegd, waarbinnen speciale eisen gelden voor obstakels en de breekbaarheid daarvan. In Groningen zijn deze alleen voor de vliegvelden Oostwold en Stadskanaal en voor Heliport Eemshaven vastgelegd.",Provincie Groningen,geoportaal@provinciegroningen.nl,,,,Afdeling INFO (Provincie Groningen),"('6.799', '52.995', '7.054', '53.462')",geen beperkingen,otherRestrictions,,https://geoservices.provinciegroningen.nl/server/services/BestuurPolitiek/Veiligheid/MapServer/WFSServer
ffffffd7-ce46-5a18-be75-b6883b93552f,dataset,ISO 19115,,2008-11-13,dut,28992,"Milieubeschermingsgebied, aangewezen 2000 (historie)",bodem; grondwater; milieubescherming; monitoring SGB; stiltegebied; water,"Oude tekst: Aangewezen milieubeschermingsgebieden uit het PMP (Provinciaal Milieubeleidsplan) en POP, kaart 12. (Het grondwaterbeschermingsgebied Drentsche Aa is opgenomen in een aparte kaartlaag, zie ook milieubeschermingsgebied Drentsche Aa).                                                                             NB. : status is concept, medio 2000 behandeling in PS.",Provincie Drenthe,post@drenthe.nl,,,,Team Gis/Cartografie (Provincie Drenthe),"('6.105', '52.601', '7.109', '53.213')",Geen beperkingen,copyright,,
ffffff9d-7784-5981-8850-8d5d641bfbec,dataset,ISO 19115,,2014-09-04,dut,28992,Hondsrug (Omgevingsvisie 2014) (historie),essen; Hondsrug; omgevingsvisie,"Door Provinciale Staten van Drenthe op 2 juli 2014 vastgestelde versie van Hondsrug.De provincie Drenthe heeft als ambitie het behouden van de karakteristiek van het esdorpenlandschap. Dit uit zich in een zichtbare ruimtelijke samenhang tussen esdorp en es, waarbij de esdorpen en essen als een keten op de Hondsrug liggen, afgewisseld met scherp begrensde boswachterijen. Komt voor in kaart 4: Robuust sociaal-economisch systeem.",Provincie Drenthe,post@drenthe.nl,,,,Team Gis/Cartografie (Provincie Drenthe),"('6.105', '52.601', '7.109', '53.213')",Geen beperkingen,otherRestrictions,,
c1407623-5cf8-44f5-9c8d-ddc304ea13d8,dataset,ISO 19115,WFS; WMS,2024-05-02,dut,4326,DANK -Gebruik en behoefte aan zoetwater voor diverse functies: Locaties drinkwateronttrekkingen uit oppervlaktewater,drinkwateronttrekkingen; Behoefte zoet water; gebruik zoet water,"De kaart geeft een beeld van de opnamepunten voor drinkwater uit het oppervlaktewater.
                    Een onderscheid wordt gemaakt tussen punten waar het direct uit het oppervlaktewater wordt opgenomen en punten waar het water via oeverfiltratie opgenomen wordt (kunstmatige infiltratie van rivierwater door grindlagen of andere doorlatende lagen dicht bij de oever met het doel de waterkwaliteit te verbeteren).",Atlas Natuurlijk Kapitaal,atlasnatuurlijkkapitaal@rivm.nl,,Otto Levelt-Verkenning en Beleidsanalyse,,Atlas Natuurlijk Kapitaal,"('3.37087', '50.7539', '7.21097', '53.4658')","Naamsvermelding verplicht, organisatienaam (http://creativecommons.org/licenses/by/4.0/deed.nl)",otherRestrictions,,https://data.rivm.nl/geo/ank/wfs?request=GetCapabilities
335a62b6-ee20-405a-8dca-45995bee2615,service,ISO 19115,,2025-03-11,dut,,3D Basisvoorziening OGC API 3D GeoVolumes,3d-basisbestand; gebouwen; terrein; bag; bgt; ahn,"De 3D Basisvoorziening is een verzameling van ruimtelijke bestanden die hoogte informatie bevatten. Deze bestanden (collecties) worden op verschillende manieren gegenereerd.
De 3D Basisvoorziening bestaat uit de volgende producten:
- 3D Tiles Gebouwen
- 3D Tiles Terreinen
- 3D Objecten Gebouwen
- 3D Objecten Gebouwen en Terreinen
- 2D Objecten Gebouwen met hoogte attributen
- Digitaal Terrein Model (Engels: Digital Terrain Model) (DTM)
- Digitaal Oppervlakte Model (Engels: Digital Surface Model) (DSM) 20 cm
- Digitaal Oppervlakte Model (Engels: Digital Surface Model) (DSM) 8 cm

De verschillende collecties van de 3D Basisvoorziening zijn te benaderen en te downloaden via de OGC API.
3D Tiles is een open (OGC) standaard en biedt een efficiënte manier om de 3D gebouwen en terreinen in 3D te visualiseren.

De collecties in de 3D Basisvoorziening zijn o.a. gebaseerd op topografie uit de Basisregistratie Grootschalige Topografie (BGT), de gebouwen uit de Basisregistratie Adressen en Gebouwen (BAG) en hoogtes uit luchtfotobeelden en het Actueel Hoogtebestand Nederland (AHN4).

Voorstellen voor verbetering van de 3D Basisvoorziening kunt u bekijken met de 3D Basisvoorziening Terugmeldingen dataset:
https://www.nationaalgeoregister.nl/geonetwork/srv/dut/catalog.search#/metadata/bb8c9a1f-2ea8-47e7-a1a1-b873b039ba13",,beheerpdok@kadaster.nl,,,,,"('2.241', '50.5178', '8.2057', '53.8024')","Naamsvermelding verplicht, Kadaster (3D Basisvoorziening) (https://creativecommons.org/licenses/by/4.0/deed.nl)",otherRestrictions,,
ecd65d6f-0249-4c60-85b9-5fd87fbe60c8,service,ISO 19115,WMS,2025-07-21,dut,,CBS Wijken en Buurten 2022 versie 3 WMS,CBS; Wijken; Buurten; Gemeenten; Statistiek; Bevolkingdichtheid; Inwoners; Herkomst; Autos; Huishoudens; Nabijheid,"Het Bestand Wijk- en Buurtkaart 2022 bevat de geometrie van alle gemeenten, wijken en buurten in Nederland met als attribuut een aantal statistische kerncijfers. De begrenzingen van wijken en buurten zijn gebaseerd op wat de gemeenten aan het CBS doorgeven. De gemeentegrens is afkomstig uit de BRK van het Kadaster. De land-watergrens uit het Bestand Bodemgebruik 2017.",,beheerpdok@kadaster.nl,,,,,"('1.5665', '50.6251', '8.1214', '55.7517')","Naamsvermelding verplicht, organisatienaam (https://creativecommons.org/licenses/by/4.0/deed.nl)",otherRestrictions,,
ffffff8a-d6dd-529c-ae92-f9d01f0463b6,dataset,ISO 19115,,2011-01-01,dut,28992,"Bovengronds hoogspanningsnet (OGV, 2010) (historie)",omgevingsvisie,"Op 2 juni 2010 is door Provinciale Staten de Omgevingsvisie vastgesteld. Op kaart 12  is het bovengronds hoogspanningsnet aangegeven. Het bestand is overgenomen uit ""Nederlandse bovengrondse hoogspanningsnet"".",Provincie Drenthe,post@drenthe.nl,,,,Team Gis/Cartografie (Provincie Drenthe),"('6.105', '52.601', '7.109', '53.213')",Geen beperkingen,otherRestrictions,,
4179aa4e-bf7d-494a-b36d-b475b89d7898,dataset,ISO 19115,WFS; WMS,2025-07-01,dut,,Asbestinventarisatie van daken,asbest; bedrijfssanering; milieu,Dit bestand bevat de gebouwen waarvan het vermoeden bestaat dat de daken asbest bevatten. Dit worden ook wel asbestverdachte daken genoemd. Deze asbestvezels zijn schadelijk voor de gezondheid. De gegevens worden bijgewerkt als het dak gesaneerd is. De gegevens worden ook bijgewerkt als na controle een dak toch niet verdacht blijkt te zijn. Het bijwerken wordt gedaan door de gemeenten in Overijssel. De oorsprong van het bestand is een analyse van het bedrijf Readaar. Hierbij is gebruik gemaakt van luchtfoto’s van 2017. Ook is gebruik gemaakt van twee basisregistraties. Dit zijn de Basisregistratie Adressen en Gebouwen (BAG) en de Basisregistratie Grootschalige Topografie (BGT).,Provincie Overijssel,kennishub@overijssel.nl,,,,,"('5.774', '52.115', '7.091', '52.853')",https://creativecommons.org/publicdomain/mark/1.0/deed.nl,otherRestrictions,,https://services.geodataoverijssel.nl/geoserver/B41_bodem/wfs
9d3e1acb-4cae-4605-a53c-3d9b6f3ca3f1,dataset,ISO 19115,WMS,2025-02-19,dut,28992,Luchtfoto 2019 Gemeente Koggenland,WMS; GEOSERVER; Luchtfoto,Luchtfoto 2019 Gemeente Koggenland,Gemeente Koggenland,geo@koggenland.nl,,,,,"('4.8433', '52.584', '5.0565', '52.7112')",Geen beperkingen,otherRestrictions,,
7a78b2f4-243f-4140-afcc-1e4ec8dee091,dataset,ISO 19115,WMS; WFS,2019-01-29,dut,28992,Regionale luchthavens (Omgevingsvisie 2016-2020),STRUCTUURPLANNEN; LUCHTVAART; VLIEGVELDEN; VRIJETIJDSBESTEDING,"Dit bestand bevat regionale luchthavens zoals vastgesteld in de Omgevingsvisie provincie Groningen 2016-2020.
We faciliteren en reguleren de vraag naar recreatief vliegen en bieden ruimte aan vluchten met een evident maatschappelijk belang. Er zijn zes regionale luchthavens.",Provincie Groningen,geoportaal@provinciegroningen.nl,,,,Afdeling INFO (Provincie Groningen),"('6.283', '52.998', '7.044', '53.467')",geen beperkingen,otherRestrictions,,https://geoservices.provinciegroningen.nl/server/services/Beleidsplannen/Omgevingsvisie/MapServer/WFSServer
53a2d51d-2e57-4b01-9f06-2ad94eb5baeb,dataset,ISO 19115,WMS; WFS,2023-03-14,dut,28992,Geluidhinder wegen <50 km/u in 2016,geluid; GGD; wegen; hinder,Op de kaart ziet u welk percentage van de bevolking dat ernstig gehinderd is door geluid van wegverkeer op wegen waar niet harder gereden mag worden dan 50 kilometer per uur.,RIVM,atlasleefomgeving@rivm.nl,,,,,"('3.1954102881017565', '50.67190131033707', '7.383358171635846', '53.63951025614753')",Geen beperkingen,otherRestrictions,,https://data.rivm.nl/geo/alo/wfs?
81293CF2CB810B78E053D2041EACEB61,dataset,ISO 19115,,2018-10-05,dut,28992,Natura2000 Beheerplannen - Bestaand gebruik (Onttrekkingen DFW) (historie),locaties,Bestaand gebruik (Onttrekkingen) Drents Friesche Wold is als kaart(of een onderdeel van een kaart) opgenomen in het beheerplan natura 2000. Het beheerplan Drents Friesche Wold is vastgesteld op 07-03-2017.,Provincie Drenthe,post@drenthe.nl,,,,Team Gis/Cartografie (Provincie Drenthe),"('6.105', '52.601', '7.109', '53.213')",Geen beperkingen,otherRestrictions,,
0d9ecbee-6698-466e-b795-952527c6e8bf,dataset,ISO 19115,WMS; WFS,2008-03-27,dut,,Kitesurfen,Vaarrecreatie; Waterrecreatie; Watersport,Officieel toegestane kitesurflocaties,provincie Fryslân,provincie@fryslan.frl,,,,,"('5.088', '52.833', '6.354', '53.481')",http://creativecommons.org/publicdomain/mark/1.0/deed.nl,otherRestrictions,,https://geoportaal.fryslan.nl/arcgis/services/ProvinciaalGeoRegister/PGR2/MapServer/WFSServer?
8abcd2d1-3beb-43e5-a572-2b2da05a0a98,service,ISO 19115,WMS,2025-06-19,dut,,Nationaal Hydrologisch Instrumentarium (NHI) WMS,Hydrografie; Nationaal; Hydrologie; Waterbeweging; Stroming,Nationaal Hydrologisch Instrumentarium (NHI) - netwerkschematisatie,,beheerpdok@kadaster.nl,,,,,"('-0.1124', '50.3808', '9.3353', '55.9755')",Geen beperkingen (https://creativecommons.org/publicdomain/zero/1.0/deed.nl),otherRestrictions,,
6dd8f250-bf87-4a51-9df4-494aea15e6e2,dataset,ISO 19115,,2024-08-30,dut,28992,Luchtfoto Beeldmateriaal 2014 10cm RGB,Landelijke voorziening beeldmateriaal; LVB; Beeldmateriaal; Luchtbeelden; Luchtfoto; Orthofoto; Ortho; Ortho10; Orthofotomozaïek; Orthofotomozaiek; Mozaïek; Mozaiek; Hoge resolutie; HR,"De orthofotomozaïeken zijn een samenstelling van afzonderlijke orthofoto's, in principe van de centrale gedeelten van iedere orthofoto. Daardoor is de omvalling in de mozaïeken zo klein mogelijk gehouden. De orthomozaïeken zijn landsdekkend.",Kadaster,dpi-gi@kadaster.nl,,,,"Directie Operatie, Dienstverlening en Registratie, afdeling Data-, Proces- en Informatiemanagement (Kadaster); Contact (Het Waterschapshuis); Klantcontactcenter (Kadaster)","('3.3000', '50.7300', '7.2400', '53.6000')",De hoge resolutie orthofoto's zijn alleen toegankelijk voor de deelnemende partijen. Een overzicht van de deelnemende partijen wordt gegeven op http://beeldmateriaal.nl,otherRestrictions,,
a4eec686-ce4d-443a-bb52-f5a5384f640e,service,ISO 19115,WMS,2024-08-27,dut,,KRW Stroomgebieddistricten Nederland (INSPIRE geharmoniseerd) WMS,Gebiedsbeheer; Gebieden waar beperkingen gelden; Gereguleerde gebieden en rapportage-eenheden; Kaderrichtlijn Water; Richtlijn 2000/60/EG; Water; Stroomgebieddistricten (Kaderrichtlijn Water); Richtlijn 2007/60/EG; Rapportage eenheden (Richtlijn Overstromingsrisico's); Stroomgebied; Nationaal; INSPIRE prioritaire dataset; Richtlijn Overstromingsrisico's; Stroomgebiedbeheerplannen; Overstromingsrisicobeheerplannen; SGBP; ORBP; Gebiedsbeheer; Gebieden waar beperkingen gelden; Gereguleerde gebieden en rapportage-eenheden,"Inspire geharmoniseerde dataset van de KRW Stroomgebieddistricten. In de Kaderrichtlijn Water is een stroomgebieddistrict een belangrijke rapportage eenheid. De definitie van stroomgebiedsdistrict uit de KRW is: het gebied van land en zee, gevormd door één of meer aan elkaar grenzende stroomgebieden met de bijbehorende grond- en kustwateren, dat overeenkomstig artikel 3, lid 1, als de voornaamste eenheid voor stroomgebiedsbeheer is omschreven. Dit bestand geeft de begrenzing van de vier door Nederland gehanteerde stroomgebieddistricten: Eems (NLEM), Rijn (NLRN), Maas (NLMS) en Schelde (NLSC). Genoemd naar de vier grote rivieren die ons land binnenstromen. De indeling van stroomgebieddistricten wordt ook gebruikt als rapportage eenheid voor de Richtlijn Overstromingsrisico's. De buitengrens van de stroomgebieddistrictgrenzen ligt aan de landszijde op de landsgrens van Kadaster en aan de zeezijde op de 1-zeemijl lijn van Dienst Hydrografie van het Ministerie van Defensie.",,beheerpdok@kadaster.nl,,,,,"('-15.429', '46.64', '21.1354', '59.2711')",Geen beperkingen (http://creativecommons.org/publicdomain/mark/1.0/deed.nl),otherRestrictions,,
150e3a18-44ed-43bd-b0fd-70ff7a3e6906,service,ISO 19115,WFS,2025-07-18,dut,,CBS Gebiedsindelingen 2016 WFS,statistische eenheden; gebiedsindeling; gemeente; landsdeel; provincie; buurt; corop-gebied; ggd-regio; nuts3; nuts1; nuts2; wijk; grootstedelijke aglomeratie; stadsgewest; corop-plusgebied; corop-subgebied; landbouwgebied; landbouwgroep; rpa-gebied; toeristengroep; toeristengebied; arrondissementsgebied; brandweerregio; kamer van koophandelregio; politieregio; regionale eenheid; veiligheidsregio; zorgkantoorregio; arbeidsmarktregio; jeugdregio,"Het bestand CBS gebiedsindelingen geeft de gebiedsindelingen die het CBS hanteert. De indelingen zijn gegeven van 2016 t/m het meest recente jaar in gegeneraliseerde vorm. Het meest recente jaar bevat in de eerste helft van dat jaar voorlopige grenzen en nog geen wijken en buurten voor dat jaar. De volgende gebiedsindelingen kunnen voorkomen: Gemeente, Landsdeel, Provincie, Buurt, COROP-gebied, GGD-regio, NUTS3, NUTS1, NUTS2, Wijk, Grootstedelijke aglomeratie, Stadsgewest, COROP-plusgebied, COROP-subgebied, Landbouwgebied, Landbouwgroep, RPA-gebied, Toeristengroep, Toeristengebied, Arrondissementsgebied, Brandweerregio, Kamer van Koophandelregio, Politieregio, Regionale Eenheid, Veiligheidsregio, Zorgkantoorregio, Arbeidsmarktregio en Jeugdregio. In de metadata zijn alleen de lagen van het laatste jaar opgenomen.",,beheerpdok@kadaster.nl,,,,,"('2.55496711', '50.63305917', '7.80148461', '53.67894732')",Geen beperkingen (https://creativecommons.org/publicdomain/mark/1.0/deed.nl),otherRestrictions,,https://service.pdok.nl/cbs/gebiedsindelingen/2016/wfs/v1_0?request=GetCapabilities&service=WFS
d02f6d69-a63c-49c2-b0cd-fd6b7d736f1e,dataset,ISO 19115,WMS; WFS,2024-01-18,dut,,Stedelijk gebied (Omgevingsverordening),STEDELIJKE GEBIEDEN; BEBOUWINGSCLUSTERS; RUIMTELIJKE ORDENING; OMGEVINGSWET; PROVINCIALE VERORDENINGEN; Downloadable Data,"Dit bestand bevat het stedelijk gebied zoals vastgesteld in de Omgevingsverordening provincie Groningen.  Onder stedelijk gebied verstaan wij een stedenbouwkundig samenstel van bebouwing ten behoeve van wonen, dienstverlening, bedrijvigheid, detailhandel en horeca, en de daarbij behorende openbare of sociaal culturele voorzieningen, stedelijk groen en water en infrastructuur.",Provincie Groningen,geoportaal@provinciegroningen.nl,,,,Datateam Beleid (Provincie Groningen),"('6.176', '52.844029', '7.236427', '53.469083')",Geen beperkingen (https://creativecommons.org/publicdomain/mark/1.0/deed.nl),otherRestrictions,,https://geoservices.provinciegroningen.nl/server/services/Beleidsplannen/Omgevingsverordening/MapServer/WFSServer?request=GetCapabilities
c6215ca8-c93d-47a4-83e0-5f28c95c8ef1,service,ISO 19115,WMS,2024-08-08,dut,,CBS Gebiedsindelingen 2014 WMS,Statistische eenheden; Gebiedsindeling; Gemeente; Landsdeel; Provincie; Buurt; COROP-gebied; GGD-regio; NUTS3; NUTS1; NUTS2; Wijk; Grootstedelijke aglomeratie; Stadsgewest; COROP-plusgebied; COROP-subgebied; Landbouwgebied; Landbouwgroep; RPA-gebied; Toeristengroep; Toeristengebied; Arrondissementsgebied; Brandweerregio; Kamer van Koophandelregio; Politieregio; Regionale Eenheid; Veiligheidsregio; Zorgkantoorregio; Arbeidsmarktregio; Jeugdregio,Deze service bevat de CBS Gebiedsindelingen van 2014. De volgende gebiedsindelingen kunnen voorkomen: Gemeente Landsdeel Provincie Buurt COROP-gebied GGD-regio NUTS1 NUTS2 NUTS3 Wijk COROP-plusgebied COROP-subgebied Landbouwgebied Landbouwgroep RPA-gebied Toeristengroep Toeristengebied Arrondissementsgebied KamervanKoophandelregio Regionale-Eenheid Veiligheidsregio Veiligthuisregio Zorgkantoorregio Arbeidsmarktregio Regioplus-arbeidsmarktregio Jeugdregio Ressort RES-regio Regionaalmeldcoördinatiepunt Regionale-energiestrategie SubRES-regio,,beheerpdok@kadaster.nl,,,,,"('1.086', '50.5622', '8.4677', '55.8094')","Naamsvermelding verplicht, organisatienaam (https://creativecommons.org/licenses/by/4.0/deed.nl)",otherRestrictions,,
d0a74fe3-a9e9-40b6-973e-f4cdbaf83eac,service,ISO 19115,WFS,2024-08-08,dut,,CBS Gebiedsindelingen 2011 WFS,Statistische eenheden; Gebiedsindeling; Gemeente; Landsdeel; Provincie; Buurt; COROP-gebied; GGD-regio; NUTS3; NUTS1; NUTS2; Wijk; Grootstedelijke aglomeratie; Stadsgewest; COROP-plusgebied; COROP-subgebied; Landbouwgebied; Landbouwgroep; RPA-gebied; Toeristengroep; Toeristengebied; Arrondissementsgebied; Brandweerregio; Kamer van Koophandelregio; Politieregio; Regionale Eenheid; Veiligheidsregio; Zorgkantoorregio; Arbeidsmarktregio; Jeugdregio,Deze service bevat de CBS Gebiedsindelingen van 2011. De volgende gebiedsindelingen kunnen voorkomen: Gemeente Landsdeel Provincie Buurt COROP-gebied GGD-regio NUTS1 NUTS2 NUTS3 Wijk COROP-plusgebied COROP-subgebied Landbouwgebied Landbouwgroep RPA-gebied Toeristengroep Toeristengebied Arrondissementsgebied KamervanKoophandelregio Regionale-Eenheid Veiligheidsregio Veiligthuisregio Zorgkantoorregio Arbeidsmarktregio Regioplus-arbeidsmarktregio Jeugdregio Ressort RES-regio Regionaalmeldcoördinatiepunt Regionale-energiestrategie SubRES-regio,,beheerpdok@kadaster.nl,,,,,"('1.086', '50.5622', '8.4677', '55.8094')","Naamsvermelding verplicht, organisatienaam (https://creativecommons.org/licenses/by/4.0/deed.nl)",otherRestrictions,,https://service.pdok.nl/cbs/gebiedsindelingen/2011/wfs/v1_0?request=GetCapabilities&service=WFS
7e50de6a-1f01-4926-bc70-d9d71ea91d16,service,ISO 19115,WFS,2024-08-08,dut,,CBS Gebiedsindelingen 1999 WFS,Statistische eenheden; Gebiedsindeling; Gemeente; Landsdeel; Provincie; Buurt; COROP-gebied; GGD-regio; NUTS3; NUTS1; NUTS2; Wijk; Grootstedelijke aglomeratie; Stadsgewest; COROP-plusgebied; COROP-subgebied; Landbouwgebied; Landbouwgroep; RPA-gebied; Toeristengroep; Toeristengebied; Arrondissementsgebied; Brandweerregio; Kamer van Koophandelregio; Politieregio; Regionale Eenheid; Veiligheidsregio; Zorgkantoorregio; Arbeidsmarktregio; Jeugdregio,Deze service bevat de CBS Gebiedsindelingen van 1999. De volgende gebiedsindelingen kunnen voorkomen: Gemeente Landsdeel Provincie Buurt COROP-gebied GGD-regio NUTS1 NUTS2 NUTS3 Wijk COROP-plusgebied COROP-subgebied Landbouwgebied Landbouwgroep RPA-gebied Toeristengroep Toeristengebied Arrondissementsgebied KamervanKoophandelregio Regionale-Eenheid Veiligheidsregio Veiligthuisregio Zorgkantoorregio Arbeidsmarktregio Regioplus-arbeidsmarktregio Jeugdregio Ressort RES-regio Regionaalmeldcoördinatiepunt Regionale-energiestrategie SubRES-regio,,beheerpdok@kadaster.nl,,,,,"('1.086', '50.5622', '8.4677', '55.8094')","Naamsvermelding verplicht, organisatienaam (https://creativecommons.org/licenses/by/4.0/deed.nl)",otherRestrictions,,https://service.pdok.nl/cbs/gebiedsindelingen/1999/wfs/v1_0?request=GetCapabilities&service=WFS
3bfab77c-1663-4334-b7cb-b972de6096b1,service,ISO 19115,WMS,2025-07-15,dut,,Geluidszones Rondom Vliegvelden (INSPIRE geharmoniseerd) WMS,gebiedsbeheer; areamanagement; management/restriction/regulationzones; noiserestricionzones,Deze dataset bevat Geluidszones rondom vliegvelden van het Inspire thema Aera Management.,,beheerpdok@kadaster.nl,,,,,"('2.5615', '50.9852', '7.5053', '53.8998')",Geen beperkingen (https://creativecommons.org/publicdomain/mark/1.0/deed.nl),otherRestrictions,,
d7173ac9-f953-48a3-9567-e2cf415f32a1,service,ISO 19115,WMTS,2024-06-18,dut,,Luchtfoto Landelijke Voorziening Beeldmateriaal (2014) WMTS,Landelijke voorziening beeldmateriaal; LVB; Beeldmateriaal; Orthofotomozaiek; Orthofoto; Ortho; Luchtfoto; Mozaiek; Hoge resolutie; HR; Luchtbeelden; Lage resolutie; Infrarood,"De orthofotomozaieken zijn een samenstelling van afzonderlijke orthofoto's, in principe van de centrale gedeelten van iedere orthofoto. Daardoor is de omvalling in de mozaieken zo klein mogelijk gehouden. De orthomozaieken zijn landsdekkend.
Binnen de service worden 3 lagen per jaargang aangeboden,
- Hoge resolutie orthofoto onder de naam Ortho10
- Lage resolutie orthofoto (RGB) onder de naam Ortho25
- Lage resolutie orthofoto (CIR) onder de naam Ortho25IR",,beheerpdok@kadaster.nl,,,,,"('2.0403', '50.5273', '8.3607', '53.7935')",Geen beperkingen (https://creativecommons.org/publicdomain/mark/1.0/deed.nl),otherRestrictions,,
b7bab828-ea61-4148-9b24-6b864c07491e,dataset,ISO 19115,WMS,2025-02-19,dut,28992,Luchtfoto 2018 Gemeente Koggenland,WMS; GEOSERVER; Luchtfoto,Luchtfoto 2018 Gemeente Koggenland,Gemeente Koggenland,geo@koggenland.nl,,,,,"('4.8433', '52.584', '5.0565', '52.7112')",Geen beperkingen,otherRestrictions,,
ee6898d8-6ea2-4318-a2d5-48f74009878e,dataset,ISO 19115,WMTS; WMS,2018-07-02,dut,28992,Luchtfoto 2008 25cm RGB Ortho,zomer; luchtfoto; 2008; ortho; rgb; landelijke voorziening beeldmateriaal; lvb; beeldmateriaal; orthofoto; ortho25; orthofotomozaïek; mozaïek; orthofotomozaiek; mozaiek; lage resolutie; lr,RGB zomerluchtfoto van 2008 met een resolutie van 25cm.,Waterschap Hunze en Aa's,gis_info@hunzeenaas.nl,,,,Waterschap Hunze en Aa's; Waterschap Hunze en Aa's,"('6.274500417904351', '52.6482562858353', '7.570597529185045', '53.47291066142737')",Geen beperkingen,otherRestrictions,,
b2e6946a-33e5-4472-8011-cbab60433437,dataset,ISO 19115,WMS; WFS,2024-01-15,dut,,Basistoervaartnet (Omgevingsverordening),VAARRECREATIE; PLEZIERVAART; WATERWEGEN; INFRASTRUCTUUR; OMGEVINGSWET; PROVINCIALE VERORDENINGEN; Downloadable Data,Dit bestand bevat het basistoervaartnet zoals vastgesteld in de Omgevingsverordening provincie Groningen. Wij willen het landelijke toervaartnet in stand houden en werken aan het verder verbeteren hiervan. Dit doen wij door het meefinancieren van projecten van gemeenten en waterschappen. We sluiten aan bij de richtlijnen voor verschillende categorieën vaarwegen in de landelijke Basisvisie Recreatietoervaart Nederland (BRTN). Voor de bijbehorende doorvaartmaten gaan wij uit van het principe 'Houden wat je hebt'.,Provincie Groningen,geoportaal@provinciegroningen.nl,,,,Datateam Beleid (Provincie Groningen),"('6.158066', '52.836577', '7.228343', '53.477595')",Geen beperkingen (https://creativecommons.org/publicdomain/mark/1.0/deed.nl),otherRestrictions,,https://geoservices.provinciegroningen.nl/server/services/Beleidsplannen/Omgevingsverordening/MapServer/WFSServer?request=GetCapabilities
8498D10B8A111D43E053D2041EACBDD8,dataset,ISO 19115,WMS; WFS,2022-06-01,dut,28992,Omgevingsvisie 2018 - Wateroogstgebied Hunze,locaties,"Door Provinciale Staten van Drenthe op 3 oktober 2018 vastgestelde versie va Wateroogstgebied Hunze. De provincie Drenthe houdt zoveel mogelijk water vast in het stroomgebied van de Hunze, met het oog op compensatie van grondwaterwinningen in de benedenloop. Uiterlijk in 2019 is duidelijk of in het Hunzedal een aanvullende strategische grondwatervoorraad moet worden aangewezen om een mogelijke sterke groei in de vraag naar drinkwater te kunnen opvangen. Kaart Robuust en klimaatbestendig watersysteem.",Provincie Drenthe,post@drenthe.nl,,,,Team Gis/Cartografie (Provincie Drenthe),"('6.105', '52.601', '7.109', '53.213')",Geen beperkingen,otherRestrictions,,https://kaartportaal.drenthe.nl/server/services/GDB_actueel/GBI_AOV18_K10_WATEROOGST_V/MapServer/WFSServer
364a6edc-a6a1-4f58-8ffb-642314ed67dc,dataset,ISO 19115,WMS,2022-12-16,dut,28992,Stikstofdioxide 2016 (NO2),NO2; stikstofdioxide; model; luchtkwaliteit; gezondheid,Deze kaart toont de gemodelleerde concentratie stikstofdioxide (µg NO2/m³) voor 2016 op basis van rekenpunten uit de monitoringstool van het nsl. Deze vlakdekkende kaart van Nederland heeft een resolutie van 25 meter.,Atlas Leefomgeving,atlasleefomgeving@rivm.nl,,,,,"('2.9384090107371654', '50.69124495110863', '7.3896774891517225', '53.642935777862114')",Geen beperkingen,otherRestrictions,,
d9f6fb02-b9ed-5f74-b385-b008f93382e1,dataset,ISO 19115,,2024-11-27,dut,28992,Wateraanvoer (historie),water,Wateraanvoergebieden (onderdeel van het Wateraanvoerbesluit 1988).,Provincie Drenthe,post@drenthe.nl,,,,Team Gis/Cartografie (Provincie Drenthe),"('6.0638', '52.5572', '7.2136', '53.2563')",Geen beperkingen,copyright,,
bfc80838-a818-47c9-b4cb-af9ee125085f,dataset,ISO 19115,WFS; WMS,2017-09-11,dut,28992,Kwik (Hg) belasting oppervlaktewater 2014,Emissieregistratie; Emissie; PRTR; Kwik; Hg; Water; Belasting oppervlaktewater; 2014,Kwik (Hg) belasting oppervlaktewater uit alle bronnen in 2014 in kg per jaar. Emissieregistratie 1990 - 2014. (vastgesteld 2016),RIVM,emissieregistratie@rivm.nl,,,,RIVM; RIVM,"('2.1943769153799892', '50.719508224348104', '8.04038938277185', '54.987059919430585')",Geen beperkingen,otherRestrictions,,http://geodata.rivm.nl/geoserver/erpub/wfs/?
89ed3460-ebe3-450f-bb83-d9f46b1edb97,dataset,ISO 19115,WMS,2025-02-19,dut,28992,Luchtfoto 2020 Gemeente Koggenland,WMS; GEOSERVER; Luchtfoto,Luchtfoto 2020 Gemeente Koggenland,Gemeente Koggenland,geo@koggenland.nl,,,,,"('4.8433', '52.584', '5.0565', '52.7112')",Geen beperkingen,otherRestrictions,,
0e043d15-91f0-5d9a-aeff-d642f192f46e,dataset,ISO 19115,,2008-10-24,dut,28992,Bos- en natuurgebied (POP2) (historie),bos; natuur; natuurdoeltype,"Op 7 juli 2004 is door Provinciale Staten het Provinciaal Omgevingsplan Drenthe II vastgesteld. Hierin zijn op kaart 7 de bos- en natuurgebieden voorzover deze vallen binnen de Drentse natuurdoeltypen, opgenomen.",Provincie Drenthe,post@drenthe.nl,,,,Team Gis/Cartografie (Provincie Drenthe),"('6.105', '52.601', '7.109', '53.213')",Geen beperkingen,copyright,,
69699558-7d9e-49cb-a3f7-68b0c9f946e1,dataset,ISO 19115,,2019-11-28,dut,28992,Tijd- en meetreeksen,Meetreeksen; Kwantiteit; Waterhoogte; debiet; Meetpunten,Informatiepagina voor het gebruik van webservices voor het ontsluiten van tijd- en meetreeksgegevens,Waterschap Hunze en Aa's,Waterschap@hunzeenaas.nl,,,,Waterschap Hunze en Aa's; Waterschap Hunze en Aa's,"('6', '52', '7.21097', '53.4658')",Geen beperkingen,otherRestrictions,,
c6249d95-9c7a-4a08-8d94-86cb0bbf8be9,service,ISO 19115,WMS,2024-05-21,dut,,Luchtfoto Landelijke Voorziening Beeldmateriaal (2018) WMS,Landelijke voorziening beeldmateriaal; LVB; Beeldmateriaal; Orthofotomozaiek; Orthofoto; Ortho; Luchtfoto; Mozaiek; Mozaiek; Hoge resolutie; HR; Luchtbeelden; Lage resolutie; Infrarood; infoMapAccessService,"De orthofotomozaieken zijn een samenstelling van afzonderlijke orthofoto's, in principe van de centrale gedeelten van iedere orthofoto. Daardoor is de omvalling in de mozaieken zo klein mogelijk gehouden. De orthofotomozaïeken zijn landsdekkend.
Sinds 2016 is er, naast de definitieve webservice Ortho10, ook een webservice Quick_Ortho10. Tevens is er een webservice Quick_Ortho25 naast de onder Open Data beschikbare webservice Ortho25. De beelden in de beide Quick_Ortho lagen zijn geometrisch van voldoende kwaliteit en komen versneld beschikbaar, maar kleuren en snijlijnen zijn nog niet optimaal.
De definitieve webservices Ortho25 en Ortho25IR zijn m.i.v. 2016 open data en worden in een afzonderlijke WMS aangeboden.

Binnen de service worden tijdens de opbouwfase 3 lagen per jaargang aangeboden. Ongeveer een maand na landsdekkend beschikbaar komen van de definitieve lagen zijn de beide Quick-Ortho lagen niet langer beschikbaar.
- Hoge resolutie quick-orthofoto onder de naam Quick_Ortho10 (tijdelijke laag)
- Hoge resolutie orthofoto onder de naam Ortho10 (landsdekkend beschikbaar) 
- Lage resolutie quick-orthofoto (RGB) onder de naam Quick_Ortho25 (tijdelijke laag)",Beheer PDOK,beheerpdok@kadaster.nl,,,,,"('2.017', '50.5267', '8.4381', '53.683')",Geo gedeeld licentie,otherRestrictions,,
8498D10B89E31D43E053D2041EACBDD8,dataset,ISO 19115,WMS; WFS,2022-06-01,dut,28992,Omgevingsvisie 2018 - Glastuinbouw,locaties,Door Provinciale Staten van Drenthe op 3 oktober 2018 vastgestelde versie van Glastuinbouw. De provincie Drenthe geeft de ruimte voor de ontwikkeling van de glastuinbouw op de aangewezen locaties in de clusters Erica en Klazienaveen in de gemeente Emmen. Het clusteren op deze glastuinbouwlocaties is ingegeven vanuit duurzaamheid en de logistieke mogelijkheden. Nieuwvestiging buiten deze clusters wordt uitgesloten. Kaart robuust landbouwsysteem,Provincie Drenthe,post@drenthe.nl,,,,Team Gis/Cartografie (Provincie Drenthe),"('6.105', '52.601', '7.109', '53.213')",Geen beperkingen,otherRestrictions,,https://kaartportaal.drenthe.nl/server/services/GDB_actueel/GBI_AOV18_K6_GLASTUINBOUW_V/MapServer/WFSServer
858CFECC3A354638E053D2041EAC26AA,dataset,ISO 19115,,2024-03-28,dut,28992,Provinciale Omgevingsverordening 2018 - Sturingsniveaus (historie),locaties,"Deze kaartlaag maakt onderdeel uit van de op 3 oktober 2018 vastgestelde versie van de Provinciale Omgevingsverordening Drenthe. (Bijbehorende kaart D6). Het veiligstellen van cultuurhistorische waarden en tegelijkertijd het bieden van ruimte voor ontwikkelingen, vraagt om een heldere wijze van sturing. De provincie Drenthe maakt onderscheid tussen drie sturingsniveaus: respecteren, voorwaarden stellen en eisen stellen. De sturingsniveaus zijn gebiedsgericht toegepast en weergegeven in de kaart in het Cultuurhistorische Kompas.",Provincie Drenthe,post@drenthe.nl,,,,Team Gis/Cartografie (Provincie Drenthe),"('6.105', '52.601', '7.109', '53.213')",Geen beperkingen,otherRestrictions,,
ffffffe0-21c5-58c4-8aea-81939af6cd54,dataset,ISO 19115,,2012-10-29,dut,28992,Geluidscontour nachtperiode EU-geluidsbelastingkaart 2011 (historie),EU-geluidsbelastingkaart; geluidscontouren,Geluidscontouren nachtperiode voor het basisjaar 2011. Dataset is tot stand gekomen in het kader van EU-richtlijn Omgevingslawaai. Dataset wordt eens per vijf jaar gemaakt. Deze dataset is gebaseerd op alle provinciale wegen.,Provincie Drenthe,post@drenthe.nl,,,,Team Gis/Cartografie (Provincie Drenthe),"('6.105', '52.601', '7.109', '53.213')",Geen beperkingen,copyright,,
e6c18185-719e-4729-8131-798dd9a69e8d,service,ISO 19115,WMS,2025-03-25,dut,,Zwemwater (Provinciaal en Rijkswateren) (INSPIRE geharmoniseerd) WMS,gebiedsbeheer; areamanagement; zwemwater; management; restriction; regulation zones; designated waters,Gebiedsbescherming. Deze dataset bevat Zwemwaterlocaties (Provinciaal en Rijkswateren) van het Inspire thema Aera Management.,,beheerpdok@kadaster.nl,,,,,"('1.1119', '50.2999', '9.2212', '54.0089')",Geen beperkingen (https://creativecommons.org/publicdomain/mark/1.0/deed.nl),otherRestrictions,,
18fd22e5-f5aa-4789-8ab7-fe4438b0f13d,dataset,ISO 19115,WFS; WMS,2017-09-11,dut,28992,Fosfor (P-totaal) belasting oppervlaktewater 2014.,Emissieregistratie; Emissie; PRTR; Water; p-totaal; belasting oppervlaktewater; 2014,Fosfor (P-totaal) belasting oppervlaktewater uit alle bronnen in 2014 in kg per jaar. Emissieregistratie 1990 - 2014. (vastgesteld 2016),RIVM,emissieregistratie@rivm.nl,,,,RIVM; RIVM,"('2.1943769153799892', '50.719508224348104', '8.04038938277185', '54.987059919430585')",Geen beperkingen,otherRestrictions,,http://geodata.rivm.nl/geoserver/erpub/wfs/?
34f9749c-9b7f-4543-98e5-31a262940cd7,dataset,ISO 19115,,2019-11-26,dut,28992,Effecten van valproïnezuur en carbamazepine op humane neurale stamcel differentiatie,toxicogenomics; Homo sapiens; valproic acid; carbamazepine; antiepileptica,genexpressie in humane neurale stamcellen na blootstelling aan stoffen,RIVM/V&Z/GZB,jeroen.pennings@rivm.nl,,,,RIVM/V&Z/GZB; RIVM/V&Z/GZB,"('2.1943769153799892', '50.719508224348104', '8.04038938277185', '54.987059919430585')",Geen beperkingen,otherRestrictions,,
b814e868-05a9-4efc-be5d-dd401856f0a8,service,ISO 19115,WMS,2024-05-21,dut,,Luchtfoto Landelijke Voorziening Beeldmateriaal (2017) WMS,Landelijke voorziening beeldmateriaal; LVB; Beeldmateriaal; Orthofotomozaiek; Orthofoto; Ortho; Luchtfoto; Mozaiek; Mozaiek; Hoge resolutie; HR; Luchtbeelden; Lage resolutie; Infrarood; infoMapAccessService,"De orthofotomozaieken zijn een samenstelling van afzonderlijke orthofoto's, in principe van de centrale gedeelten van iedere orthofoto. Daardoor is de omvalling in de mozaieken zo klein mogelijk gehouden. De orthofotomozaïeken zijn landsdekkend.
Sinds 2016 is er, naast de definitieve webservice Ortho10, ook een webservice Quick_Ortho10. Tevens is er een webservice Quick_Ortho25 naast de onder Open Data beschikbare webservice Ortho25. De beelden in de beide Quick_Ortho lagen zijn geometrisch van voldoende kwaliteit en komen versneld beschikbaar, maar kleuren en snijlijnen zijn nog niet optimaal.
De definitieve webservices Ortho25 en Ortho25IR zijn m.i.v. 2016 open data en worden in een afzonderlijke WMS aangeboden.

Binnen de service worden tijdens de opbouwfase 3 lagen per jaargang aangeboden. Ongeveer een maand na landsdekkend beschikbaar komen van de definitieve lagen zijn de beide Quick-Ortho lagen niet langer beschikbaar.
- Hoge resolutie quick-orthofoto onder de naam Quick_Ortho10 (tijdelijke laag)
- Hoge resolutie orthofoto onder de naam Ortho10 
- Lage resolutie quick-orthofoto (RGB) onder de naam Quick_Ortho25 (tijdelijke laag)",Beheer PDOK,beheerpdok@kadaster.nl,,,,,"('2.017', '50.5267', '8.4381', '53.683')",Geo gedeeld licentie,otherRestrictions,,
98a426e6-3d65-430d-9cae-af5cb48235f1,service,ISO 19115,WMTS,2024-06-12,dut,,Luchtfoto Landelijke Voorziening Beeldmateriaal (2018) WMTS,Landelijke voorziening beeldmateriaal; LVB; Beeldmateriaal; Orthofotomozaiek; Orthofoto; Ortho; Luchtfoto; Mozaiek; Hoge resolutie; HR; Luchtbeelden; Lage resolutie; Infrarood,"De orthofotomozaieken zijn een samenstelling van afzonderlijke orthofoto's, in principe van de centrale gedeelten van iedere orthofoto. Daardoor is de omvalling in de mozaieken zo klein mogelijk gehouden. De orthomozaieken zijn landsdekkend.
Binnen de service worden tijdens de opbouwfase 3 lagen per jaargang aangeboden. Ongeveer een maand na landsdekkend beschikbaar komen van de definitieve lagen zijn de beide Quick-Ortho lagen niet langer beschikbaar.
- Hoge resolutie quick-orthofoto onder de naam Quick_Ortho10 (tijdelijke laag )
- Hoge resolutie orthofoto onder de naam Ortho10 (landsdekkend beschikbaar) 
- Lage resolutie quick-orthofoto (RGB) onder de naam Quick_Ortho25 (tijdelijke laag)",,beheerpdok@kadaster.nl,,,,,"('1.1913', '50.3574', '9.1181', '53.9548')",Geen beperkingen (https://creativecommons.org/publicdomain/mark/1.0/deed.nl),otherRestrictions,,
b0336e6b-947d-4b92-a037-50264a74fe59,service,ISO 19115,WMTS,2024-06-18,dut,,Luchtfoto Landelijke Voorziening Beeldmateriaal (2017) WMTS,Landelijke voorziening beeldmateriaal; LVB; Beeldmateriaal; Orthofotomozaiek; Orthofoto; Ortho; Luchtfoto; Mozaiek; Hoge resolutie; HR; Luchtbeelden; Lage resolutie; Infrarood,"De orthofotomozaieken zijn een samenstelling van afzonderlijke orthofoto's, in principe van de centrale gedeelten van iedere orthofoto. Daardoor is de omvalling in de mozaieken zo klein mogelijk gehouden. De orthomozaieken zijn landsdekkend.
Binnen de service worden tijdens de opbouwfase 3 lagen per jaargang aangeboden. Ongeveer een maand na landsdekkend beschikbaar komen van de definitieve lagen zijn de beide Quick-Ortho lagen niet langer beschikbaar.
- Hoge resolutie quick-orthofoto onder de naam Quick_Ortho10 (tijdelijke laag)
- Hoge resolutie orthofoto onder de naam Ortho10 
- Lage resolutie quick-orthofoto (RGB) onder de naam Quick_Ortho25 (tijdelijke laag)",,beheerpdok@kadaster.nl,,,,,"('1.1913', '50.3574', '9.1181', '53.9548')",Geen beperkingen (https://creativecommons.org/publicdomain/mark/1.0/deed.nl),otherRestrictions,,
9e30b5e0-2587-4352-95fa-09210c088ff8,service,ISO 19115,WMTS,2024-06-18,dut,,Luchtfoto Landelijke Voorziening Beeldmateriaal (2016) WMTS,Landelijke voorziening beeldmateriaal; LVB; Beeldmateriaal; Orthofotomozaiek; Orthofoto; Ortho; Luchtfoto; Mozaiek; Hoge resolutie; HR; Luchtbeelden; Lage resolutie; Infrarood,"De orthofotomozaieken zijn een samenstelling van afzonderlijke orthofoto's, in principe van de centrale gedeelten van iedere orthofoto. Daardoor is de omvalling in de mozaieken zo klein mogelijk gehouden. De orthomozaieken zijn landsdekkend.
Binnen de service worden tijdens de opbouwfase 3 lagen per jaargang aangeboden. Ongeveer een maand na landsdekkend beschikbaar komen van de definitieve lagen zijn de beide Quick-Ortho lagen niet langer beschikbaar.
- Hoge resolutie quick-orthofoto onder de naam Quick_Ortho10 (tijdelijke laag)
- Hoge resolutie orthofoto onder de naam Ortho10
- Lage resolutie quick-orthofoto (RGB) onder de naam Quick_Ortho25 (tijdelijke laag)",,beheerpdok@kadaster.nl,,,,,"('1.1913', '50.3574', '9.1181', '53.9548')",Geen beperkingen (https://creativecommons.org/publicdomain/mark/1.0/deed.nl),otherRestrictions,,
c3593105-cd26-48a4-bd06-ad931cc262da,service,ISO 19115,WMTS,2024-06-18,dut,,Luchtfoto Landelijke Voorziening Beeldmateriaal (2012) WMTS,Landelijke voorziening beeldmateriaal; LVB; Beeldmateriaal; Orthofotomozaiek; Orthofoto; Ortho; Luchtfoto; Mozaiek; Hoge resolutie; HR; Luchtbeelden; Lage resolutie; Infrarood,"De orthofotomozaieken zijn een samenstelling van afzonderlijke orthofoto's, in principe van de centrale gedeelten van iedere orthofoto. Daardoor is de omvalling in de mozaieken zo klein mogelijk gehouden. De orthomozaieken zijn landsdekkend.
Binnen de service worden 3 lagen per jaargang aangeboden,
- Hoge resolutie orthofoto onder de naam Ortho10
- Lage resolutie orthofoto (RGB) onder de naam Ortho25
- Lage resolutie orthofoto (CIR) onder de naam Ortho25IR",,beheerpdok@kadaster.nl,,,,,"('2.0403', '50.5273', '8.3607', '53.7935')",Geen beperkingen (https://creativecommons.org/publicdomain/mark/1.0/deed.nl),otherRestrictions,,
56b3e195-a631-4d76-a90e-0467900c65a1,service,ISO 19115,WFS,2024-11-15,dut,,Nationale EnergieAtlas informatielagen Kadaster WFS,"Nationale EnergieAtlas; Bezitsverhouding woningen; Potentiële ""Nul op de Meter"" woningen; Gebouwbezit overheid","De Nationale EnergieAtlas informatielagen Kadaster betreffen enkele deelkaarten die Kadaster heeft samengesteld. Samen met deelkaarten van andere organisaties vormen deze de basis voor de Nationale EnergieAtlas. Kadaster heeft hierin deelkaarten samengesteld over bezitsverhouding van woningen, potentiële Nul op de Meter woningen en gebouwbezit van de overheid.",,beheerpdok@kadaster.nl,,,,,"('1.6291', '50.4606', '8.5942', '53.8431')",Geen beperkingen (https://creativecommons.org/publicdomain/mark/1.0/deed.nl),otherRestrictions,,https://service.pdok.nl/kadaster/nationale-energie-atlas/wfs/v1_0?request=getCapabilities&service=wfs
69580039-e4db-42c5-bff7-501e5cf336e7,dataset,ISO 19115,WMS; WFS,2014-01-28,dut,28992,Depots,GROND; BAGGER,"Vlakkenbestand met depots in Fryslân, waarbij per depot is aangegeven of dit actief/niet actief is, en operationeel/niet-operationeel.",provincie Fryslân,provincie@fryslan.frl,,,,,"('5.379', '52.847', '6.275', '53.332')",http://creativecommons.org/publicdomain/mark/1.0/deed.nl,otherRestrictions,,https://geoportaal.fryslan.nl/arcgis/services/ProvinciaalGeoRegister/PGR2/MapServer/WFSServer?
54c2a45b-902a-4253-b5aa-3064e2a6a6e9,service,ISO 19115,WFS,2024-08-08,dut,,CBS Gebiedsindelingen 2000 WFS,Statistische eenheden; Gebiedsindeling; Gemeente; Landsdeel; Provincie; Buurt; COROP-gebied; GGD-regio; NUTS3; NUTS1; NUTS2; Wijk; Grootstedelijke aglomeratie; Stadsgewest; COROP-plusgebied; COROP-subgebied; Landbouwgebied; Landbouwgroep; RPA-gebied; Toeristengroep; Toeristengebied; Arrondissementsgebied; Brandweerregio; Kamer van Koophandelregio; Politieregio; Regionale Eenheid; Veiligheidsregio; Zorgkantoorregio; Arbeidsmarktregio; Jeugdregio,Deze service bevat de CBS Gebiedsindelingen van 2000. De volgende gebiedsindelingen kunnen voorkomen: Gemeente Landsdeel Provincie Buurt COROP-gebied GGD-regio NUTS1 NUTS2 NUTS3 Wijk COROP-plusgebied COROP-subgebied Landbouwgebied Landbouwgroep RPA-gebied Toeristengroep Toeristengebied Arrondissementsgebied KamervanKoophandelregio Regionale-Eenheid Veiligheidsregio Veiligthuisregio Zorgkantoorregio Arbeidsmarktregio Regioplus-arbeidsmarktregio Jeugdregio Ressort RES-regio Regionaalmeldcoördinatiepunt Regionale-energiestrategie SubRES-regio,,beheerpdok@kadaster.nl,,,,,"('1.086', '50.5622', '8.4677', '55.8094')","Naamsvermelding verplicht, organisatienaam (https://creativecommons.org/licenses/by/4.0/deed.nl)",otherRestrictions,,https://service.pdok.nl/cbs/gebiedsindelingen/2000/wfs/v1_0?request=GetCapabilities&service=WFS
df9b4e3e-7bd8-4c3e-aea6-414d44117d26,dataset,ISO 19115,WMS; WFS,2022-04-20,dut,,Geluidsbelasting provinciale wegen - 24 uur,geluid; geluidszones; Downloadable Data,"In dit bestand zijn de geluidscontouren langs provinciale wegen vastgelegd zoals deze zijn berekend voor de EU-geluidskartering, 3e tranche. De Lden-contouren weerspiegelen de situatie voor het peiljaar 2016. Attributen: Naam: Lden_2016: gebroken getal, in dB Omschrijving: maximale etmaalwaarde.",Provincie Noord-Holland,kaartendata@noord-holland.nl,,,,,"('4.517', '52.176', '5.292', '53.067')",Geo Gedeeld licentie (http://creativecommons.org/publicdomain/mark/1.0/deed.nl),copyright,,https://geoservices.noord-holland.nl/ags/services/oi_dataservice_alg/MapServer/WFSServer?request=GetCapabilities&service=WFS
557f39e4-faa8-4b9b-a6fa-6b929b67e0ae,service,ISO 19115,WMS,2025-03-12,dut,,CBS Vierkantstatistieken 100m 2016 WMS,demografie; vierkant; grid; statistiek; bevolking; inwoners; leeftijd; herkomst; woningen; inkomen; sociale_zekerheid; woz; woningeigendom; huur; voorziening; nabijheid; statistische_eenheden; spreiding_van_de_bevolking,"Het bestand CBS vierkanten 100m bevat statistische gegevens per 100 meter bij 100 meter vierkant. Met ingang van maart 2022 is het jaar 2021 toegevoegd en zijn het aantal kerncijfers van de jaren 2020 en 2019 aanzienlijk uitgebreid met gegevens over demografie, woningen, energie, inkomen, sociale zekerheid, nabijheid van voorzieningen en dichtheid.",,beheerpdok@kadaster.nl,,,,,"('3.1467', '50.7309', '7.3467', '53.5083')",Geen beperkingen (https://creativecommons.org/publicdomain/mark/1.0/deed.nl),otherRestrictions,,
ffffff8f-c688-5a11-ad41-ab37e7ad5d63,dataset,ISO 19115,,2011-01-01,dut,28992,"Beinvloedingsgebied woningmarkt (vlakken) (OGV, 2010) (historie)",omgevingsvisie,Op 2 juni 2010 is door Provinciale Staten de Omgevingsvisie vastgesteld. Op kaart 6 zijn de beinvloedingsgebieden van de woningmarkt aangegeven. Het betreft hier een schets.,Provincie Drenthe,post@drenthe.nl,,,,Team Gis/Cartografie (Provincie Drenthe),"('6.105', '52.601', '7.109', '53.213')",Geen beperkingen,otherRestrictions,,
899da753-d753-4038-ac59-82919bb7d431,service,ISO 19115,WFS,2024-08-08,dut,,CBS Gebiedsindelingen 2002 WFS,Statistische eenheden; Gebiedsindeling; Gemeente; Landsdeel; Provincie; Buurt; COROP-gebied; GGD-regio; NUTS3; NUTS1; NUTS2; Wijk; Grootstedelijke aglomeratie; Stadsgewest; COROP-plusgebied; COROP-subgebied; Landbouwgebied; Landbouwgroep; RPA-gebied; Toeristengroep; Toeristengebied; Arrondissementsgebied; Brandweerregio; Kamer van Koophandelregio; Politieregio; Regionale Eenheid; Veiligheidsregio; Zorgkantoorregio; Arbeidsmarktregio; Jeugdregio,Deze service bevat de CBS Gebiedsindelingen van 2002. De volgende gebiedsindelingen kunnen voorkomen: Gemeente Landsdeel Provincie Buurt COROP-gebied GGD-regio NUTS1 NUTS2 NUTS3 Wijk COROP-plusgebied COROP-subgebied Landbouwgebied Landbouwgroep RPA-gebied Toeristengroep Toeristengebied Arrondissementsgebied KamervanKoophandelregio Regionale-Eenheid Veiligheidsregio Veiligthuisregio Zorgkantoorregio Arbeidsmarktregio Regioplus-arbeidsmarktregio Jeugdregio Ressort RES-regio Regionaalmeldcoördinatiepunt Regionale-energiestrategie SubRES-regio,,beheerpdok@kadaster.nl,,,,,"('1.086', '50.5622', '8.4677', '55.8094')","Naamsvermelding verplicht, organisatienaam (https://creativecommons.org/licenses/by/4.0/deed.nl)",otherRestrictions,,https://service.pdok.nl/cbs/gebiedsindelingen/2002/wfs/v1_0?request=GetCapabilities&service=WFS
efa9ed61-9c02-4892-9608-dedc480ea56a,dataset,ISO 19115,WMS; WFS,2023-12-28,dut,,Nationaal snelwegpanorama Drentsche Aa (Omgevingsverordening),PROVINCIALE VERORDENINGEN; CULTUURLANDSCHAPPEN; NATIONALE PARKEN; WEGEN; NATUUR EN BOS EN LANDSCHAP; OMGEVINGSWET; Downloadable Data,"Dit bestand bevat het Nationaal snelwegpanorama Drentsche Aa langs de A28 zoals vastgesteld in de Omgevingsverordening provincie. In deze Omgevingsverordening hebben wij regels  of bestemmingen opgenomen die het vrije uitzicht vanaf de weg op het nationaal landschap Drentsche Aa waarborgen.    Het Nationaal Landschap Drentsche Aa is een esdorpen- en wegdorpenlandschap, bestaand uit een open beekdal met graslanden op laagveen en petgaten, dat naar de Hondsrug toe overgaat in zandgronden met veel bossen, houtwallen en houtsingels. Circa vijf procent van het Nationaal Landschap Drentsche Aa ligt in onze provincie.  Samen met provincie Drenthe beschermen wij de kleinschaligheid van het landschap, de vrij meanderende beek de Drentsche Aa en de samenhang van essen, bossen, heide en moderne ontginningen.",Provincie Groningen,geoportaal@provinciegroningen.nl,,,,Datateam Beleid (Provincie Groningen),"('6.556841', '53.105622', '6.678758', '53.188904')",Geen beperkingen (https://creativecommons.org/publicdomain/mark/1.0/deed.nl),otherRestrictions,,https://geoservices.provinciegroningen.nl/server/services/Beleidsplannen/Omgevingsverordening/MapServer/WFSServer?request=GetCapabilities
f7e1d116-5369-4333-a682-0d75d72ff529,dataset,ISO 19115,WFS; WMS,2021-03-08,dut,28992,Gezondheidskaart GES Geur industrie 2015,VOLKSGEZONDHEID; GEUROVERLAST; INDUSTRIE; MILIEUVERGUNNINGEN,"Dit bestand bevat gegevens over de geuruitstoot van industriële bedrijven met een vergunning van de provincie en de vertaling daarvan naar gezondheidsrisico's. De provincie heeft met behulp van een geurverspreidingsmodel de 98-percentiel geurcontouren berekend. Bijvoorbeeld 98 percentiel van 5 ge/m3 wil zeggen dat buiten de contour in 98% van de tijd de geurimmissie op een bepaald punt lager zal zijn dan 5 ge/m3. De berekende 98p-geurcontouren zijn conform het Handboek gezondheidseffectscreening stad & milieu 2012 vertaald naar GES-scores. De kaart geeft niet precies de gebieden aan waar geur waarneembaar is, maar hoe groot de kans is dat de geur waarneembaar is en hoe sterk deze geur is. Of iemand de geur ook daarwerkelijk ruikt is afhankelijk van de bedrijfsvoering, het weer, de plek en het reukvermogen van die persoon.",Provincie Noord-Brabant,geo@brabant.nl,,,,,"('4.239', '51.326', '5.912', '51.806')",geen beperkingen,otherRestrictions,,https://atlas.brabant.nl/arcgis/services/pgr_m01_milieu/MapServer/WFSServer
9adf0d81-0372-403c-88c6-e1dfe545f85d,dataset,ISO 19115,WMS; WFS,2023-12-28,dut,,Nationaal Landschap Middag-Humsterland (Omgevingsverordening),PROVINCIALE VERORDENINGEN; CULTUURLANDSCHAPPEN; LANDSCHAPSBESCHERMING; NATIONALE PARKEN; NATUUR EN BOS EN LANDSCHAP; OMGEVINGSWET; Downloadable Data,"Dit bestand bevat het Nationaal Landschap Middag-Humsterland zoals vastgesteld in de Omgevingsverordening provincie Groningen. In deze Omgevingsverordening hebben wij ter bescherming hiervoor regels opgenomen.  Nationaal Landschap Middag-Humsterland is een oud open wierdenlandschap met hoge landschappelijke en archeologische waarde.   Wij zien kansen voor de positionering van Middag-Humsterland als onderdeel van de noordelijke waddenregio, als voorbeeldgebied waar veel landschappelijke en cultuurhistorische waarden behouden zijn gebleven. Wij beschermen in dit gebied de landschappelijke openheid, de onregelmatige blokverkaveling, karakteristieke laagtes, het reliëf van wierden, dijken en natuurlijke laagtes en het beloop en het profiel van de wegen.",Provincie Groningen,geoportaal@provinciegroningen.nl,,,,Datateam Beleid (Provincie Groningen),"('6.332151', '53.258308', '6.509345', '53.322407')",Geen beperkingen (https://creativecommons.org/publicdomain/mark/1.0/deed.nl),otherRestrictions,,https://geoservices.provinciegroningen.nl/server/services/Beleidsplannen/Omgevingsverordening/MapServer/WFSServer?request=GetCapabilities
f3a8d0a3-282b-4113-a31a-49fac42a4049,dataset,ISO 19115,WMS; WFS,2019-02-04,dut,28992,Zones rond wierden en wierdedorpen (Omgevingsvisie 2016-2020),STRUCTUURPLANNEN; BUFFERZONES; CULTUURHISTORIE; CULTUURLANDSCHAPPEN; LANDSCHAPSBESCHERMING,"Dit bestand  bevat zones rond wierden en wierdedorpen zoals vastgesteld in de Omgevingsvisie provincie Groningen 2016-2020.
Wierden is een kernkarakteristiek van onze provincie. Wij beschermen deze waarden.",Provincie Groningen,geoportaal@provinciegroningen.nl,,,,Afdeling INFO (Provincie Groningen),"('6.286', '53.218', '7.080', '53.421')",geen beperkingen,otherRestrictions,,https://geoservices.provinciegroningen.nl/server/services/Beleidsplannen/Omgevingsvisie/MapServer/WFSServer
ffffffa6-1660-5c4d-a9eb-e2ca8427dccd,dataset,ISO 19115,,2011-10-10,dut,28992,Bodemkwaliteit 2010 (historie),aluminium; bodem; cadmium; fosfaat; freatisch water; grondwater; grondwaterkwaliteit; kwaliteit; nikkel; nitraat; normoverschrijding; ondergrond; pH; zink,"Kaartlaag geeft de kwaliteit van de bodem en freatisch grondwater weer in procenten normoverschrijding voor de parameters: NITRAAT, FOSFAAT, ZINK, NIKKEL, CADMIUM, ALUMINIUM en PH. Het gaat hier om het meetjaar 2010/2011.",Provincie Drenthe,post@drenthe.nl,,,,Team Gis/Cartografie (Provincie Drenthe),"('3.1617316', '50.4624242', '7.135964', '53.388444')",Geen beperkingen,copyright,,
575569de-c5d1-4250-991c-4c7ef0b8d3f7,service,ISO 19115,WFS,2025-03-12,dut,,CBS Vierkantstatistieken 100m 2020 WFS,demografie; vierkant; grid; statistiek; bevolking; inwoners; leeftijd; herkomst; woningen; inkomen; sociale_zekerheid; woz; woningeigendom; huur; voorziening; nabijheid; statistische_eenheden; spreiding_van_de_bevolking,"Het bestand CBS vierkanten 100m bevat statistische gegevens per 100 meter bij 100 meter vierkant. Met ingang van juni 2023 is het jaar 2022 toegevoegd en zijn het aantal kerncijfers van de jaren 2021 en 2020 aanzienlijk uitgebreid met gegevens over demografie, woningen, energie, inkomen, sociale zekerheid, nabijheid van voorzieningen en dichtheid voor zover beschikbaar.
               Met ingang van het publicatiejaar 2022 is de indeling van inwoners naar migratieachtergrond vervangen door een indeling naar geboorteland en herkomst.
               Met ingang van het publicatiejaar 2020 is de categorie van het gestandaardiseerd huishoudinkomen komen te vervallen.",,beheerpdok@kadaster.nl,,,,,"('3.1467', '50.7309', '7.3467', '53.5083')",Geen beperkingen (https://creativecommons.org/publicdomain/mark/1.0/deed.nl),otherRestrictions,,https://service.pdok.nl/cbs/vierkantstatistieken100m/2020/wfs/v1_0?request=GetCapabilities&service=WFS
a9edfe9e-efa5-4491-b125-87b218454977,dataset,ISO 19115,WMS; WFS,2022-02-25,dut,28992,Brug,Brug,"Civielkundige constructie die doorgang verschaft voor voetgangers, dieren, voertuigen en diensten boven obstakels of tussen twee punten op een hoogte boven de grond.
Herkomst definitie: Aquo",Waterschap Hunze en Aa's,gis_info@hunzeenaas.nl,,,,Waterschap Hunze en Aa's; Waterschap Hunze en Aa's,"('6.274500417904351', '52.6482562858353', '7.570597529185045', '53.47291066142737')",Geen beperkingen,otherRestrictions,,https://opendata.hunzeenaas.nl/geoserver/wfs
df2b57b0-baef-45da-b00a-36914a11832e,service,ISO 19115,WMS,2024-08-08,dut,,CBS Gebiedsindelingen 2012 WMS,Statistische eenheden; Gebiedsindeling; Gemeente; Landsdeel; Provincie; Buurt; COROP-gebied; GGD-regio; NUTS3; NUTS1; NUTS2; Wijk; Grootstedelijke aglomeratie; Stadsgewest; COROP-plusgebied; COROP-subgebied; Landbouwgebied; Landbouwgroep; RPA-gebied; Toeristengroep; Toeristengebied; Arrondissementsgebied; Brandweerregio; Kamer van Koophandelregio; Politieregio; Regionale Eenheid; Veiligheidsregio; Zorgkantoorregio; Arbeidsmarktregio; Jeugdregio,Deze service bevat de CBS Gebiedsindelingen van 2012. De volgende gebiedsindelingen kunnen voorkomen: Gemeente Landsdeel Provincie Buurt COROP-gebied GGD-regio NUTS1 NUTS2 NUTS3 Wijk COROP-plusgebied COROP-subgebied Landbouwgebied Landbouwgroep RPA-gebied Toeristengroep Toeristengebied Arrondissementsgebied KamervanKoophandelregio Regionale-Eenheid Veiligheidsregio Veiligthuisregio Zorgkantoorregio Arbeidsmarktregio Regioplus-arbeidsmarktregio Jeugdregio Ressort RES-regio Regionaalmeldcoördinatiepunt Regionale-energiestrategie SubRES-regio,,beheerpdok@kadaster.nl,,,,,"('1.086', '50.5622', '8.4677', '55.8094')","Naamsvermelding verplicht, organisatienaam (https://creativecommons.org/licenses/by/4.0/deed.nl)",otherRestrictions,,
e5e19c54-18f3-4a8f-a573-a6b3413eb2f2,dataset,ISO 19115,,2019-11-26,dut,28992,Genexpressie in rattenembryos na blootstelling aan azolen,toxicogenomics; Rattus norvegicus; whole embryo culture; triazolen; flusilazole; ketoconazole; triadimefon; difenoconazole; ketoconazole; miconazole; fenarimol; propiconazole; tebuconazole,genexpressie in rattenembryos na blootstelling aan diverse azolen,RIVM/V&Z/GZB,jeroen.pennings@rivm.nl,,,,RIVM/V&Z/GZB; RIVM/V&Z/GZB,"('2.1943769153799892', '50.719508224348104', '8.04038938277185', '54.987059919430585')",Geen beperkingen,otherRestrictions,,
ffffff8a-b029-512b-b75f-b9fcdfb93eeb,dataset,ISO 19115,WMS; WFS,2022-06-01,dut,28992,Essen van Drenthe,archeologie; cultuurhistorische waarden; essen; natuur,"Dit bestand geeft de in Drenthe aanwezige essen aan varierend van zeer waardevolle es, waardevolle es en overige es tot bebouwde es.",Provincie Drenthe,post@drenthe.nl,,,,Team Gis/Cartografie (Provincie Drenthe),"('6.105', '52.601', '7.109', '53.213')",Geen beperkingen,copyright,,https://kaartportaal.drenthe.nl/server/services/GDB_actueel/GBI_MILIEU_BOBES_ESSEN_V/MapServer/WFSServer
a59ab094-24e4-4375-8ce9-1ab0cc675ed5,dataset,ISO 19115,WMS; WFS,2022-05-05,dut,,Werklocaties bedrijventerrein,bedrijventerreinen; economisch beleid; kantoorlocaties; Economie; Downloadable Data,"Gegevens over bestaande en geplande werklocaties (bedrijventerreinen en kantoorlocaties) worden jaarlijks door de provincie NH verzameld.  De bron is grotendeels een enquête onder gemeenten. Een selectie van de gegevens over bedrijventerreinen wordt  geleverd aan IBIS (Integraal Bedrijventerrein Informatie Systeem, Min. VROM, per 1 jan 2014 IPO). Sinds 2007 worden de gegevens verzameld via een website www.werklocatiesnoord-holland.nl . Sinds 2009 worden daarbij ook geometrische contouren van werklocaties ingetekend op een ondergrond van kadastrale percelen. Iedere werklocatie krijgt een naam en de unieke code RIN  (Ruimtelijk Identificatie Nummer), waardoor koppeling tussen de geografische en administratieve gegevens mogelijk wordt. Werklocaties zijn 2 bestanden.",Provincie Noord-Holland,kaartendata@noord-holland.nl,,,,,"('4.531', '52.192', '5.948', '53.162')",Geo Gedeeld licentie (http://creativecommons.org/publicdomain/zero/1.0/deed.nl),otherRestrictions,,https://geoservices.noord-holland.nl/ags/services/oi_dataservice_alg/MapServer/WFSServer?request=GetCapabilities&service=WFS
1c3450ea-e161-4f50-ad0e-97a36cdd1308,dataset,ISO 19115,WMS; WFS,2025-04-14,dut,4258,Geografische Namen (Nat) - Nederland,Geografische Namen (Nat) - Nederland,"Geografische Namen van het Nederlandse Continentaal Plat, de Waddenzee, het IJsselmeer en Randmeren en de Zeeuwse en Zuidhollandse Wateren onderhouden door de Dienst der Hydrografie.","Ministerie van Defensie, Koninklijke Marine, Dienst der Hydrografie",niet beschikbaar,,,,"Ministerie van Defensie, Koninklijke Marine, Dienst der Hydrografie; Ministerie van Defensie, Koninklijke Marine, Dienst der Hydrografie","('-179.955', '-66.408', '179.8886', '-33.1306')",Geen beperkingen (http://creativecommons.org/publicdomain/mark/1.0/deed.nl),otherRestrictions,,https://inspire1.bathy.online/geoserver/gn/ows?service=WFS&version=2.0.0&request=GetCapabilities
449f50e3-409d-420f-afb9-7d96202200a0,dataset,ISO 19115,WMS; WFS,2025-02-27,dut,28992,Agrarische Veenontginningen,historische geografie; cultuurlandschap; veenontginning; nederzettingen,"De kaart 'Agrarische veenontginningen' uit 2016 biedt een overzicht van kenmerkende agrarische veenontginningsgebieden in Nederland, primair gedefinieerd aan de hand van de in het huidige agrarisch landschap nog aanwezige zichtbare kenmerken van de historische verkavelingsstructuur. 
De kaart bestaat uit 2 lagen: restanten agrarische veenontginningen (vlakken) en veennederzettingen (punt).

De laag 'restanten agrarische veenontginningen' heeft 3 stijlen:
- verkavelingstype (default stijl);
- zichtbaarheid verkavelingsstructuur (Bij de inventarisatie is onderscheid gemaakt in de hoofdstructuur (de door kades omsloten verkavelingsblokken) en de detailstructuur (de losse kavels binnen de blokken). Als historische referentie is de topografische kaart van rond 1850 gebruikt (TMK1850).);
- aard van de perceelscheidingen (sloten of houtsingels).

De agrarische veennederzettingen vormen een belangrijk kenmerk van de veenontginnigsgebieden vanwege de vaak hoge mate van samenhang met de ontginnings- en gebruiksgeschiedenis van deze gebieden. Wellicht het meest duidelijke voorbeeld is het grote aantal boerderijlinten in de huidige veenweidegebieden. Binnen het project zijn de agrarische veennederzettingen geselecteerd die ouder zijn dan circa 1850 en waarvan een relatie met het proces van agrarische veenontginningen bekend is of aannemelijk wordt geacht.",Rijksdienst voor het Cultureel Erfgoed,info@cultureelerfgoed.nl,,Onderzoeks- en adviesbureau Cultuurhistorische projecten,,InfoDesk (Rijksdienst voor het Cultureel Erfgoed); InfoDesk (Rijksdienst voor het Cultureel Erfgoed),"('-0.4683', '49.9601', '10.7008', '54.2191')",Geen beperkingen (https://creativecommons.org/publicdomain/zero/1.0/deed.nl),otherRestrictions,,https://services.rce.geovoorziening.nl/veenontginningen/wfs?request=GetCapabilities
50d5a331-0513-4ae1-8756-41379b0a9d9f,dataset,ISO 19115,WFS; WMS,2022-04-29,dut,,Werkingsgebied - Varend ontgassen,ruimtegebruik; ruimtelijke ordening,"Deze werkingsgebied maakt onderdeel uit van Omgevingsverordening NH2020, vastgesteld op 16-11-2020 (besluitnr.: 1477251/1478383). Het plan is te raadplegen op ruimtelijkeplannen.nl via deze link:  https://www.ruimtelijkeplannen.nl/viewer/view?planidn=NL.IMRO.9927.POVPNH-VG01  Meer informatie over deze werkingsgebied is te lezen in artikel(en): 4.65 t/m 4.72",Provincie Noord-Holland,kaartendata@noord-holland.nl,,,,,"('4.46', '52.164', '5.378', '53.217')",Geo Gedeeld licentie (http://creativecommons.org/publicdomain/mark/1.0/deed.nl),otherRestrictions,,https://geoservices.noord-holland.nl/ags/services/oi_dataservice_povnh2020/MapServer/WFSServer?request=GetCapabilities&service=WFS
2504413e-a77d-4897-9673-a17e2c079453,dataset,ISO 19115,WMS; WFS,2022-06-30,dut,,Bestaande provinciale wegen (Omgevingsvisie 2016-2020),STRUCTUURPLANNEN; PROVINCIALE WEGEN; WEGEN; INFRASTRUCTUUR; Downloadable Data,Dit bestand bevat bestaande provinciale wegen zoals vastgesteld in de Omgevingsvisie provincie Groningen 2016-2020.  Wij zijn beheerder van het provinciaal wegennet. Met ons wegennet dragen wij eraan bij dat onze provincie goed en veilig bereikbaar is en dat er goede verbindingen zijn,Provincie Groningen,geoportaal@provinciegroningen.nl,,,,Datateam Beleid (Provincie Groningen),"('6.180864', '52.846411', '7.235725', '53.448573')",Geen beperkingen (https://creativecommons.org/publicdomain/mark/1.0/deed.nl),otherRestrictions,,https://geoservices.provinciegroningen.nl/server/services/Beleidsplannen/Omgevingsvisie/MapServer/WFSServer?request=GetCapabilities
0d31fb54-7e92-42eb-a121-eb4a02136d52,dataset,ISO 19115,WMS; WFS,2024-03-15,dut,28992,Natuurvriendelijke oever,nvo; n.v.o.; oever; natuur; legger; beheerregister; omgevingswet; werkingsgebied; beperkingengebied; natuurvriendelijke oever; natuurvriendelijke oevers,Oever die ten behoeve van de ecologisch toestand en (natte) natuurwaarden is ingericht met een ondiepe 'natte' zone die oever- en watervegetatie de kans bieden zich te ontwikkelen.,Waterschap Hunze en Aa's,gis_info@hunzeenaas.nl,,,,Waterschap Hunze en Aa's; Waterschap Hunze en Aa's,"('6.4407', '52.6628', '7.2661', '53.3528')",Geen beperkingen,otherRestrictions,,https://opendata.hunzeenaas.nl/geoserver/wfs
e2460798-1f15-4eac-aa53-8c78109fb94d,dataset,ISO 19115,WMS; WFS,2022-05-24,dut,,Drinkwaterwingebieden (Omgevingsvisie 2016-2020),STRUCTUURPLANNEN; DRINKWATERONTTREKKINGEN; WATERWINGEBIEDEN; GRONDWATERONTTREKKINGEN; Downloadable Data,"Dit bestand  bevat drinkwaterwingebieden zoals vastgesteld in de Omgevingsvisie provincie Groningen 2016-2020.   In waterwingebieden zijn in principe alleen activiteiten toegestaan, die direct of indirect samenhangen met de drinkwaterproductie. Activiteiten, die schadelijk kunnen zijn voor de grondwaterwinning zijn hier verboden, zoals het gebruik van mest en bestrijdingsmiddelen, het diep graven of boren en het lozen van schadelijke stoffen op of in de bodem. Hiervoor hebben wij regels opgenomen in de Omgevingsverordening.Grondwaterbeschermingsgebieden bestaan uit drie aparte, losse elementen: - Grondwaterbeschermingsgebieden- Drinkwatergebieden- Gebieden Verbod Fysische Bodemaantasting",Provincie Groningen,geoportaal@provinciegroningen.nl,,,,Afdeling iNFO (Provincie Groningen),"('6.608', '52.957', '7.146', '53.154')",Geen beperkingen (https://creativecommons.org/publicdomain/mark/1.0/deed.nl),otherRestrictions,,https://geoservices.provinciegroningen.nl/server/services/Beleidsplannen/Omgevingsvisie/MapServer/WFSServer?request=GetCapabilities
b39970a9-e1d7-4a20-9fbd-57661f6d6849,service,ISO 19115,WFS,2025-07-18,dut,,CBS Gebiedsindelingen 2018 WFS,statistische eenheden; gebiedsindeling; gemeente; landsdeel; provincie; buurt; corop-gebied; ggd-regio; nuts3; nuts1; nuts2; wijk; grootstedelijke aglomeratie; stadsgewest; corop-plusgebied; corop-subgebied; landbouwgebied; landbouwgroep; rpa-gebied; toeristengroep; toeristengebied; arrondissementsgebied; brandweerregio; kamer van koophandelregio; politieregio; regionale eenheid; veiligheidsregio; zorgkantoorregio; arbeidsmarktregio; jeugdregio,"Het bestand CBS gebiedsindelingen geeft de gebiedsindelingen die het CBS hanteert. De indelingen zijn gegeven van 2016 t/m het meest recente jaar in gegeneraliseerde vorm. Het meest recente jaar bevat in de eerste helft van dat jaar voorlopige grenzen en nog geen wijken en buurten voor dat jaar. De volgende gebiedsindelingen kunnen voorkomen: Gemeente, Landsdeel, Provincie, Buurt, COROP-gebied, GGD-regio, NUTS3, NUTS1, NUTS2, Wijk, Grootstedelijke aglomeratie, Stadsgewest, COROP-plusgebied, COROP-subgebied, Landbouwgebied, Landbouwgroep, RPA-gebied, Toeristengroep, Toeristengebied, Arrondissementsgebied, Brandweerregio, Kamer van Koophandelregio, Politieregio, Regionale Eenheid, Veiligheidsregio, Zorgkantoorregio, Arbeidsmarktregio en Jeugdregio. In de metadata zijn alleen de lagen van het laatste jaar opgenomen.",,beheerpdok@kadaster.nl,,,,,"('2.55496711', '50.63305917', '7.80148461', '53.67894732')",Geen beperkingen (https://creativecommons.org/publicdomain/mark/1.0/deed.nl),otherRestrictions,,https://service.pdok.nl/cbs/gebiedsindelingen/2018/wfs/v1_0?request=GetCapabilities&service=WFS
ffffffe4-8241-5e53-a1c2-47ca960a5525,dataset,ISO 19115,,2011-01-01,dut,28992,"Entree recreatief groen Drenthe (OV) (OGV, 2010) (historie)",omgevingsvisie,In de door Provinciale Staten op 2 juni 2010 vastgestelde Omgevingsvisie is opgenomen dat de entree recreatief groen als een buffer van 1000 meter rondom de kern van Beilen is gelegen. Gebruikt in de OGV-kaarten 1 en 3.,Provincie Drenthe,post@drenthe.nl,,,,Team Gis/Cartografie (Provincie Drenthe),"('6.105', '52.601', '7.109', '53.213')",Geen beperkingen,otherRestrictions,,
714b7381-9257-426e-8f5c-bd5080946208,service,ISO 19115,WFS,2024-08-08,dut,,CBS Gebiedsindelingen 2015 WFS,Statistische eenheden; Gebiedsindeling; Gemeente; Landsdeel; Provincie; Buurt; COROP-gebied; GGD-regio; NUTS3; NUTS1; NUTS2; Wijk; Grootstedelijke aglomeratie; Stadsgewest; COROP-plusgebied; COROP-subgebied; Landbouwgebied; Landbouwgroep; RPA-gebied; Toeristengroep; Toeristengebied; Arrondissementsgebied; Brandweerregio; Kamer van Koophandelregio; Politieregio; Regionale Eenheid; Veiligheidsregio; Zorgkantoorregio; Arbeidsmarktregio; Jeugdregio,Deze service bevat de CBS Gebiedsindelingen van 2015. De volgende gebiedsindelingen kunnen voorkomen: Gemeente Landsdeel Provincie Buurt COROP-gebied GGD-regio NUTS1 NUTS2 NUTS3 Wijk COROP-plusgebied COROP-subgebied Landbouwgebied Landbouwgroep RPA-gebied Toeristengroep Toeristengebied Arrondissementsgebied KamervanKoophandelregio Regionale-Eenheid Veiligheidsregio Veiligthuisregio Zorgkantoorregio Arbeidsmarktregio Regioplus-arbeidsmarktregio Jeugdregio Ressort RES-regio Regionaalmeldcoördinatiepunt Regionale-energiestrategie SubRES-regio,,beheerpdok@kadaster.nl,,,,,"('1.086', '50.5622', '8.4677', '55.8094')","Naamsvermelding verplicht, organisatienaam (https://creativecommons.org/licenses/by/4.0/deed.nl)",otherRestrictions,,https://service.pdok.nl/cbs/gebiedsindelingen/2015/wfs/v1_0?request=GetCapabilities&service=WFS
e1435ab7-0d3e-47c3-bf67-75745a0cd9a8,dataset,ISO 19115,WMS; WFS,2022-11-13,dut,28992,Drinkwaterwinlokaties waar emerging substances zijn aangemerkt als (potentiële) probleemstof,emerging substances; probleemstoffen; gebiedsdossiers; drinkwater; grondwater; waterkwaliteit,"Deze kaart geeft aan bij welke winningen emerging substances  als potentiële of actuele probleemstof zijn aangetroffen. Tot de stofgroep 'emerging substances’ zijn nieuwe en nog niet genormeerde stoffen gerekend. Het gaat dan bijvoorbeeld om hormonen, geneesmiddelen en
industriële stoffen zoals DTPA en EDTA. De kaart is gebaseerd op informatie uit de gebiedsdossiers voor drinkwaterwinningen. 

In een gebiedsdossier van een winning worden door de betrokken partijen (gemeente, provincie, drinkwaterbedrijf en waterbeheerder) huidige en toekomstige risico’s voor de waterkwaliteit geïnventariseerd. Deze risico’s kunnen zowel inhoudelijk als beleidsmatig van aard zijn. In de gebiedsdossiers worden ook mogelijke maatregelen geïdentificeerd waarover de partijen in een volgende fase afspraken maken. Ook geven de regiehouders vorm aan het proces van afspraken maken en bewaken zij de voortgang van de uitvoering van maatregelen zoals die zijn afgesproken.",RIVM,atlasnatuurlijkkapitaal@rivm.nl,,,,,"('3.1954102881017565', '50.67190131033707', '7.383358171635846', '53.63951025614753')",Geen beperkingen,otherRestrictions,,https://data.rivm.nl/geo/ank/wfs?
858CFECC3A314638E053D2041EAC26AA,dataset,ISO 19115,,2024-03-28,dut,28992,Provinciale Omgevingsverordening 2018 - Bestaand stedelijk gebied,locaties,"Deze kaartlaag maakt onderdeel uit van de op 3 oktober 2018 vastgestelde versie van de Provinciale Omgevingsverordening Drenthe (Bijbehorende kaart D1). Als bestaand stedelijk gebied wordt aangewezen het gebied dat als zodanig staat aangegeven op de bij deze verordening behorende kaart D1 ""Bestaand stedelijk gebied"".",Provincie Drenthe,post@drenthe.nl,,,,Team Gis/Cartografie (Provincie Drenthe),"('6.105', '52.601', '7.109', '53.213')",Geen beperkingen,otherRestrictions,,
79472c01-97b4-53d5-aaa4-1f4eb75889c5,dataset,ISO 19115,,2013-02-13,dut,28992,Zoekgebied schaapskuddes (historie),agrarisch; gebiedsplan; landschap; landschapsbeheer; natuur; natuurbeheerplan; particulier; subsidie,"Dit bestand geeft het zoekgebied schaapskuddes weer, waar collectief schapenbeheer mogelijk.",Provincie Drenthe,post@drenthe.nl,,,,Team Gis/Cartografie (Provincie Drenthe),"('6.105', '52.601', '7.109', '53.213')",Geen beperkingen,copyright,,
d3265d60-e406-4a28-8a99-55088992a68f,dataset,ISO 19115,,2019-03-27,dut,3035,Riparian Zones Land Use Land Cover 2012,Landgebruik,"Riparian zones represent transitional areas occurring between land and freshwater ecosystems, characterised by distinctive hydrology, soil and biotic conditions and strongly influenced by the stream water. They provide a wide range of riparian functions (e.g. chemical filtration, flood control, bank stabilization, aquatic life and riparian wildlife support, etc.) and ecosystem services.

    The Riparian Zones products will support the objectives of several European legal acts and policy initiatives, such as the EU Biodiversity Strategy to 2020, the Habitats and Birds Directives and the Water Framework Directive.

    Land Cover/Land Use (LC/LU) classification is tailored to the needs of biodiversity monitoring in a tailored buffer zone along large and medium-sized European rivers (with Strahler levels 3-8 derived from EU-Hydro). LC/LU is extracted from VHR satellite data and other available data in a buffer zone of selected rivers. The classes follow the pre-defined nomenclature on the basis of MAES typology of ecosystems (Level 1 to Level 4) and Corine Land Cover, providing 80 distinct thematic classes with a Minimum Mapping Unit (MMU) of 0.5 ha and a Minimum Mapping Width (MMW) of 10 m.

    The production of the Riparian Zones products was coordinated by the European Environment Agency in the frame of the EU Copernicus programme.  

«Data was produced with funding by the European Union. Copyright Copernicus Programme»  
DISCLAIMER: Wageningen Environmental Research has undertaken to distribute the data on behalf of EEA under Specific Contract No 3436/R0-Copernicus/EEA.56950 implementing Framework service contract No EEA/IDM/R0/16/009/Netherlands. Wageningen Environmental Research accepts no responsibility or liability whatsoever with regard to the content and 

use of these data. The European Environment Agency accepts no responsibility or liability whatsoever with regard to the information on this site and the information does not necessarily reflect the official opinion of the EEA or other European Communities bodies and institutions.",Wageningen Environmental Research,gerard.hazeu@wur.nl,,,,Gerard Hazeu (Wageningen Environmental Research); Gerard Hazeu (Wageningen Environmental Research),"('0', '0', '0', '0')","Access to data is based on a principle of full, open and free access as established by the Copernicus data and information policy Regulation (EU) No 1159/2013 of 12 July 2013. This regulation establishes registration and licensing conditions for GMES/Copernicus users and can be found at http://eur-lex.europa.eu/legal-content/EN/TXT/?uri=CELEX%3A32013R1159. Free, full and open access to this data set is made on the conditions that:  (1) When distributing or communicating Copernicus dedicated data and Copernicus service information to the public, users shall inform the public of the source of that data and information.  (2) Users shall make sure not to convey the impression to the public that the user's activities are officially endorsed by the Union.  (3) Where that data or information has been adapted or modified, the user shall clearly state this. (4) The data remain the sole property of the European Union. Any information and data produced in the framework of the action shall be the sole property of the European Union. Any communication and publication by the beneficiary shall acknowledge that the data were produced “with funding by the European Union”.",copyright,,
74cac7bd-a877-4782-b844-73aecb994013,dataset,ISO 19115,,2025-07-02,dut,28992,Covid-19 Nationale SARS-CoV-2 Afvalwatersurveillance ROAZ regio waardes per datum,covid-19; infectieziekten; gezondheid; coronavirus; sars-cov-2; rioolwater; afvalwater; riool; sewage,"__________________________________________________________________________________________________
LET OP: Dit bestand wordt vanaf 07-07-2025 niet meer geactualiseerd. 
__________________________________________________________________________________________________



Dit bestand bevat per Regionaal Overleg Acute Zorgketen (ROAZ) regio, per dag, het gemiddeld aantal SARS-CoV-2 virusdeeltjes per 100.000 inwoners, zoals berekend uit metingen van het aantal virusdeeltjes per rioolwaterzuiveringsinstallatie (RWZI).

Het bestand is als volgt opgebouwd:
Voor elke datum sinds 2020-09-07 is per ROAZ regio het aantal SARS-CoV-2 virusdeeltjes in het rioolwater per 100.000 inwoners berekend. Dit aantal is een gewogen gemiddelde van de gemeenten die tot de betreffende regio behoren.
Voor iedere datum worden daartoe, per gemeente, de meest recente meting van alle RWZI’s gewogen naar het aantal inwoners in de gemeente die bediend worden door de betreffende RWZI, mits de meest recente meting niet ouder is dan acht dagen.
Deze waarden per gemeente worden gesommeerd over de gemeenten die tot een ROAZ regio behoren, en gedeeld door het aantal geobserveerde inwoners (dat wil zeggen, het aantal inwoners in een gemeente aangesloten op RWZI's die een meting hebben die minder dan acht dagen oud is). Zo ontstaat een gewogen gemiddelde voor de ROAZ regio uitgedrukt per inwoner. Dit vermenigvuldigen met 100.000 geeft het gemiddeld aantal virusdeeltjes per regio, per datum, per 100.000 inwoner equivalenten.
Als van geen van de RWZI’s binnen een ROAZ regio metingen beschikbaar zijn die recenter zijn dan 8 dagen, is de record “NA”.

Het bestand bevat per ROAZ regio alle dagen van 2020-09-07 tot en met de meest recente datum waarvoor een waarde kan worden berekend. Dit kan als gevolg hebben dat de meest recente datum verschilt per regio.

De cijfers zijn berekend op basis van de gemeentelijke indeling zoals die op de datum van de meting gold, en de meest recente indeling van de ROAZ regio's. Gemeentelijke herindelingen worden toegepast op de datum van de herindeling.

De informatie over inwonersaantallen per RWZI kunt u vinden in een omzet-tabel, die wordt aangeleverd door het Centraal Bureau voor de Statistiek (CBS). 
De versie voor 2020-2021:
https://www.cbs.nl/nl-nl/maatwerk/2021/06/inwoners-per-rioolwaterzuiveringsinstallatie-1-1-2021
De versie voor 2022:
https://www.cbs.nl/nl-nl/maatwerk/2022/42/inwoners-per-rioolwaterzuiveringsinstallatie-1-1-2022

Welke gemeenten vallen onder een ROAZ regio kunt u vinden op de regioatlas van het Ministerie van Binnenlandse Zaken en Koninkrijksrelaties.
(https://www.regioatlas.nl/regioindelingen/regioindelingen_indeling/t/roaz_regio_s).

Alle metingen van afzonderlijke RWZI’s waarop het ROAZ regio cijfer gebaseerd is, zijn terug te vinden in de open data set op RWZI record niveau (https://data.rivm.nl/meta/srv/dut/catalog.search#/metadata/a2960b68-9d3f-4dc3-9485-600570cd52b9).

Beschrijving van de variabelen:

Version: Versienummer van de dataset. Wanneer de inhoud van de dataset structureel word gewijzigd (dus niet de dagelijkse update of een correctie op record niveau), zal het versienummer aangepast worden (+1) en ook de corresponderende metadata in RIVMdata (data.rivm.nl).

Date_of_report: Datum waarop het bestand aangemaakt is (formaat: jjjj-mm-dd).

Date_measurement: Datum waarop de berekening van het gemiddelde aantal virusdeeltjes per 100.000 inwoners betrekking heeft (formaat: jjjj-mm-dd).

Region_code_lcps: De code van de ROAZ regio, zoals gehanteerd door het Landelijk Coördinatiecentrum Patiënten Spreiding (LCPS).

Region_name: Naam van de ROAZ regio.

RNA_flow_per_100000: Het berekende aantal SARS-CoV-2 RNA deeltjes gemeten in het rioolwater, gebaseerd op een gewogen gemiddelde van de metingen bij RWZI's die de gemeenten in de betreffende ROAZ regio bedienen, weergegeven per 100.000 inwoners.

Doordat niet alle metingen op hetzelfde moment beschikbaar zijn, zijn de meest recent gerapporteerde waardes onderhevig aan verandering. Hierdoor ontstaan mogelijk verschillen per publicatiedatum van de data. Ook is het mogelijk dat eerdere datums gecorrigeerd worden als gevolg van nieuwe laboratoriumresultaten of correcties in bronbestanden van de Waterschappen. Dit bestand is altijd gebaseerd op de meest actuele gegevens.",,afvalwatersurveillance@rivm.nl,,,,,"('3.37087', '50.7539', '7.21097', '53.4658')","Naamsvermelding verplicht, organisatienaam (http://creativecommons.org/licenses/by/4.0/deed.nl)",otherRestrictions,,
8fe9d893-9048-4cea-90df-8553c2b6ebe2,dataset,ISO 19115,WMS; WFS,2024-01-18,dut,,Dijkverbetering Eemshaven - Delfzijl (Structuurvisie Eemsmond-Delfzijl),DIJKEN; DIJKVERBETERINGEN; NATUURONTWIKKELING; HOOGWATERBEHEERSING; STRUCTUURPLANNEN; Downloadable Data,"Dit bestand bevat de dijkverbetering Eemshaven - Delfzijl, zoals vastgesteld in de Structuurvisie Eemsmond-Delfzijl.  De dijk tussen Eemshaven en Delfzijl wordt versneld versterkt door het Waterschap Noorderzijlvest. Daarna voldoet de dijk op dit tracé aan de nieuwe veiligheidsnormen en is de dijk bestand tegen aardbevingen, rekening houdend met bodemdalingen. Concreet is het doel om de dijk over het genoemde tracé te verhogen en te verbreden en om de dijkbekleding deels te vernieuwen. Uitgangspunt is om in 2017 te starten. Het traject ten zuiden van Delfzijl, tot aan Nieuw-Statenzijl is gepland tussen 2020 en 2028.",Provincie Groningen,geoportaal@provinciegroningen.nl,,,,Afdeling iNFO (Provincie Groningen),"('6.87', '53.335', '6.937', '53.424')",Geen beperkingen (https://creativecommons.org/publicdomain/mark/1.0/deed.nl),otherRestrictions,,https://geoservices.provinciegroningen.nl/server/services/Beleidsplannen/StructuurvisieEemsmondDelfzijl/MapServer/WFSServer?request=GetCapabilities
FEB44D94AC2A3D26E0441CC1DE40A734,dataset,ISO 19115,,2014-07-21,dut,28992,Toets verwachte archeologische waarden beekdal (Omgevingsvisie 2014) (historie),omgevingsvisie,"Door Provinciale Staten op 2 juli 2014 vastgestelde versie van Toets verwachte archeologische waarden beekdal.In gebieden of terreinen met een archeologische verwachting op de archeologiekaarten, stuurt de provincie Drenthe op een goede uitvoering van archeologisch onderzoek, conform de gangbare, in de beroepsgroep geldende kwaliteitseisen van de Kwaliteitsnorm Nederlandse Archeologie (KNA). Hieronder vallen alle essen en beekdalen, de Havelterberg en het Drentsche Aa-gebied, verwachte Celtic fields, offerveentjes, een burcht bij Zuidlaren en het vermoede traject van de prehistorische weg over de Hondsrug. Komt voor in kaart 2 E: Archeologie Informatie; kaart 2 E: Archeologie Kernkwaliteiten.",Provincie Drenthe,post@drenthe.nl,,,,Team Gis/Cartografie (Provincie Drenthe),"('6.105', '52.601', '7.109', '53.213')",Geen beperkingen,otherRestrictions,,
e4a05821-3e82-450d-bbe4-bb7ce45f27de,dataset,ISO 19115,WMS; WFS,2021-03-11,dut,,Nieuwe bedrijventerreinen toegestaan (Omgevingsvisie 2016-2020),STRUCTUURPLANNEN; BEDRIJVENTERREINEN; BEDRIJFSECONOMIE; RUIMTELIJKE ONTWIKKELING EN VOLKSHUISVESTING; INFRASTRUCTUUR; Downloadable Data,Dit bestand bevat gebieden waar nieuwe bedrijventerreinen zijn toegestaan zoals vastgesteld in de Omgevingsvisie provincie Groningen 2016-2020.,Provincie Groningen,geoportaal@provinciegroningen.nl,,,,Afdeling iNFO (Provincie Groningen),"('6.846', '53.248', '6.89', '53.435')",Geen beperkingen (https://creativecommons.org/publicdomain/mark/1.0/deed.nl),otherRestrictions,,https://geoservices.provinciegroningen.nl/server/services/Beleidsplannen/Omgevingsvisie/MapServer/WFSServer?request=GetCapabilities
1cc9e787-27f3-4f17-89d7-bb9cc9a64ec6,dataset,ISO 19115,WMS; WFS,2019-01-29,dut,28992,Dubbele dijk (Structuurvisie Eemsmond-Delfzijl),DIJKEN; ECONOMISCHE ONTWIKKELING; DUURZAME LANDBOUW; STRUCTUURPLANNEN; GETIJDEN,"Dit bestand bevat de dubbele dijk, zoals vastgesteld in de Structuurvisie Eemsmond-Delfzijl.
In dit deelproject van de dijkverbetering Eemshaven-Delfzijl wordt een tweede dijk aangelegd achter de huidige primaire zeedijk. Dit gebied wordt ingericht voor een periode van 25 jaar. In de huidige primaire kering komt een in- en uitlaatconstructie.
Het gebied tussen de primaire zeedijk en de nieuwe tweede dijk is ongeveer 55 hectare groot. Via een getijdeduiker kan zout water in- en uitstromen en ontstaat er in het gebied getijdenwerking waar het slib vanuit de Eems-Dollard tot bezinken kan komen. Deze slibinvangzone van ongeveer 25 hectare kan gebruikt worden door foeragerende vogels die leven in Natura 2000-gebied Waddenzee. 
Het realiseren van een intergetijdegebied en het invangen van slib leveren een meerwaarde op voor het estuarium, namelijk het verbeteren van geleidelijke overgangen en het verminderen van de slibproblematiek in de Eems-Dollard. Daarnaast wordt circa 30 hectare ingericht voor innovatieve zilte landbouw. Hiervoor wordt met ondernemers een organisatie opgezet om binnendijks schelpdieren (kokkels), zeewier en zilte gewassen te kweken. Vanwege de meeropbrengst van deze teelten ten opzichte van het huidige gebruik zal het gebied in zijn totaliteit zijn economische waarde behouden.",Provincie Groningen,geoportaal@provinciegroningen.nl,,,,Afdeling INFO (Provincie Groningen),"('6.878', '53.384', '6.890', '53.404')",geen beperkingen,otherRestrictions,,https://geoservices.provinciegroningen.nl/server/services/Beleidsplannen/StructuurvisieEemsmondDelfzijl/MapServer/WFSServer
47272e3a-26f3-4972-acea-3556e85895d2,dataset,ISO 19115,WMS; WFS,2023-04-17,dut,,GES-contouren geluid railverkeer,GELUIDHINDER; GELUIDSZONES; VERKEERSLAWAAI; SPOORLIJNEN; WET GELUIDHINDER,"Dit bestand bevat de GES-contouren geluid railverkeer. De geluidsbelasting (geluidsbelasting Lden situatie 2016) veroorzaakt door spoorwegen is vertaald in GES (gezondheidseffectscreening)- contouren en op kaarten weergegeven. Doel is inzicht te geven in de invloed van het spoor op de omgeving, waarmee knelpunten, zowel bestaand als nieuw, in beeld worden gebracht.",Provincie Groningen,geoportaal@provinciegroningen.nl,,,,Datateam Beleid (Provincie Groningen),"('6.229097', '53.100652', '7.208447', '53.423117')",Geen beperkingen (https://creativecommons.org/publicdomain/mark/1.0/deed.nl),otherRestrictions,,https://geoservices.provinciegroningen.nl/server/services/Milieu/ToezichtHandhaving/MapServer/WFSServer?request=GetCapabilities
fffffffe-9ca2-5f12-90c6-0c49e89097a3,dataset,ISO 19115,,2024-10-01,dut,28992,"Natuurbeheerplan 2023, Agrarisch zoekgebied (historie)",agrarisch; EHS; gebiedsplan; landbouw; landschap; landschapsbeheer; natuur; natuurbeheerplan; particulier; SNL; subsidie,"Sinds 1 januari 2010 geldt de nieuwe SNL-regeling (Subsidiestelsel Natuur- en Landschapsbeheer) voor natuur-agrarisch natuur- en landschapsbeheer. Op basis van deze regeling heeft de provincie Drenthe het Natuurbeheerplan 2023 gemaakt. Voor het onderdeel agrarisch natuur- en landschapsbeheer soms gekoppeld aan zoekgebieden. Inrichting en functieverandering (kwaliteitsimpuls) loopt per 1 januari 2010, zowel voor agrarisch natuurbeheer als natuurbeheer via PMJP. Dit thema heeft betrekking op het eventueel toekennen van natuursubsidie (SN-pakketten).",Provincie Drenthe,post@drenthe.nl,,,,Team Gis/Cartografie (Provincie Drenthe),"('6.0531', '52.5451', '7.2431', '53.2683')",Geen beperkingen,otherRestrictions,,
8c32b8cc-3977-4b53-8d13-8657e348a63c,dataset,ISO 19115,WMS; WFS,2019-01-29,dut,28992,Broedeilanden (Structuurvisie Eemsmond-Delfzijl),VOGELS; KWELWATER; HOOGWATERBEHEERSING; WATERNATUUR; STRUCTUURPLANNEN,"Dit bestand bevat twee broedeilanden, zoals vastgesteld in de Structuurvisie Eemsmond-Delfzijl. 1) 
In Delfzijl wordt ter hoogte van de Schermdijk een nieuw kwelderlandschap gecreëerd. In deze kwelder wordt een broedeiland van circa 2 hectare aangelegd, met name ten behoeve van visdieven en noordse sterns. Bij de inrichting van het eiland wordt rekening gehouden met mogelijke bedreigingen voor de broedvogels. Dit broedeiland wordt meegenomen in het project Marconi. 2) 
Ter hoogte van Nieuwstad wordt ook een vogelbroedeiland aangelegd. Het eiland dient als broedplaats voor sterns en visdieven. Daarnaast dient deze locatie buiten het broedseizoen als hoogwater-vluchtplaats. Het eiland is minimaal twee hectare groot. De kruinhoogte voor de broedfunctie moet boven de gemiddeld hoogste hoogwaterlijn komen te liggen en voldoende laag zijn om in de winter te worden overspoeld door golven. Dit voorkomt duurzame vegetatieopslag en ophoping van vogelmest. Dit broedeiland wordt meegenomen in het project Dijkverbetering Eemshaven - Delfzijl.",Provincie Groningen,geoportaal@provinciegroningen.nl,,,,Afdeling INFO (Provincie Groningen),"('6.882', '53.333', '6.949', '53.413')",geen beperkingen,otherRestrictions,,https://geoservices.provinciegroningen.nl/server/services/Beleidsplannen/StructuurvisieEemsmondDelfzijl/MapServer/WFSServer
fa80b191-1585-43b8-a288-a15393ed6192,dataset,ISO 19115,,2024-08-30,dut,28992,Luchtfoto Beeldmateriaal 2012 25cm RGB,Landelijke voorziening beeldmateriaal; LVB; Beeldmateriaal; Luchtbeelden; Luchtfoto; Orthofoto; Ortho; Ortho25; Orthofotomozaïek; Orthofotomozaiek; Mozaïek; Mozaiek; Lage resolutie; LR,"De orthofotomozaïeken zijn een samenstelling van afzonderlijke orthofoto's, in principe van de centrale gedeelten van iedere orthofoto. Daardoor is de omvalling in de mozaïeken zo klein mogelijk gehouden. De orthomozaïeken zijn landsdekkend.",Kadaster,dpi-gi@kadaster.nl,,,,"Directie Operatie, Dienstverlening en Registratie, afdeling Data-, Proces- en Informatiemanagement (Kadaster); Contact (Het Waterschapshuis); Klantcontactcenter (Kadaster)","('3.3000', '50.7300', '7.2400', '53.6000')",De lage resolutie orthofoto's zijn alleen toegankelijk voor de deelnemende partijen. Een overzicht van de deelnemende partijen wordt gegeven op http://beeldmateriaal.nl,otherRestrictions,,
22cf8629-4784-5bc1-aafd-ed8bb11396e6,dataset,ISO 19115,,2018-06-06,dut,28992,"EHS 2015, defensieterreinen (historie)",defensie; ecologie; EHS; natuur; Beschermde gebieden,"De Ecologische Hoofdstructuur (EHS) is een samenhangende structuur van gebieden met een speciale natuurkwaliteit. De EHS is vastgesteld als onderdeel van de Provinciale Omgevingsverordening. Jaarlijks wordt deze geactualiseerd. Ook de ecologische verbindingen zijn een onderdeel van de vastgestelde EHS. Bij de actualisatie worden ook externe organisaties geraadpleegd. De volgende gegevensbestanden zijn gebruikt als basis voor de concretisering van de EHS: Top 10, de eigendommen van de terreinbeherende organisaties (SBB, NMM, HDL), waterbedrijven en particuliere boseigenaren, bosuitbreiding en bosreservaten, Natura-2000 gebieden en de agrarische gebieden die begrensd zijn in het Provinciale Natuurbeheerplan als agrarisch natuurgebied en om te vormen tot natuur. Een groot deel van het agrarisch natuurgebied ligt buiten de ecologische hoofdstructuur, maar vormt wel een belangrijke bijdrage aan de EHS. De militaire gebieden met natuurwaarden vormen een speciale aanduiding. Deze terreinen zijn geen onderdeel van de EHS, omdat deze terreinen een primaire militaire functie hebben, maar ze zijn wel van wezenlijk belang voor het functioneren van de EHS.",Provincie Drenthe,post@drenthe.nl,,,,Team Gis/Cartografie (Provincie Drenthe),"('6.105', '52.601', '7.109', '53.213')",Geen beperkingen,otherRestrictions,,
5a417da4-6c73-4912-94cd-419a0c22426b,dataset,ISO 19115,,2023-07-19,dut,28992,Landelijk Grondgebruik Nederland - LGN2019,landgebruik,"Het LGN2019 bestand is een landsdekkend rasterbestand met een resolutie van 5 meter waarin 48 vormen van landgebruik zijn onderscheiden. Referentiejaar 2019. In het bestand worden de belangrijkste landbouwgewassen, een aantal natuurklassen en stedelijke klassen onderscheiden. De geometrie en thematiek op hoofdklassen is volledig gebaseerd op Top10NL (versie 2019). Agrarische percelen, kassen, boomgaarden, fruitkwekerijen, boomkwekerijen, zand, heide, bossen, water en infrastructuur zijn overgenomen uit Top10NL. Het stedelijk gebied is gedefinieerd m.b.v. Bestand BodemGebruik (BBG2015). Het agrarisch gebied is ingevuld met (geaggregeerde) gewassen uit BRP2019 aangevuld met gewasclassificaties gebaseerd op LGN2018. Binnen het areaal natuur zijn t.o.v. LGN2018 geen aanpassingen gedaan.

Landgebruiksbestanden LGN1 en LGN2 waren nog experimentele bestanden met beperkte nauwkeurigheid en duidelijke tekortkomingen. In LGN3 zijn deze tekortkomingen grotendeels opgelost en met LGN3plus is de bruikbaarheid van het bestand voor toepassingen op het gebied van natuur en ecologie sterk verbetert. Met het LGN4-bestand is een nieuwe stap gezet met het uitbreiden van de toepassingsmogelijkheden van het LGN-bestand. Belangrijke verbeteringen die doorgevoerd zijn in het LGN4-bestand zijn een koppeling van de landbouwgewassen aan TOP10-vector en de mogelijkheid om veranderingen in landgebruik op te sporen, die zich in de periode 1995-2000 hebben voorgedaan. De versies 1-3 van het LGN-bestand werden geleverd als één enkel rasterbestand. Het LGN7-bestand bestaat net als het LGN4, LGN5 en LGN6-bestand niet uit een enkel rasterbestand, maar vormt een collectie van bestanden.",Wageningen Environmental Research (WENR),geodesk@wur.nl,https://lgn.nl/bestanden,,,,"('3.1647', '50.66086', '7.37703', '53.66608')","Gelijk Delen, Naamsvermelding verplicht, Wageningen Environmental Research (https://creativecommons.org/licenses/by-sa/4.0/deed.nl)",otherRestrictions,,
44ef4cd7-6033-4963-aee8-633329dbca8c,service,ISO 19115,WMS,2025-07-14,dut,,Emissies naar lucht en water vanuit de industrie (2019 - heden) (WMS) (INSPIRE),,"Emissies naar lucht en water vanuit de industrie worden via het e-MJV (elektronisch Milieujaarverslag) geregistreerd wanneer bedrijven verplicht zijn gegevens te rapporteren op grond van nationale en internationale milieuwetgeving, zoals het PRTR-protocol en de E-PRTR-verordening.

Emissies naar lucht:
Industriële bedrijven moeten emissies naar de lucht rapporteren wanneer zij stoffen uitstoten zoals stikstofoxiden (NOx), zwaveldioxide (SO₂), fijnstof (PM), vluchtige organische stoffen (VOS), broeikasgassen (zoals CO₂ en methaan), en zware metalen. De rapportage is verplicht als de emissievracht van een bepaalde stof op jaarbasis de gestelde drempelwaarde overschrijdt. 

Emissies naar water:
Bedrijven moeten ook rapporteren over stoffen die zij direct lozen op oppervlaktewater of indirect via het riool (met vermelding van de behandeling). Het gaat onder andere om stikstof- en fosfaatverbindingen, zware metalen, en andere milieubelastende stoffen. Net als voor luchtemissies gelden hier drempelwaarden, afhankelijk van de emissiestof en het type lozing.

De rapportage in het e-MJV is verplicht voor bedrijven die onder de reikwijdte van bijlage I van de E-PRTR-verordening vallen.",,emissieregistratie@rivm.nl,,,,,"('3.37', '50.75', '7.21', '53.47')",Geen beperkingen (https://creativecommons.org/publicdomain/mark/1.0/deed.nl),otherRestrictions,,
0410c8bb-b8b2-41cb-9b95-45a9584732f6,dataset,ISO 19115,WMS; WFS,2019-01-29,dut,28992,Bedrijventerrein Eemshaven Zuidoost (Structuurvisie Eemsmond-Delfzijl),BEDRIJVENTERREINEN; ENERGIEBEDRIJVEN; WINDENERGIE; STRUCTUURPLANNEN; BEDRIJFSLOCATIES,"Dit bestand bevat het bedrijventerrein Eemshaven Zuidoost, zoals vastgesteld in de Structuurvisie Eemsmond-Delfzijl.
In de Omgevingsvisie is ruimte geboden voor de uitbreiding van de Eemshaven in zuidoostelijke richting. Dit terrein is primair bedoeld voor datacenters en in beperkte mate voor vergelijkbare vormen van energie-gerelateerde bedrijvigheid en assemblage van computers, randapparatuur en software. Deze zogenaamde 'droge' landinwaartse uitbreiding van de Eemshaven beslaat een bruto-oppervlak van 210 hectare. Hiervan is 30 hectare reeds gerealiseerd en wordt aanvullend maximaal 100 hectare uitgegeven voor de genoemde bedrijvigheid. De overige hectares zijn onder meer bedoeld voor de realisatie van windturbines, de aanleg van (technische) infrastructuur en maatregelen die samenhangen met een verantwoorde landschappelijke inpassing.
Gekozen is voor dit gebied vanwege de nabijheid van energiecentrales en de daarmee gepaard gaande leveringszekerheid, en de aanlanding in de Eemshaven van de trans-Atlantische internetkabel.",Provincie Groningen,geoportaal@provinciegroningen.nl,,,,Afdeling INFO (Provincie Groningen),"('6.852', '53.409', '6.875', '53.435')",geen beperkingen,otherRestrictions,,https://geoservices.provinciegroningen.nl/server/services/Beleidsplannen/StructuurvisieEemsmondDelfzijl/MapServer/WFSServer
56b2cb4b-1ea8-4763-a040-b5f0eed13716,service,ISO 19115,,2025-07-04,dut,,Natura 2000 OGC API Features,"Natuur,Habitatrichtlijn; Vogelrichtlijn; Natuurmonumenten,Natura2000; Beschermde gebieden; HVD; Aardobservatie en milieu","Samenvatting: Natura 2000 is het samenhangend netwerk van beschermde natuurgebieden in de Europese Unie bestaande uit Vogelrichtlijn- en Habitatrichtlijngebieden. Natura 2000-gebieden zijn een samenvoeging van beide en de daarin gelegen beschermde natuurmonumenten. In Nederland gaat het om 162 gebieden waarvan drie mariene gebieden in de Exclusieve Economische Zone (EEZ) op de Noordzee (incl. een voorgenomen Vogelrichtlijngebied in de EEZ). De Vogelrichtlijngebieden zijn merendeels aangewezen in de periode 1986-2000. De Habitatrichtlijngebieden worden aangewezen met de aanwijzing van de betreffende Natura 2000-gebieden. Deze service bevat de grenzen van de definitief aangewezen gebieden en de grenzen conform het ontwerp-besluit van de meeste overige gebieden. Voor enkele Habitatrichtlijngebieden waarvoor nog geen ontwerp-besluiten zijn gepubliceerd, bevat deze service de grenzen zoals die aan de Europese Commissie gemeld zijn.",,beheerpdok@kadaster.nl,,,,,"('2.35496255', '50.59847668', '7.97251813', '53.7119089')",Geen beperkingen (http://creativecommons.org/publicdomain/mark/1.0/deed.nl),otherRestrictions,,
d664846d-8b6d-43dc-acd2-f06eb751056d,service,ISO 19115,WMS,2025-03-12,dut,,CBS Vierkantstatistieken 100m 2022 WMS,demografie; vierkant; grid; statistiek; bevolking; inwoners; leeftijd; herkomst; woningen; inkomen; sociale_zekerheid; woz; woningeigendom; huur; voorziening; nabijheid; statistische_eenheden; spreiding_van_de_bevolking,"Het bestand CBS vierkanten 100m bevat statistische gegevens per 100 meter bij 100 meter vierkant. Met ingang van augustus 2024 is het jaar 2023 toegevoegd en zijn het aantal kerncijfers van de jaren 2022 en 2021 aanzienlijk uitgebreid met gegevens over demografie, woningen, energie, inkomen, sociale zekerheid, nabijheid van voorzieningen en dichtheid.

Met ingang van het publicatiejaar 2022 is de indeling van inwoners naar migratieachtergrond vervangen door een indeling naar geboorteland en herkomst.
Met ingang van het publicatiejaar 2020 is de categorie van het gestandaardiseerd huishoudinkomen komen te vervallen.",,beheerpdok@kadaster.nl,,,,,"('2.8477', '50.6847', '7.6087', '53.5525')",Geen beperkingen (https://creativecommons.org/publicdomain/mark/1.0/deed.nl),otherRestrictions,,
8cf3c8cd-6e42-4b29-86b8-deb04b2e7750,service,ISO 19115,WFS,2024-11-22,dut,4258,Nuts- en Overheidsdiensten - Riool - Milieu management voorziening - RSA (INSPIRE geharmoniseerd) WFS,Inrichting Milieubeheer; Richtlijn 91/271/EEG; 31991L0271; Rioolwaterzuivering; Rwzi; UWWTD; Water; Urban Waste-Water Treatment,Dit is de web feature service van INSPIRE thema  Nutsdiensten en overheidsdiensten geharmoniseerde milieu management voorzieningen zoals gerapporteerd naar de Europese Commissie tbv EU rapportage Stedelijk Afvalwater.,,beheerpdok@kadaster.nl,,,,,"('0.5319', '50.4825', '8.8681', '55.8825')",Geen beperkingen (https://creativecommons.org/publicdomain/zero/1.0/deed.nl),otherRestrictions,,https://service.pdok.nl/rws/nutsdiensten-en-overheidsdiensten/riool-milieumanagementvoorzieningen/wfs/v1_0?request=GetCapabilities&service=WFS
ca9f6d28-b548-41dc-a862-52daa86d1834,service,ISO 19115,WMS,2025-03-14,dut,,CBS Wijken en Buurten 2017 WMS,wijken; buurten; gemeenten; statistiek; bevolking,"Het Bestand Wijk- en Buurtkaart 2017 bevat de geometrie van alle gemeenten, wijken en buurten in Nederland met als attribuut een aantal statistische kerncijfers. De begrenzingen van wijken en buurten zijn voor een groot deel gebaseerd op wat de gemeenten aan het CBS doorgeven. De gemeentegrens is afkomstig uit de BRK van het Kadaster. Deze eerste versie bevat een deel van de kerncijfers. September 2018 wordt een tweede versie gepubliceerd. Lees voor meer informatie het volgende document: https://www.cbs.nl/-/media/_pdf/2016/35/2016ep26-toelichting-wijk-en-buurtkaart-2014-2015-2016.pdf",Beheer PDOK,beheerPDOK@kadaster.nl,,,,Beheer PDOK (Beheer PDOK); Beheer PDOK,"('2.7383', '50.6633', '7.6448', '53.6501')","Naamsvermelding verplicht, CBS, Kadaster (http://creativecommons.org/licenses/by/4.0/nl/)",otherRestrictions,,
a035801a-3256-4a36-9f81-02421aacee17,service,ISO 19115,WMS,2025-03-14,dut,,CBS Wijken en Buurten 2018 versie 3 WMS,cbs; wijken; buurten; gemeenten; statistiek; bevolkingdichtheid; inwoners; herkomst; autos; huishoudens; nabijheid,"Het Bestand Wijk- en Buurtkaart 2018 bevat de geometrie van alle gemeenten, wijken en buurten in Nederland met als attribuut een aantal statistische kerncijfers. De begrenzingen van wijken en buurten zijn voor een groot deel gebaseerd op wat de gemeenten aan het CBS doorgeven. De gemeentegrens is afkomstig uit de BRK van het Kadaster. De land-watergrens uit het Bestand Bodemgebruik 2015. Deze derde versie bevat de meeste kerncijfers. Hierna volgt geen update meer.",,beheerpdok@kadaster.nl,,,,,"('2.7383', '50.6633', '7.6448', '53.6501')",Geen beperkingen (https://creativecommons.org/publicdomain/mark/1.0/deed.nl),otherRestrictions,,
823c5f01-5d11-481b-aa5f-e191d129365f,service,ISO 19115,WMS,2025-06-26,dut,,Geografische namen (INSPIRE geharmoniseerd) WMS,Nationaal; Geografische namen,"INSPIRE Geografische Namen themalaag, geharmoniseerd, gevuld met relevante objecten uit TOP10NL (onderdeel van de Basisregistratie Topografie (BRT)), geproduceerd en beheerd door het Kadaster. Het is een referentie naar natuurlijke, culturele en kunstmatige objecten. Het bevat de namen van gebieden, regio's, plaatsen, steden of nederzettingen, of elk geografische of topografische object dat van publieke of historische waarde.",,beheerpdok@kadaster.nl,,,,,"('3.0098', '50.6395', '7.5159', '53.6864')",Geen beperkingen (http://creativecommons.org/publicdomain/mark/1.0/deed.nl),otherRestrictions,,
85c467c5-aff0-4509-9825-4965d9e962b9,service,ISO 19115,WFS,2025-03-12,dut,,CBS Vierkantstatistieken 100m 2012 WFS,demografie; vierkant; grid; statistiek; bevolking; inwoners; leeftijd; herkomst; woningen; inkomen; sociale_zekerheid; woz; woningeigendom; huur; voorziening; nabijheid; statistische_eenheden; spreiding_van_de_bevolking,"Het bestand CBS vierkanten 100m bevat statistische gegevens per 100 meter bij 100 meter vierkant. Met ingang van maart 2022 is het jaar 2021 toegevoegd en zijn het aantal kerncijfers van de jaren 2020 en 2019 aanzienlijk uitgebreid met gegevens over demografie, woningen, energie, inkomen, sociale zekerheid, nabijheid van voorzieningen en dichtheid.",,beheerpdok@kadaster.nl,,,,,"('3.1467', '50.7309', '7.3467', '53.5083')",Geen beperkingen (https://creativecommons.org/publicdomain/mark/1.0/deed.nl),otherRestrictions,,https://service.pdok.nl/cbs/vierkantstatistieken100m/2012/wfs/v1_0?request=GetCapabilities&service=WFS
d9e63303-9f1a-5bf3-a5e6-b2d429950613,dataset,ISO 19115,,2008-11-05,dut,28992,"Hydrologisch aandachtsgebied, POP-2 (historie)",hydrologisch aandachtsgebied; ruimtelijke ordening; water,"Dit bestand geeft de In het door Provinciale Staten van Drenthe op 7 juli 2004 vastgestelde Provinciaal Omgevingsplan Drenthe II (POPII, kaart 1) hydrologische aandachtgebieden weer: Gebieden met een natuurfunctie van het freatisch grondwater en gebieden met een ondersteunende natuurfunctie of een algemene functie grenzend aan een natuurfunctie (750m).",Provincie Drenthe,post@drenthe.nl,,,,Team Gis/Cartografie (Provincie Drenthe),"('6.105', '52.601', '7.109', '53.213')",Geen beperkingen,copyright,,
c922dbee-ed75-47d2-93d1-92ad8eeba29c,dataset,ISO 19115,WMS; WFS,2021-08-23,dut,28992,Houtsingelgebied Westerwolde,LANDSCHAPSBEHEER; LANDSCHAPSBESCHERMING; CULTUURLANDSCHAPPEN; CULTUURHISTORIE; BOSSEN,"Dit bestand bevat de houtsingelgebieden die zijn gelegen in Westerwolde, een streek in de provincie Groningen.
Houtsingels, elzensingels, meidoornhagen en houtwallen zijn lijnvormige beplantingen met bomen en/of struiken. Bij houtsingels is de samenstelling van bomen gevarieerd, elzensingels bestaan voornamelijk uit elzen en meidoornhagen uit meidoorns. Deze elementen vormen vaak begrenzingen van percelen of zijn afscheidingen met een andere functie, oorspronkelijk meestal als veekering. Grofweg kunnen twee typen worden onderscheiden: beplantingen die op een kunstmatige aarden wal staan (houtwal) en beplantingen die op dezelfde hoogte staan als het omringende land (houtsingel).

Karakteristiek voor Westerwolde is de besloten houtsingelstructuur en de daarin aanwezige pingoruïnes. De houtsingels staan onder druk door schaalvergroting in de landbouw en het uitblijven van voldoende onderhoud. De pingoruïnes dreigen hun waarde te verliezen door onder meer diepploegen, egaliseren en afschuiven van grond. 
Het landschap van Westerwolde wordt gekarakteriseerd door de afwisseling van besloten en kleinschalig open gebieden met esgehuchten. Het huidige kleinschalig open en besloten karakter wordt beschermd door behoud van de vele beplantingen langs perceelsgrenzen in de vorm van houtsingels en bosjes.

Voor de bescherming van het reliëf en de openheid rondom essen in Westerwolde zijn in artikel 4.40 regels opgenomen.",Provincie Groningen,geoportaal@provinciegroningen.nl,,,,Afdeling INFO (Provincie Groningen),"('6.988', '52.852', '7.164', '53.106')",geen beperkingen,otherRestrictions,,https://geoservices.provinciegroningen.nl/server/services/LandelijkGebied/Landschap/MapServer/WFSServer
cf106e1c-d70c-4508-a23f-8893cdae41d4,dataset,ISO 19115,,2025-04-11,dut,28992,Proeftuin Aardgavrije Wijken,Proeftuin Aardgasvrije Wijken; Aardgasvrij; Aaardgasvrij - ready,"De laag Proeftuin Aardgasvrije wijken toont de ligging van de proeftuinen inclusief de gegevens van de monitor. De locatie gegevens zijn aan de hand van de subsidieaanvraag ingetekend of overgenomen. Een project kan in de loop van de tijd inhoudelijk gewijzigd zijn naar aanleiding van voortschrijdend inzicht. De begrenzing kan woningen en of utiliteiten bevatten, die geen deel uitmaken van het project. 

Zie ook\: https://www.nplw.nl/data-en-monitoring/rapporten/voortgang-proeftuinen",,klantcontact@rvo.nl,,,,,"('1.7355', '50.4252', '8.66', '53.8902')",Geen beperkingen (http://creativecommons.org/publicdomain/mark/1.0/deed.nl),otherRestrictions,,
8498D10B8A541D43E053D2041EACBDD8,dataset,ISO 19115,WMS; WFS,2022-06-01,dut,28992,Omgevingsvisie 2018 - Natuur in stad en dorp,locaties,Door Provinciale Staten van Drenthe op 3 oktober 2018 vastgestelde versie van Natuur in stad en dorp. De provincie Drenthe heeft de ambitie om de biodiversiteit in dorpen en steden te behouden en te bevorderen door de kwaliteit van de fysieke leefomgeving te verbeteren. Naast een rol voor de biodiversiteit bevordert een groene omgeving vlakbij de woonplaats bovendien de waardering voor natuur en het enthousiasme om daar een actieve rol te vervullen. De provincie Drenthe stimuleert gemeenten om hier invulling aan te geven. Kaart Robuuste natuursysteem.,Provincie Drenthe,post@drenthe.nl,,,,Team Gis/Cartografie (Provincie Drenthe),"('6.105', '52.601', '7.109', '53.213')",Geen beperkingen,otherRestrictions,,https://kaartportaal.drenthe.nl/server/services/GDB_actueel/GBI_AOV18_NATUUR_STAD_DORP_V/MapServer/WFSServer
96e15308-ed5a-4a8d-9e91-a9766ba09861,dataset,ISO 19115,WMS,2022-05-25,dut,28992,Bruine ratten bijvangst,muskusrat; bruine rat,"Op de kaart ziet u hoeveel bruine ratten als bijvangst zijn gevangen per gewerkt uur in 2018. De resultaten worden weergegeven in 5x5 km hokken, zogeheten uurhokken. 

Ratten kunnen ziekteverwekkers bij zich dragen waar mensen ziek van kunnen worden (zoönosen). Het monitoren van de verspreiding van ratten is belangrijk om volksgezondheidsrisico’s in te schatten. Daarnaast kunnen door de monitoring bestrijdingsmaatregelen tegen ratten worden geëvalueerd.",Atlas Leefomgeving,atlasleefomgeving@rivm.nl,,,,,"('3.37087', '50.7539', '7.21097', '53.4658')",geen beperkingen,otherRestrictions,,
201e6d23-fdbb-4fa5-a504-256805d84d36,dataset,ISO 19115,WMS,2023-02-17,dut,28992,Speeltoestellen Ridderkerk,Speeltoestel; Speeltoestellen; Beheer; Gemeente; Ridderkerk,Deze dataset bevat de speeltoestellen die in beheer zijn bij de gemeente Ridderkerk. De dataset wordt dagelijks ververst.,BAR-Organisatie,open-data@bar-organisatie.nl,,,,BAR-Organisatie; BAR-Organisatie,"('4.553060765563342', '51.85100799233529', '4.678266003761158', '51.89625869963491')",Geen beperkingen,otherRestrictions,,
1fa29adf-3aad-4b06-9c79-e19faf736003,dataset,ISO 19115,WMS; WFS,2025-03-06,dut,28992,Beweegrichtlijn per wijk,gezondheid; sport; leefstijl,Per wijk is geïnventariseerd welk percentage van de inwoners voldoet aan de beweegrichtenlijnen.,Atlas Leefomgeving,atlasleefomgeving@rivm.nl,,,,,"('2.5533583215455318', '50.3053500960926', '7.781739346852696', '53.803031696072395')",Geen beperkingen (http://creativecommons.org/publicdomain/mark/1.0/deed.nl),otherRestrictions,,https://data.rivm.nl/geo/alo/wfs?request=GetCapabilities
cea8f476-e282-4bbb-aea1-ba7bf6340f21,dataset,ISO 19115,WMS; WFS,2022-05-25,dut,28992,profiellijnen,profiel; profielen; profiellijn; profiellijnen; lengteprofiel; dwarsprofiel; lengteprofielen; dwarsprofielen; kering; hoofdwatergang; primaire watergang; historie,Locatie  van gemeten dwars- en lengteprofielen van primaire watergangen en waterkeringen.,Waterschap Hunze en Aa's,gis_info@hunzeenaas.nl,,,,Waterschap Hunze en Aa's; Waterschap Hunze en Aa's,"('6.274500417904351', '52.6482562858353', '7.570597529185045', '53.47291066142737')",Geen beperkingen,otherRestrictions,,https://opendata.hunzeenaas.nl/geoserver/wfs
82ba10ab-f2e4-40c0-91b8-f21454618134,dataset,ISO 19115,,2025-07-01,eng,,Ensemble precipitation forecasts made with Quantile Regression Forests and deterministic Harmonie-Arome inputs,Weather forecast; Precipitation; Machine learning; Quantile regression forests,"A gridded 51-member ensemble of precipitation forecasts that are created using a tree-based machine learning method, quantile regression forests (QRF), and inputs from the deterministic Harmonie-Arome (HA) Cy43 forecasts. The target data set is rain-gauge-adjusted radar data that is upscaled by taking 3x3 km means and then a rolling maximum is taken in a 9 x 9 km box. Inputs to the machine learning model include HA precipitation, and indices of atmospheric instability. Spatial and temporal dependencies are restored using the minimum divergence Schaake Shuffle (SSh). Hourly forecasts are issued 8 times per day (00, 03, 06, 09, 12, 15, 18 and 21 UTC) for 60-hours into the future.",Koninklijk Nederlands Meteorologisch Instituut (KNMI),opendata@knmi.nl,,,,Koninklijk Nederlands Meteorologisch Instituut (KNMI); Koninklijk Nederlands Meteorologisch Instituut (KNMI); Koninklijk Nederlands Meteorologisch Instituut (KNMI),"('3.3914', '50.7575', '7.2634', '53.5655')",https://creativecommons.org/licenses/by/4.0/deed.nl,otherRestrictions,,
8498D10B89F91D43E053D2041EACBDD8,dataset,ISO 19115,WMS; WFS,2022-06-01,dut,28992,Omgevingsvisie 2018 - Inname oppervlaktewater voor de openbare drinkwatervoorziening,locaties,"Door Provinciale Staten van Drenthe op 3 oktober 2018 vastgestelde versie van potentieel gebied met grondwater voor de openbare drinkwatervoorziening. De provincie is bevoegd gezag voor de vergunningverlening voor grondwateronttrekkingen voor de openbare drinkwatervoorziening. Aanvragen voor gebieden die al de aanduiding 'grondwater voor de bereiding van drinkwater hebben, verdienen de voorkeur. Kaart robuust en klimaatbestendig watersysteem",Provincie Drenthe,post@drenthe.nl,,,,Team Gis/Cartografie (Provincie Drenthe),"('6.105', '52.601', '7.109', '53.213')",Geen beperkingen,otherRestrictions,,https://kaartportaal.drenthe.nl/server/services/GDB_actueel/GBI_AOV18_K9_OPPWATER_DRINKWATER_P/MapServer/WFSServer
fffffff0-03d9-5ec2-9bbe-551af2f306e0,dataset,ISO 19115,,2008-11-17,dut,28992,Recreatieve voorziening e.d. (historie),crossterrein; herinneringscentrum; lawaaisport; recreatie; zwemplas,Dit bestand toont de Intensieve of grootschalige dagrecreatie. Zwemplassen en plassen met meervoudige recreatieve functie (geen zwemwaterfunctie). Regionaal lawaaisportcentrum en lokaal crossterrein en Herinneringscentrum Westerbork.,Provincie Drenthe,post@drenthe.nl,,,,Team Gis/Cartografie (Provincie Drenthe),"('6.105', '52.601', '7.109', '53.213')",Geen beperkingen,copyright,,
a8ebfa77-72de-499a-bfc1-1407201a7fcb,dataset,ISO 19115,WMS,2022-12-16,dut,28992,Fijnstof 2016 (pm10),pm10; fijnstof; model; luchtkwaliteit; gezondheid,Deze kaart toont de gemodelleerde concentratie fijn stof (µg pm10/m³) voor 2016 op basis van rekenpunten uit de monitoringstool van het nsl. Deze vlakdekkende kaart van Nederland heeft een resolutie van 25 meter.,Atlas Leefomgeving,atlasleefomgeving@rivm.nl,,,,,"('2.850695229660592', '50.684231329960426', '7.426780331889285', '53.60101272037095')",Geen beperkingen,otherRestrictions,,
704ddca1-19cc-4c51-85b6-473d57df8ea8,dataset,ISO 19115,WMS; WFS,2016-12-10,dut,28992,Watersysteemgebied,Watersysteemgebied,"Samenhangend geheel van een of meer oppervlaktewaterlichamen en grondwaterlichamen, met bijbehorende bergingsgebieden, waterkeringen en ondersteunende kunstwerken.
Herkomst definitie:  Aquo",Waterschap Hunze en Aa's,gis_info@hunzeenaas.nl,,,,Waterschap Hunze en Aa's; Waterschap Hunze en Aa's,"('6.274500417904351', '52.6482562858353', '7.570597529185045', '53.47291066142737')",Geen beperkingen,otherRestrictions,,https://opendata.hunzeenaas.nl/geoserver/wfs
4464de23-8cdd-4626-9ecc-8986b8e22f83,dataset,ISO 19115,WFS; WMS,2024-02-29,dut,,Aardkundige waarden,AARDKUNDIG WAARDEVOLLE GEBIEDEN; AARDKUNDIGE WAARDEN,Aardkundige waarden vormen het structurerende reliëf in het Utrechtse landschap. We richten ons ruimtelijk beleid hiervoor dan ook op het behouden en beschermen van aardkundige waarden als drager van de identiteit van het Utrechtse landschap. Aardkundige waarden stellen wij waar mogelijk veilig. Als voorgestelde ruimtelijke ingrepen botsen met de aardkundige waarden in een gebied is een gedegen afweging tussen de ruimtelijke ingreep en het behoud van de aardkundige waarden nodig.,Provincie Utrecht,GIS@provincie-utrecht.nl,,,,GIS (Provincie Utrecht),"('4.84', '51.903', '5.61', '52.281')",Open data (publiek)|https://creativecommons.org/publicdomain/mark/1.0/deed.nl,otherRestrictions,,https://services.geodata-utrecht.nl/geoserver/m01_2_bodem/wfs
71fee0d6-7e7e-4c41-ac3b-5226a320d0bb,service,ISO 19115,WMS,2025-03-14,dut,,CBS Postcode6 statistieken 2017 WMS,Demografie; Postcode; Pc6; Statistiek; Bevolking; Inwoners; Leeftijd; Herkomst; Woningen; Inkomen; Sociale_zekerheid; Woz; Woningeigendom; Huur; Voorziening; Nabijheid; Spreiding_van_de_bevolking,"De WMS service postcode6 bevat statistische gegevens per postcode vanaf 2015. 

Met ingang van maart 2021 zijn gegevens over het jaar 2020 toegevoegd en zijn het aantal gegevens van de jaren 2019, 2018 en 2017 aanzienlijk uitgebreid met gegevens over demografie, woningen, energie, inkomen, sociale zekerheid, nabijheid van voorzieningen en dichtheid. 

Lees voor meer informatie: https://www.cbs.nl/nl-nl/longread/diversen/2021/statistische-gegevens-per-vierkant-en-postcode-2020-2019-2018",,beheerpdok@kadaster.nl,,,,,"('1.086', '50.5622', '8.4677', '55.8094')","Naamsvermelding verplicht, organisatienaam (https://creativecommons.org/licenses/by/4.0/deed.nl)",otherRestrictions,,
f0eb64f9-8888-42e1-9550-bf91c32da4bc,service,ISO 19115,WMS,2024-02-09,dut,,Natuurlijke alfa activiteitsconcentratie in lucht Nationaal Meetnet Radioactiviteit 2011 (WMS),Milieubewakingsvoorzieningen,Deze webservice toont de jaargemiddelde cijfers van het Nationaal Meetnet Radioactiviteit van het RIVM zoals in het kader van het EURATOM verdrag verzameld. De data is op diverse meetlocaties verspreid over Nederland gemeten.,,nmrbeheer@rivm.nl,,,,,"('3.37', '50.75', '7.21', '53.47')",Geen beperkingen (http://creativecommons.org/publicdomain/zero/1.0/deed.nl),otherRestrictions,,
492f1861-c8c0-412e-accf-ad5f1390e151,dataset,ISO 19115,WMS; WFS,2022-05-25,dut,28992,Important Plant Areas,biodiversiteit,"Deze kaart geeft aan waar in Nederland de belangrijkste gebieden liggen voor botanische biodiversiteit. Op de kaart staan gebieden waar de meeste kenmerkende of bedreigde planten, paddenstoelen, mossen of korstmossen voorkomen. De kaart is van waarde voor beheerders van de betreffende gebieden en voor beleidsmakers in de ruimtelijke ontwikkeling.",Floron,info@floron.nl,,Floron,,,"('3.37087', '50.7539', '7.21097', '53.4658')",geen beperkingen,otherRestrictions,,https://data.rivm.nl/geo/ank/wfs?
5935a31d-f245-4d08-a4af-7fb90da3c30b,service,ISO 19115,WFS,2024-08-08,dut,,CBS Gebiedsindelingen 2014 WFS,Statistische eenheden; Gebiedsindeling; Gemeente; Landsdeel; Provincie; Buurt; COROP-gebied; GGD-regio; NUTS3; NUTS1; NUTS2; Wijk; Grootstedelijke aglomeratie; Stadsgewest; COROP-plusgebied; COROP-subgebied; Landbouwgebied; Landbouwgroep; RPA-gebied; Toeristengroep; Toeristengebied; Arrondissementsgebied; Brandweerregio; Kamer van Koophandelregio; Politieregio; Regionale Eenheid; Veiligheidsregio; Zorgkantoorregio; Arbeidsmarktregio; Jeugdregio,Deze service bevat de CBS Gebiedsindelingen van 2014. De volgende gebiedsindelingen kunnen voorkomen: Gemeente Landsdeel Provincie Buurt COROP-gebied GGD-regio NUTS1 NUTS2 NUTS3 Wijk COROP-plusgebied COROP-subgebied Landbouwgebied Landbouwgroep RPA-gebied Toeristengroep Toeristengebied Arrondissementsgebied KamervanKoophandelregio Regionale-Eenheid Veiligheidsregio Veiligthuisregio Zorgkantoorregio Arbeidsmarktregio Regioplus-arbeidsmarktregio Jeugdregio Ressort RES-regio Regionaalmeldcoördinatiepunt Regionale-energiestrategie SubRES-regio,,beheerpdok@kadaster.nl,,,,,"('1.086', '50.5622', '8.4677', '55.8094')","Naamsvermelding verplicht, organisatienaam (https://creativecommons.org/licenses/by/4.0/deed.nl)",otherRestrictions,,https://service.pdok.nl/cbs/gebiedsindelingen/2014/wfs/v1_0?request=GetCapabilities&service=WFS
8c280cce-ef1b-49b6-93dc-6cee38956101,service,ISO 19115,WFS,2025-07-18,dut,,CBS Gebiedsindelingen 2017 WFS,statistische eenheden; gebiedsindeling; gemeente; landsdeel; provincie; buurt; corop-gebied; ggd-regio; nuts3; nuts1; nuts2; wijk; grootstedelijke aglomeratie; stadsgewest; corop-plusgebied; corop-subgebied; landbouwgebied; landbouwgroep; rpa-gebied; toeristengroep; toeristengebied; arrondissementsgebied; brandweerregio; kamer van koophandelregio; politieregio; regionale eenheid; veiligheidsregio; zorgkantoorregio; arbeidsmarktregio; jeugdregio,"Het bestand CBS gebiedsindelingen geeft de gebiedsindelingen die het CBS hanteert. De indelingen zijn gegeven van 2016 t/m het meest recente jaar in gegeneraliseerde vorm. Het meest recente jaar bevat in de eerste helft van dat jaar voorlopige grenzen en nog geen wijken en buurten voor dat jaar. De volgende gebiedsindelingen kunnen voorkomen: Gemeente, Landsdeel, Provincie, Buurt, COROP-gebied, GGD-regio, NUTS3, NUTS1, NUTS2, Wijk, Grootstedelijke aglomeratie, Stadsgewest, COROP-plusgebied, COROP-subgebied, Landbouwgebied, Landbouwgroep, RPA-gebied, Toeristengroep, Toeristengebied, Arrondissementsgebied, Brandweerregio, Kamer van Koophandelregio, Politieregio, Regionale Eenheid, Veiligheidsregio, Zorgkantoorregio, Arbeidsmarktregio en Jeugdregio. In de metadata zijn alleen de lagen van het laatste jaar opgenomen.",,beheerpdok@kadaster.nl,,,,,"('2.55496711', '50.63305917', '7.80148461', '53.67894732')",Geen beperkingen (https://creativecommons.org/publicdomain/mark/1.0/deed.nl),otherRestrictions,,https://service.pdok.nl/cbs/gebiedsindelingen/2017/wfs/v1_0?request=GetCapabilities&service=WFS
4045707d-bec1-5d17-886d-d98490bf7754,dataset,ISO 19115,,2023-09-20,dut,28992,Olie- en gasvelden (historie),bodem; energieatlas; gas; gasveld; mijnbouwwet; olie; olieveld; ondergrond; structuurvisie ondergrond; TNO,Deze kaart geeft de ligging van de olie- en gasvelden in Nederland aan. Verder is onder andere opgenomen wanneer het veld is ontdekt en in welke periode de exploitatie plaatsvindt (heeft plaats gevonden).,Provincie Drenthe,post@drenthe.nl,,,,Team Gis/Cartografie (Provincie Drenthe),"('3.1617316', '50.4624242', '7.135964', '53.388444')",Geen beperkingen,copyright,,
2c7a1d31-d788-5d01-8736-46a8705f833d,dataset,ISO 19115,,2015-04-01,dut,28992,Grondwateronttrekking voor de bereiding van drinkwater (Omgevingsvisie 2014) (historie),grondwater; omgevingsvisie; water,Door Provinciale Staten van Drenthe op 2 juli 2014 vastgestelde versie van Grondwateronttrekking voor de bereiding van drinkwater.Komt voor in kaart 9: Kaderrichtlijn Water.,Provincie Drenthe,post@drenthe.nl,,,,Team Gis/Cartografie (Provincie Drenthe),"('6.105', '52.601', '7.109', '53.213')",Geen beperkingen,otherRestrictions,,
645bfb1e-8553-5194-aa27-b96bfa9accef,dataset,ISO 19115,WMS; WFS,2022-06-03,dut,28992,Grondsoortenkaart 2006 tbv Prolander,bodem; water,"De 1:50.000 bodemkaart. Rapport: De digitale Bodemkaart van Nederland, Vries, F. de en  Denneboom J., Staring Centrum, 2006.",Provincie Drenthe,post@drenthe.nl,,,,Team Gis/Cartografie (Provincie Drenthe),"('5.9785', '52.5763', '7.595', '53.7894')",Geen beperkingen,copyright,,https://kaartportaal.drenthe.nl/server/services/GDB_actueel/PL_GRONDSOORTEN_2006_V/MapServer/WFSServer
dcb7f0d7-d70b-4eab-9a46-7af98de860bd,service,ISO 19115,WFS,2024-08-12,dut,,CBS Wijken en Buurten 2017 WFS,wijken; buurten; gemeenten; statistiek; bevolking,"Het Bestand Wijk- en Buurtkaart 2017 bevat de geometrie van alle gemeenten, wijken en buurten in Nederland met als attribuut een aantal statistische kerncijfers. De begrenzingen van wijken en buurten zijn voor een groot deel gebaseerd op wat de gemeenten aan het CBS doorgeven. De gemeentegrens is afkomstig uit de BRK van het Kadaster. Deze eerste versie bevat een deel van de kerncijfers. September 2018 wordt een tweede versie gepubliceerd. Lees voor meer informatie het volgende document: https://www.cbs.nl/-/media/_pdf/2016/35/2016ep26-toelichting-wijk-en-buurtkaart-2014-2015-2016.pdf",Beheer PDOK,beheerPDOK@kadaster.nl,,,,Beheer PDOK (Beheer PDOK); Beheer PDOK,"('2.9069', '50.6898', '7.5008', '53.6248')","Naamsvermelding verplicht, CBS, Kadaster (http://creativecommons.org/licenses/by/4.0/nl/)",otherRestrictions,,https://service.pdok.nl/cbs/wijkenbuurten/2017/wfs/v1_0?request=getcapabilities&service=wfs
5C394C3459387564E053D2041EAC011F,dataset,ISO 19115,,2017-08-17,dut,28992,Natura2000 Beheerplannen - Recreatie (Vlakdekkende informatie) (historie),locaties,Gerapporteerde Recreatiegegevens in Natura 2000 beheerplannen. Dit bestand bevat vlakdekkende informatie(Bv. clustering gasenverblijven),Provincie Drenthe,post@drenthe.nl,,,,Team Gis/Cartografie (Provincie Drenthe),"('6.105', '52.601', '7.109', '53.213')",Geen beperkingen,otherRestrictions,,
531bc760-a7a6-4395-8a35-970d1b391844,dataset,ISO 19115,,2019-11-26,dut,28992,Genexpressie in zebravisembryos door levertoxiciteit veroorzakende stoffen,Toxicogenomics; Danio rerio; embryo; 17alpha-ethynylestradiol; 1-naphtylisothiocyanate; acetaminophen; paracetamol; adefovir; amiodarone; chlorpromazin; cyclosporin A; d-Mannitol; isoniazid; lithium carbonate; paraquat; tetracycline; thioacetamide; valproic acid,Genexpressie effecten in zebravisembryos door blootstelling aan 14 stoffen,RIVM/V&Z/GZB,jeroen.pennings@rivm.nl,,,,RIVM/V&Z/GZB; RIVM/V&Z/GZB,"('2.1943769153799892', '50.719508224348104', '8.04038938277185', '54.987059919430585')",Geen beperkingen,otherRestrictions,,
7977f282-433e-41f9-940b-63f5d28ee44c,service,ISO 19115,WMS,2025-07-16,dut,,Stiltegebieden - Provincies (INSPIRE geharmoniseerd) WMS,conservation; beschermdegebieden; protectedsites,Deze nationale dataset bevat de Stiltegebieden . De dataset Stiltegebieden valt binnen het INSPIRE-thema Beschermde gebieden.,,beheerpdok@kadaster.nl,,,,,"('2.9004', '50.7161', '7.6409', '53.7418')",Geen beperkingen (https://creativecommons.org/publicdomain/mark/1.0/deed.nl),otherRestrictions,,
FEB44D94AC453D26E0441CC1DE40A734,dataset,ISO 19115,,2014-07-21,dut,28992,Windenergie zoekgebied (Omgevingsvisie 2014) (historie),omgevingsvisie; windmolens; windturbines,Door Provinciale Staten van Drenthe op 2 juli 2014 vastgestelde versie van Windenergie zoekgebied.Op de kaart staan de gebieden in het provinciaal zoekgebied voor windenergie die geschikt zijn voor plaatsing van windturbines/windmolens. Komt voor in kaart 7: Zoekgebied grootschalige windenergie.,Provincie Drenthe,post@drenthe.nl,,,,Team Gis/Cartografie (Provincie Drenthe),"('6.105', '52.601', '7.109', '53.213')",Geen beperkingen,otherRestrictions,,
144e3b98-9a77-49a5-938e-b7b59947af57,dataset,ISO 19115,WMS,2022-12-16,dut,28992,Fijnstof 2020 (PM10),basisset NOVEX; PM10; luchtkwaliteit; model; gezondheid,Deze kaart toont de gemodelleerde concentratie fijn stof (µg PM10/m³) voor 2020 op basis van rekenpunten uit de monitoringstool van het nsl. Deze vlakdekkende kaart van Nederland heeft een resolutie van 25 meter.,Atlas Leefomgeving,atlasleefomgeving@rivm.nl,,,,,"('3.37087', '50.7539', '7.21097', '53.4658')",geen beperkingen,otherRestrictions,,
d630a903-1c46-4ecc-9977-5117415a7eb3,service,ISO 19115,,2020-07-06,dut,28992,Monumenten in Rotterdam,,"Deze Openbare Mapserver van Bureau Monumenten Rotterdam toont de Rotterdamse monumenten,cultuurhistorische verkenningen,beschermde stadsgezichten",,gis-diensten@rotterdam.nl,,,,,"('4.0005', '51.8421', '4.6048', '52.0177')","Naamsvermelding verplicht, organisatienaam (http://creativecommons.org/licenses/by/3.0/deed.nl)",otherRestrictions,,
fc865e24-eeb0-4279-8cac-a6c02e4ef7cb,dataset,ISO 19115,WMTS; WMS,2021-02-26,dut,28992,Luchtfoto 2020 25cm CIR Ortho,zomer; luchtfoto; 2020; 25cm; ortho; cir; landelijke voorziening beeldmateriaal; lvb; beeldmateriaal; orthofoto; ortho25; orthofotomozaïek; mozaïek; orthofotomozaiek; mozaiek; lage resolutie; lr; color infrared; ortho25ir; ortho25cir,CIR zomerluchtfoto van 2020 met een resolutie van 25cm.,Waterschap Hunze en Aa's,gis_info@hunzeenaas.nl,,,,Waterschap Hunze en Aa's; Waterschap Hunze en Aa's,"('6.274500417904351', '52.6482562858353', '7.570597529185045', '53.47291066142737')",Geen beperkingen,otherRestrictions,,
ffffffa1-4a72-5d03-886b-3309934f00ce,dataset,ISO 19115,WMS; WFS,2022-06-01,dut,28992,Opslagcapaciteit CO2 gasvelden,CO2; CO2-opslag; energieatlas; gasveld; structuurvisie ondergrond,"De kaart geeft de geschatte CO2 capaciteit weer van de gasvelden. De hoeveelheid CO2 die kan worden opgeslagen in een veld is afhankelijk van een groot aantal parameters waaronder het volume van het veld, diepte, porositeit, geplande einddruk, etc. Een gedetailleerde bepaling van de verwachte opslagcapaciteit kan alleen worden gemaakt op basis van een specifiek vraag- en aanbodprofiel. Om toch een redelijke inschatting te kunnen maken van de potentiele opslagcapaciteit van een gasveld is hier gerekend met een vuistregel: voor elke miljard m3 geproduceerd aardgas kan in een gasveld 2,5 miljoen ton (MTon) aan CO2 worden opgeslagen.",Provincie Drenthe,post@drenthe.nl,,,,Team Gis/Cartografie (Provincie Drenthe),"('6.105', '52.601', '7.109', '53.213')",Geen beperkingen,copyright,,https://kaartportaal.drenthe.nl/server/services/GDB_actueel/GBI_MILIEU_BODEM_CO2OPSLAG_V/MapServer/WFSServer
ffffff87-cc6f-59df-be51-36b10bad8610,dataset,ISO 19115,,2011-01-01,dut,28992,"Dorpen autonoom - Woondorpen 7-7 dynamiek (OGV, 2010) (historie)",omgevingsvisie,"Door Provinciale Staten van Drenthe is op 2 juni 2010 de Omgevingsvisie vastgesteld. Op kaart 6 ""Wonen en Sociale componenten"" zijn de voorzieningen die onder druk staan door bevolkingsdaling en de woondorpen 7-7 dynamiek opgenomen. De provincie vindt het, gelet op de demografische ontwikkelingen, belangrijk dat woningbouwprogramma s in een bovenlokale strategie worden vervat. Er worden regionale afspraken gemaakt en van de regio s wordt een regionale woonvisie gevraagd waarin kwaliteit en kwantiteit van bouwprogramma s  op elkaar is afgestemd. Dit bestand geeft voorzieningen onder druk door bevolkingsdaling weer en de woondorpen 7-7 dynamiek.",Provincie Drenthe,post@drenthe.nl,,,,Team Gis/Cartografie (Provincie Drenthe),"('6.105', '52.601', '7.109', '53.213')",Geen beperkingen,otherRestrictions,,
1492fa63-96e2-406d-9a27-6affe281d848,service,ISO 19115,WFS,2025-04-14,dut,4258,Territoriale Zee volgens UNCLOS - Noordzee - Downloadservice,infoFeatureAccessService,"Aansluitende zone van Nederland, Exclusieve Economische Zone van Nederland, Territoriale Zee van Nederland","Ministerie van Defensie, Koninklijke Marine, Dienst der Hydrografie",niet beschikbaar,,,,"Ministerie van Defensie, Koninklijke Marine, Dienst der Hydrografie; Ministerie van Defensie, Koninklijke Marine, Dienst der Hydrografie","('-6.1974', '48.9871', '11.3447', '56.9741')",Geen beperkingen (http://creativecommons.org/publicdomain/mark/1.0/deed.nl),otherRestrictions,,https://inspire1.bathy.online/geoserver/tz/ows?service=WFS&version=2.0.0&request=GetCapabilities
ffffffc5-a9b4-5573-a343-14be19a33454,dataset,ISO 19115,,2011-01-01,dut,28992,"Waardevolle essen bij landschapstype esdorpen-esgehuchten (OGV, 2010) (historie)",omgevingsvisie,Dit bestand geeft de (zeer) waardevolle essen bij landschapstype esdorpen-esgehuchten weer zoals opgenomen in kaart 2B (Landschap) van de in de door Provinciale Staten op 2 juni 2010 vastgestelde Omgevingsvisie.,Provincie Drenthe,post@drenthe.nl,,,,Team Gis/Cartografie (Provincie Drenthe),"('6.105', '52.601', '7.109', '53.213')",Geen beperkingen,otherRestrictions,,
858CFECC3A2E4638E053D2041EAC26AA,dataset,ISO 19115,,2024-03-28,dut,28992,Provinciale Omgevingsverordening 2018 - Regionale waterkering (historie),locaties,Deze kaartlaag maakt onderdeel uit van de op 3 oktober 2018  vastgestelde versie van de Provinciale Omgevingsverordening Drenthe. (Bijbehorende kaart B). De kaden die zijn aangewezen door Provinciale Staten als regionale waterkering.,Provincie Drenthe,post@drenthe.nl,,,,Team Gis/Cartografie (Provincie Drenthe),"('6.105', '52.601', '7.109', '53.213')",Geen beperkingen,otherRestrictions,,
7dc30aed-0940-4e69-b34c-9f24b34078eb,service,ISO 19115,WMS,2022-12-14,dut,,Emissies naar lucht en water in 2015 vanuit de industrie (WMS),Faciliteiten voor productie en industrie,"Deze webservice toont de emissies en afvalstromen vanuit de belangrijkste industriële faciliteiten in Nederland zoals deze met het elektronisch Milieujaarverslag worden verzameld in het kader van de Europese E-PRTR verplichting door RIVM aan de Europese Unie worden gerapporteerd. Het bevoegd gezag (provincie, gemeente, waterschap, omgevingsdienst etc.) van het bedrijf heeft vooraf de emissies en afvalstromen  gevalideerd.
Deze dataset betreft emissies naar de lucht en naar het oppervlaktewater. In beide gevallen gaat het om jaarvrachten.",,emissieregistratie@rivm.nl,,,,Emissieregistratie; Emissieregistratie,"('3.37', '50.75', '7.21', '53.47')",Geen beperkingen (http://creativecommons.org/publicdomain/zero/1.0/deed.nl),otherRestrictions,,
ffffff9d-7b22-54a1-b84b-11d3b6df7976,dataset,ISO 19115,,2025-04-17,dut,28992,Karrensporen - aanvulling luchtfotos (historie),karrensporen; prehistorie,"Karrensporen zijn de zichtbare overblijfselen van oude routes. Ze stammen uit de middeleeuwen, maar gaan waarschijnlijk nog veel verder terug. Er ontstonden brede systemen of bundels, onder andere door het intensieve gebruik van de routes door karren met verschillende spoorbreedtes. Ook door het telkens zoeken naar de meest ideale wegomstandigheden werd het systeem steeds breder. Door recent onderzoek in opdracht van de provincie is gebleken dat er veel meer karrenspoorsystemen in Drenthe bewaard zijn gebleven dan tot nu toe werd gedacht. De bundels van de verschillende routes zijn goed te volgen. Zij zijn representanten van, onder andere, de lange, interregionale noord-zuidroute over de Hondsrug maar ook van lokale verbindingen tussen de Drentse esdorpen. In dit kaartbeeld zijn de karrensporen die zijn herkend in een analyse van luchtfoto s van Drenthe te zien. In aanvulling daarop zijn ook door middel van AHN2-analyse karrensporen ontdekt, deze zijn te vinden onder het kopje Karrensporen AHN2.",Provincie Drenthe,datateam@drenthe.nl,,,,Team Gis/Cartografie (Provincie Drenthe),"('6.0531', '52.5451', '7.2431', '53.2683')",Geen beperkingen,otherRestrictions,,
ac33d7d4-10a1-4151-b742-7aa064734a3e,dataset,ISO 19115,WMS; WMTS,2024-05-03,dut,28992,Luchtfoto Beeldmateriaal 2022 25cm infrarood open data,Landelijke voorziening beeldmateriaal; LVB; Beeldmateriaal; Luchtbeelden; Luchtfoto; Orthofoto; Ortho; Ortho25IR; Ortho25CIR; Orthofotomozaïek; Orthofotomozaiek; Mozaïek; Mozaiek; Lage resolutie; LR; Infrarood; CIR; Open data CC-BY,"De orthofotomozaïeken zijn een samenstelling van afzonderlijke infrarood orthofoto's, in principe van de centrale gedeelten van iedere orthofoto. Daardoor is de omvalling in de mozaïeken zo klein mogelijk gehouden. De orthomozaïeken zijn landsdekkend. Deze luchtfoto's zijn beschikbaar als open data.",Kadaster,dpi-gi@kadaster.nl,https://nationaalgeoregister.nl/geonetwork/srv/dut/catalog.search#/metadata/d7a395a2-8673-4794-a5a6-fed6492cd580,,,"Directie Operatie, Dienstverlening en Registratie, afdeling Data-, Proces- en Informatiemanagement (Kadaster); Contact (Het Waterschapshuis); Klantcontactcenter (Kadaster)","('3.30', '50.73', '7.24', '53.60')","Naamsvermelding verplicht, Beeldmateriaal.nl (http://creativecommons.org/licenses/by/4.0/deed.nl)",otherRestrictions,,
1c321515-4f4b-5bec-8b97-216ccaab7770,dataset,ISO 19115,,2010-04-28,dut,28992,"Veenterp (Cultuurhistorisch Kompas en OGV, 2010) (historie)",bouwkunst; cultuurhistorie; cultuurhistorisch kompas; Drents Plateau; historische geografie,Vlakelementen van de cultuurhistoriesche hoofdstructuur voor de provincie Drenthe betreffende geselecteerde veenterpen. Deze zijn geselecteerd uit de Archeologische monumentenkaart (AMK) en dus van archeologische waarde. De veenterpen aan weerszijden van het Peizerdiep de Kop van Drenthe zijn niet of nauwelijks waarneembare verhogingen van het maaiveld en zijn verlaten huisplaatsen uit de 11e tot de 14e eeuw.,Provincie Drenthe,post@drenthe.nl,,,,Team Gis/Cartografie (Provincie Drenthe),"('6.105', '52.601', '7.109', '53.213')",Geen beperkingen,copyright,,
87a382da-c6dc-403c-a006-2379eb6daaa6,service,ISO 19115,WMS,2025-04-14,dut,,Nederlands deel PSSA Waddenzee-Viewservice,infoMapAccessService,Nederlands deel Particularly Sensitive Sea Area (PSSA) Waddenzee vastgesteld door IMO,"Ministerie van Defensie, Koninklijke Marine, Dienst der Hydrografie",niet beschikbaar,,,,"Ministerie van Defensie, Koninklijke Marine, Dienst der Hydrografie; Ministerie van Defensie, Koninklijke Marine, Dienst der Hydrografie","('-0.8559', '50.578', '9.3082', '56.3867')",Geen beperkingen (http://creativecommons.org/publicdomain/mark/1.0/deed.nl),otherRestrictions,,
8503C78F9C2D599AE053D2041EAC4160,dataset,ISO 19115,WMS; WFS,2022-06-01,dut,28992,Omgevingsvisie 2018 - Fietsknooppuntennetwerk,locaties,"Door Provinciale Staten van Drenthe op 3 oktober 2018 vastgestelde versie van Fietsknooppuntennetwerk. Het in stand houden en toegankelijk maken van recreatieve hotspots, natuur en landschap (fietsen, wandelen, vaarrecreatie) is van provinciaal belang voor een vitale vrijetijdseconomie. Drenthe is de fietsprovincie bij uitstek en heeft dan ook niet voor niets de titel 5-sterren fietsprovincie! Kaart Mobiliteit",Provincie Drenthe,post@drenthe.nl,,,,Team Gis/Cartografie (Provincie Drenthe),"('6.105', '52.601', '7.109', '53.213')",Geen beperkingen,otherRestrictions,,https://kaartportaal.drenthe.nl/server/services/GDB_actueel/GBI_AOV18_FIETSKNPPNTNETW_L/MapServer/WFSServer
70b52a2d-8542-5e48-9f5c-83d226f823c2,dataset,ISO 19115,,2013-04-17,dut,28992,Mogelijke locaties windparken (historie),energie; wind; windmolens; zoekgebied,Zoekgebieden voor windparken. Onderdeel van de visiekaart uit ontwerp gebiedsvisie windenergie Drenthe.,Provincie Drenthe,post@drenthe.nl,,,,Team Gis/Cartografie (Provincie Drenthe),"('6.105', '52.601', '7.109', '53.213')",Geen beperkingen,copyright,,
b7391889-dd1e-474f-abcc-f38d2bb55935,dataset,ISO 19115,WMS; WFS,2019-01-29,dut,28992,Landschapsontwikkelingszones (Omgevingsvisie 2016-2020),STRUCTUURPLANNEN; LANDSCHAPSONTWIKKELING; RECREATIE; RUIMTELIJKE KWALITEIT,"Dit bestand bevat landschapsontwikkelingszones zoals vastgesteld in de Omgevingsvisie provincie Groningen 2016-2020.
In de Veenkoloniën en Westerwolde hebben we landschapsontwikkelingszones aangewezen, met als doel deze met elkaar en met de Hondsrug te verbinden en aantrekkelijker te maken voor recreatie. In overleg met gemeenten onderzoeken we of en hoe er meer ruimte geboden kan worden voor wonen en werken in het buitengebied, met behoud - of liever zelfs toename - van de ruimtelijke kwaliteit.",Provincie Groningen,geoportaal@provinciegroningen.nl,,,,Afdeling INFO (Provincie Groningen),"('6.793', '52.838', '7.193', '53.181')",geen beperkingen,otherRestrictions,,https://geoservices.provinciegroningen.nl/server/services/Beleidsplannen/Omgevingsvisie/MapServer/WFSServer
4f01e254-5f28-5e01-838d-85650c75f668,dataset,ISO 19115,,2008-11-13,dut,28992,Nationale Parken (historie),gebied; gebiedsgrens; nationaalpark,"Grenzen Nationale parken provincie Drenthe: Dwingelderveld en Drents-Friese Wold en Drentsche Aal. Grens van het Beek- en Esdorpen landschap Drentsche Aa. Advies van de Commissie Drentsche Aa, over nationale parken met verbrede doelstelling, in opdracht van staatssecretaris mevr. G. Faber.",Provincie Drenthe,post@drenthe.nl,,,,Team Gis/Cartografie (Provincie Drenthe),"('6.105', '52.601', '7.109', '53.213')",Geen beperkingen,copyright,,
8503C78F9C25599AE053D2041EAC4160,dataset,ISO 19115,WMS; WFS,2022-06-01,dut,28992,Omgevingsvisie 2018 - Oppervlaktewaterlichamen Meren,locaties,Door Provinciale Staten van Drenthe  op 3 oktober 2018 vastgestelde versie van Meren. De meren maken onderdeel uit van de oppervlaktewaterlichamen uit de Kaderrichtlijn water. Kaart Robuust en klimaatbestendig watersysteem.,Provincie Drenthe,post@drenthe.nl,,,,Team Gis/Cartografie (Provincie Drenthe),"('6.105', '52.601', '7.109', '53.213')",Geen beperkingen,otherRestrictions,,https://kaartportaal.drenthe.nl/server/services/GDB_actueel/GBI_AOV18_K9_OPPWATER_MEREN_V/MapServer/WFSServer
471e3b75-ea9c-4b5f-85c1-f20d57f35817,dataset,ISO 19115,WMS; WFS,2019-01-29,dut,28992,Opgaven (5 stuks) planperiode omgevingsvisie (Omgevingsvisie 2016-2020),STRUCTUURPLANNEN; PLANGEBIEDEN; BELEIDSONTWIKKELING,"Dit bestand bevat vijf opgaven zoals vastgesteld in de Omgevingsvisie provincie Groningen 2016-2020.

In de planperiode van deze Omgevingsvisie zien we vijf grote integrale opgaven:
 Gaswinning, Energyport,	Groei en krimp, Regio Groningen-Assen en Waddengebied. 

In deze integrale opgaven komen verschillende belangen bij elkaar. Hier moeten wij verschillende provinciale belangen zorgvuldig tegen elkaar afwegen.",Provincie Groningen,geoportaal@provinciegroningen.nl,,,,Afdeling INFO (Provincie Groningen),"('6.155', '52.838', '7.269', '53.582')",geen beperkingen,otherRestrictions,,https://geoservices.provinciegroningen.nl/server/services/Beleidsplannen/Omgevingsvisie/MapServer/WFSServer
d0a4e522-abb0-5bc6-b80a-54b5c574a704,dataset,ISO 19115,,2012-09-24,dut,28992,"Dwingelderveld, bezoekerscentra (historie)",natuur; recreatie; toerisme,"Dit bestand geeft de in het Dwingelderveld gelegen toeristische attraties weer, zoals schaapskooi, Planetron en radiosterrenwacht.",Provincie Drenthe,post@drenthe.nl,,,,Team Gis/Cartografie (Provincie Drenthe),"('6.105', '52.601', '7.109', '53.213')",Geen beperkingen,copyright,,
8a772a52-d659-47b3-a131-82398fb78664,service,ISO 19115,,2024-02-05,dut,25832; 4326,Overzicht van Nederlandse seismologische meetstations,seismologische meetstation; infoFeatureAccessService,"Het KNMI heeft een uitgebreid netwerk van seismometers om de seismiciteit in en rondom Nederland en Caribisch Nederland te meten.Het netwerk bestaat uit geophones in de boorgaten (tot 300m diepte), versnellingsmeters en 'broadband' seismometers.",Koninklijk Nederlands Meteorologisch Instituut (KNMI),opendata@knmi.nl,,,,KNMI Datacentrum (Koninklijk Nederlands Meteorologisch Instituut (KNMI)); KNMI Datacentrum (Koninklijk Nederlands Meteorologisch Instituut (KNMI)),"('-63.24875', '17.4714', '7.119599', '53.5812')",no limitations to public access (http://inspire.ec.europa.eu/metadata-codelist/LimitationsOnPublicAccess/noLimitations),otherRestrictions,,
84fa5c0a-1f64-41a6-9fe1-0f84fd634157,dataset,ISO 19115,,2024-10-15,dut,28992; 5709,"Natuurbeheerplan, Zoekgebied Water",ecologie; natuur; natuurbeheer; natuurontwikkeling; agrarisch natuurbeheer; waternatuur,"Onderdeel van het Natuurbeheerplan dat zich primair richt op de functie als subsidie-instrument in het kader van de subsidieregeling voor (agrarisch) natuur en landschapsbeheer (SNL en ANLb). Begrensd zoekgebied waarbinnen subsidie voor waterbeheer kan worden aangevraagd. Het Zoekgebied Water is een kaart getypeerd volgens de Index Natuur- en Landschap (Informatiemodel Natuur IMNa) zoals deze in de subsidieperiode dient te worden beheerd. In het natuurbeheerplan wijzen GS gebieden aan, waarvoor subsidies uit het SNL en ANLb kunnen worden aangevraagd. De subsidies zijn bedoeld voor beheer en investeringen in natuur, agrarische natuur en landschapselementen. Het betreft vigerend beleid.",Provincie Noord-Brabant,Geo@brabant.nl,,,,,"('4.186', '51.216', '6.052', '51.831')",geen beperkingen,intellectualPropertyRights,,
7092d855-eecd-5d08-bb6b-fe0fe7781ea7,dataset,ISO 19115,,2011-01-01,dut,28992,"UNESCO (OGV, 2010) (historie)",omgevingsvisie,"UNESCO (OGV, 2010), kaart 1 (Omgevingsvisie).",Provincie Drenthe,post@drenthe.nl,,,,Team Gis/Cartografie (Provincie Drenthe),"('6.105', '52.601', '7.109', '53.213')",Geen beperkingen,otherRestrictions,,
f1c74034-ad33-41a9-baee-62737807fbf1,dataset,ISO 19115,WMS; WFS,2019-01-29,dut,28992,Houtsingelgebied Zuidelijk Westerkwartier (Omgevingsvisie 2016-2020),STRUCTUURPLANNEN; CULTUURHISTORISCHE WAARDENKAARTEN; CULTUURLANDSCHAPPEN; BOSSEN; NATUUR EN BOS EN LANDSCHAP,"Dit bestand bevat het houtsingelgebied Zuidelijk Westerkwartier zoals vastgesteld in de Omgevingsvisie provincie Groningen 2016-2020.
Dit is een gebied met een waardevol besloten en/of kleinschalig open karakter. Dit wordt veelal gevormd door de aanwezigheid van bosjes, houtsingels, houtwallen en (meidoorn)hagen.",Provincie Groningen,geoportaal@provinciegroningen.nl,,,,Afdeling INFO (Provincie Groningen),"('6.175', '53.113', '6.429', '53.244')",geen beperkingen,otherRestrictions,,https://geoservices.provinciegroningen.nl/server/services/Beleidsplannen/Omgevingsvisie/MapServer/WFSServer
ffffff95-f50c-52aa-b7aa-67c325e47664,dataset,ISO 19115,,2006-07-31,dut,28992,"Natuurgebiedsplan 2005, Integraal (historie)",monitoring SGB; natuur; natuurgebiedsplan; relatienota,Het integraal natuurgebiedsplan met betrekking tot natuur- en landschapsdoelen:- nieuwe natuurgebieden (van cultuurgrond naar nieuwe natuur);- beheersgebieden (landbouwgronden waar beschikkingen ten gunste van natuur en landschap mogelijk zijn);- mogelijkheden voor subsidie binnen die begrenzingen. Sinds 1 januari 2000 gelden nieuwe subsidieregelingen voor natuur- en landschapsbeheer.,Provincie Drenthe,post@drenthe.nl,,,,Team Gis/Cartografie (Provincie Drenthe),"('6.105', '52.601', '7.109', '53.213')",Geen beperkingen,copyright,,
FEB44D94AC463D26E0441CC1DE40A734,dataset,ISO 19115,,2014-07-21,dut,28992,Bergingsgebied (Omgevingsvisie 2014) (historie),bestemmingsplan; omgevingsvisie; waterberging,Door Provinciale Staten van Drenthe op 2 juli 2014 vastgestelde versie van Bergingsgebied.Aangewezen gebieden voor waterberging die opgenomen zijn als dubbelbestemming naast de hoofdfunctie in het bestemmingsplan. Komt voor in kaart 8: Oppervlaktewater.,Provincie Drenthe,post@drenthe.nl,,,,Team Gis/Cartografie (Provincie Drenthe),"('6.105', '52.601', '7.109', '53.213')",Geen beperkingen,otherRestrictions,,
23bada32-8af0-5d04-b5a3-3ba3be1fdad8,dataset,ISO 19115,,2010-04-28,dut,28992,"Beekdal (Cultuurhistorisch Kompas en OGV, 2010) (historie)",bouwkunst; cultuurhistorie; cultuurhistorisch kompas; Drents Plateau; historische geografie,"Vlakelementen van de cultuurhistorische hoofdstructuur voor de provincie Drenthe betreffende geselecteerde beekdalen. De beekdalen zoals weergegeven op de CHS moeten veelal gezien worden in combinatie met de esdorpen. Direct langs de beek lagen de hooilanden en iets hoger de graslanden, van belang voor het houden van rundvee. Een aantal beekdalen zijn scherp begrensd met houtwallen met daarbinnen houtwallen tot halverwege het beekdal en greppels dwars op de beek.",Provincie Drenthe,post@drenthe.nl,,,,Team Gis/Cartografie (Provincie Drenthe),"('6.105', '52.601', '7.109', '53.213')",Geen beperkingen,copyright,,
fffffff2-b2a6-5c4d-87a1-705c9beecab8,dataset,ISO 19115,,2013-03-27,dut,28992,Masterplan Fietspaden  (wegmeubilair) (historie),fietsen; recreatie; Recreatieschap; verkeer,"Classificatie van de kwaliteit van het wegmeubilair (zoals lantaarnpalen, bewegwijzering, etc.) langs de fietspaden in alle Drentse gemeenten en de gemeente Ooststellingwerf.",Provincie Drenthe,post@drenthe.nl,,,,Team Gis/Cartografie (Provincie Drenthe),"('6.105', '52.601', '7.109', '53.213')",Geen beperkingen,copyright,,
1e2cb7d4-934a-437a-809e-fda67b4a8824,service,ISO 19115,WFS,2025-04-14,dut,4258,EEZ volgens UNCLOS - Noordzee - Downloadservice,infoFeatureAccessService,Exclusieve Economische Zone van Nederland,"Ministerie van Defensie, Koninklijke Marine, Dienst der Hydrografie",niet beschikbaar,,,,"Ministerie van Defensie, Koninklijke Marine, Dienst der Hydrografie; Ministerie van Defensie, Koninklijke Marine, Dienst der Hydrografie","('-6.1974', '48.9871', '11.3447', '56.9741')",Geen beperkingen (http://creativecommons.org/publicdomain/mark/1.0/deed.nl),otherRestrictions,,https://inspire1.bathy.online/geoserver/eez/wfs?service=WFS&version=2.0.0&request=GetCapabilities
ffffffb4-6058-502f-a868-4e0500a87ece,dataset,ISO 19115,,2011-03-24,dut,28992,"Korstmos, 2010 ammoniakminnend (historie)",ammoniak; korstmossen; natuur,De NIW (Nitrofiele Indicatie Waarde) is een maat voor de ammoniakbelasting en is gebaseerd op het voorkomen van ammoniakminnende korstmossen. Hoge waarden geven aan waar het milieu sterk verontreinigd is.,Provincie Drenthe,post@drenthe.nl,,,,Team Gis/Cartografie (Provincie Drenthe),"('6.105', '52.601', '7.109', '53.213')",Geen beperkingen,copyright,,
60e3e456-7e79-46f4-8259-4f11376f47dd,dataset,ISO 19115,WMTS; WMS,2018-07-02,dut,28992,Luchtfoto 2013 25cm RGB Ortho (voorjaarsvlucht),voorjaar; luchtfoto; 2013; 25cm; ortho; rgb; landelijke voorziening beeldmateriaal; lvb; beeldmateriaal; orthofoto; ortho25; orthofotomozaïek; mozaïek; orthofotomozaiek; mozaiek; lage resolutie; lr,RGB voorjaarsluchtfoto van 2013 met een resolutie van 25cm.,Waterschap Hunze en Aa's,gis_info@hunzeenaas.nl,,,,Waterschap Hunze en Aa's; Waterschap Hunze en Aa's,"('6.274500417904351', '52.6482562858353', '7.570597529185045', '53.47291066142737')",Geen beperkingen,otherRestrictions,,
a346c88e-6b69-49c4-add7-9d76ee605162,dataset,ISO 19115,WMS; WFS,2021-10-11,dut,28992,Mengsel toxische druk oppervlaktewater - PAK's,ecologie; waterkwaliteit; biologisch,"Deze kaart geeft een beeld over de toxische druk van het mengsel aan PAK's in Nederlands oppervlaktewater. Toxische druk is belangrijk omdat chemische verontreiniging de aquatische levensgemeenschappen beïnvloedt, en tevens een signaal is dat er maatregelen moeten worden genomen om het water geschikt te maken voor allerlei maatschappelijke doelen (drinkwater, irrigatie, etc.). Alle punten waar in de periode 2013-2018 watermonsters genomen zijn voor het meten van stoffen zijn weergegeven. De toxische druk wordt weergegeven in vijf klassen van toenemende toxische druk. Toenemende toxische druk betekent dat de aquatische levensgemeenschap in toenemende mate belemmerd wordt, waardoor steeds meer soorten verdwijnen.",Atlas Natuurlijk Kapitaal,atlasnatuurlijkkapitaal@rivm.nl,,,,,"('3.37087', '50.7539', '7.21097', '53.4658')",Geen beperkingen (http://creativecommons.org/publicdomain/mark/1.0/deed.nl),otherRestrictions,,https://data.rivm.nl/geo/ank/wfs?request=GetCapabilities
8498D10B8A501D43E053D2041EACBDD8,dataset,ISO 19115,WMS; WFS,2022-06-01,dut,28992,Omgevingsvisie 2018 - Treinstation,locaties,"Door Provinciale Staten van Drenthe op 3 oktober 2018 vastgestelde versie van Treinstation. De provincie Drenthe wil de overstap tussen verschillende vervoersmiddelen stimuleren door vervoersknooppunten te ontwikkelen. Knooppunten (hubs) zijn bijvoorbeeld een treinstation, busstation, P+R of grote bushaltes. Kaart Mobiliteit.",Provincie Drenthe,post@drenthe.nl,,,,Team Gis/Cartografie (Provincie Drenthe),"('6.105', '52.601', '7.109', '53.213')",Geen beperkingen,otherRestrictions,,https://kaartportaal.drenthe.nl/server/services/GDB_actueel/GBI_AOV18_TREINSTATION_P/MapServer/WFSServer
8498D10B8A571D43E053D2041EACBDD8,dataset,ISO 19115,WMS; WFS,2022-06-01,dut,28992,Omgevingsvisie 2018 - Plangebied,locaties,"Door Provinciale Staten van Drenthe op 3 oktober 2018 vastgestelde versie van Plangebied. Het plangebied is het gebied van de provincie Drenthe, die het geheel van visie-elementen omvat die staan omschreven in de Omgevingsvisie.Visiekaart",Provincie Drenthe,post@drenthe.nl,,,,Team Gis/Cartografie (Provincie Drenthe),"('6.105', '52.601', '7.109', '53.213')",Geen beperkingen,otherRestrictions,,https://kaartportaal.drenthe.nl/server/services/GDB_actueel/GBI_AOV18_PLANGEBIED_V/MapServer/WFSServer
c49dfb60-74d1-4678-ba3c-d66aae0a0af2,dataset,ISO 19115,,2019-11-26,dut,28992,Genexpressie in lever en placenta van een muismodel voor Down syndroom,Mus musculus; lever; placenta; Ts1Cje; Trisomie; embryo,Transcriptomics op lever en placenta van Ts1Cje en WT muizen voor identificatie van biomarkers voor Down syndroom,RIVM/V&Z/GZB,jeroen.pennings@rivm.nl,,,,RIVM/V&Z/GZB; RIVM/V&Z/GZB,"('2.1943769153799892', '50.719508224348104', '8.04038938277185', '54.987059919430585')",Geen beperkingen,otherRestrictions,,
c33e0d1b-bc07-5dfa-9670-9f5c573834f6,dataset,ISO 19115,,2011-01-01,dut,28992,"Grondwateronttrekking voor de bereiding van drinkwater (OGV, 2010) (historie)",omgevingsvisie; water,"De provincie heeft de zorg voor de bronnen van de openbare drinkwatervoorziening en stellen deze bronnen beschikbaar. Aan alle lokaties van bestaande winningen voor de drinkwatervoorziening is de functie grondwater voor de bereiding van drinkwater toegekend. Dit geldt ook voor een aantal gebieden met potentie voor toekomstige drinkwaterwinning. Dit bestand geeft de grondwateronttrekking voor de bereiding van drinkwater weer, zoals in de door Provinciale Staten op 2 juni 2010 vastgestelde Omgevingsvisie, kaart 10 en kaart 11.",Provincie Drenthe,post@drenthe.nl,,,,Team Gis/Cartografie (Provincie Drenthe),"('6.105', '52.601', '7.109', '53.213')",Geen beperkingen,otherRestrictions,,
8498D10B8A061D43E053D2041EACBDD8,dataset,ISO 19115,WMS; WFS,2022-06-01,dut,28992,Omgevingsvisie 2018 - Robuuste systemen en multifunctionele gebieden,locaties,"Door Provinciale Staten van Drenthe op 3 oktober 2018 vastgestelde versie van Robuuste systemen en multifunctionele gebieden. In tegenstelling tot de robuuste systemen is in deze gebieden geen sprake van een hoofdfunctie die leidend is in de ordening. De provincie Drenthe noemt dit de multifunctionele gebieden. In deze gebieden zijn meerdere functies van belang. Naast water, landbouw en natuur gaat het in de meeste gevallen om recreatie. Kaart multifunctionele gebieden",Provincie Drenthe,post@drenthe.nl,,,,Team Gis/Cartografie (Provincie Drenthe),"('6.105', '52.601', '7.109', '53.213')",Geen beperkingen,otherRestrictions,,https://kaartportaal.drenthe.nl/server/services/GDB_actueel/GBI_AOV18_K9_MULTIFUNC_GEB_V/MapServer/WFSServer
6cf53f56-4b4c-5e69-87e7-2a6371133383,dataset,ISO 19115,,2009-01-13,dut,28992,Historische waterschappen 1951-1960 (historie),cultuurhistorie; waterschap,Historische waterschappen 1951-1960. De oprichtingsdatum ligt tussen de genoemde jaartallen.,Provincie Drenthe,post@drenthe.nl,,,,Team Gis/Cartografie (Provincie Drenthe),"('6.105', '52.601', '7.109', '53.213')",Geen beperkingen,copyright,,
e6bd6758-4738-4efa-8ce6-22672463e4df,dataset,ISO 19115,WMS; WFS,2023-04-17,dut,,GES; Belaste woningen a.g.v. bedrijven met risicovolle activiteiten,EXTERNE VEILIGHEID; BEDRIJVENTERREINEN; MILIEUKWALITEIT; Downloadable Data,"De plaatsgebonden risicocontouren 10-6, als gevolg van bedrijven (inrichtingen en installaties) met risicovolle activiteiten zijn vertaald in GES (gezondheidseffectscreening) contouren. Alle woningen in de verschillende GES-contouren gelegen zijn in beeld gebracht. Doel is inzicht in knelpunten in de bestaande situatie en in de aanwezige risico’s bij nieuwe ontwikkelingen. Met dit inzicht kunnen keuzes onderbouwd worden.",Provincie Groningen,geoportaal@provinciegroningen.nl,,,,Datateam Beleid (Provincie Groningen),"('6.234375', '52.850551', '7.102161', '53.333361')",Geen beperkingen (https://creativecommons.org/publicdomain/mark/1.0/deed.nl),otherRestrictions,,https://geoservices.provinciegroningen.nl/server/services/Milieu/ToezichtHandhaving/MapServer/WFSServer?request=GetCapabilities
2235e4ff-99bd-45be-8276-6abd125cb011,dataset,ISO 19115,WFS; WMS,2022-04-29,dut,,Werkingsgebied - Risicocontouren luchthaven,ruimtegebruik; ruimtelijke ordening,"Deze werkingsgebied maakt onderdeel uit van Omgevingsverordening NH2020, vastgesteld op 16-11-2020 (besluitnr.: 1477251/1478383). Het plan is te raadplegen op ruimtelijkeplannen.nl via deze link:  https://www.ruimtelijkeplannen.nl/viewer/view?planidn=NL.IMRO.9927.POVPNH-VG01  Meer informatie over deze werkingsgebied is te lezen in artikel(en): 4.88, 4.92, 4.96, 6.72 t/m 6.74",Provincie Noord-Holland,kaartendata@noord-holland.nl,,,,,"('4.58', '52.174', '5.177', '53.134')",Geo Gedeeld licentie (http://creativecommons.org/publicdomain/mark/1.0/deed.nl),otherRestrictions,,https://geoservices.noord-holland.nl/ags/services/oi_dataservice_povnh2020/MapServer/WFSServer?request=GetCapabilities&service=WFS
ffffff93-5ae5-59dd-b275-530f3fe8b815,dataset,ISO 19115,,2008-11-05,dut,28992,"Hoofdinfrastructuur, ontwikkeling (historie)",spoorweg; vaarwegen; wegen,"Het Provinciaal Omgevingsplan Drenthe II, door Provinciale Staten vastgesteld op 7 juli 2004, geeft de ontwikkeling van de hoofdinfrastructuur aan, bestaande uit: inrichten//aanpassen/aan te leggen hoofdweg, inrichten/aanpassen/aan te leggen ontsluitende weg, inrichten/aanpassen/aan te leggen spoorweg en aan te leggen recreatieve vaarverbinding. Provinciaal Omgevingsplan Drenthe. POPII, kaart 4. Omvat ook het concept-trace Erica Ter Apel.",Provincie Drenthe,post@drenthe.nl,,,,Team Gis/Cartografie (Provincie Drenthe),"('6.105', '52.601', '7.109', '53.213')",Geen beperkingen,copyright,,
8498D10B8A531D43E053D2041EACBDD8,dataset,ISO 19115,WMS; WFS,2022-06-01,dut,28992,Omgevingsvisie 2018 - Leefgebied akkervogels,locaties,"Door Provinciale Staten van Drenthe op 3 oktober 2018 vastgestelde versie van Leefgebied akkervogels. Wij beschermen akkervogels in gebieden waar nog levenskrachtige populaties akkervogels voorkomen, de zogenaamde leefgebieden open akker. Kaart robuust natuursysteem",Provincie Drenthe,post@drenthe.nl,,,,Team Gis/Cartografie (Provincie Drenthe),"('6.105', '52.601', '7.109', '53.213')",Geen beperkingen,otherRestrictions,,https://kaartportaal.drenthe.nl/server/services/GDB_actueel/GBI_AOV18_AKKERVOGELS_V/MapServer/WFSServer
c515d36f-999a-5263-8b6d-05e1069de6ea,dataset,ISO 19115,,1997-12-10,dut,28992,"Natuurwaarde, ontwikkeling van (historie)",natuur; ruimtelijke ordening,"In het Provinciaal Omgevingsplan Drenthe, G.S. 9 december 1997 wordt de Ontwikkeling van oppervlaktewaterwinning of natuurwaarden aangegeven.Provinciaal Omgevingsplan Drenthe. POP-1, kaart 3. en Provinciaal Omgevingsplan Drenthe. POP-2, kaart 3.",Provincie Drenthe,post@drenthe.nl,,,,Team Gis/Cartografie (Provincie Drenthe),"('6.105', '52.601', '7.109', '53.213')",Geen beperkingen,copyright,,
81B5F4EEF1363C71E053D2041EAC26CC,dataset,ISO 19115,,2018-10-05,dut,28992,Natura2000 Beheerplannen - Landschapstypen (DFW) (historie),locaties,Landschapstypen Drents Friesche Wold is als kaart(of een onderdeel van een kaart) opgenomen in het beheerplan natura 2000. Het beheerplan Drents Friesche Wold is vastgesteld op 07-03-2017.,Provincie Drenthe,post@drenthe.nl,,,,Team Gis/Cartografie (Provincie Drenthe),"('6.105', '52.601', '7.109', '53.213')",Geen beperkingen,otherRestrictions,,
891b574d-c082-4159-bf6b-187625e34354,service,ISO 19115,WMS,2024-05-21,dut,,Luchtfoto Landelijke Voorziening Beeldmateriaal (2019) WMS,Landelijke voorziening beeldmateriaal; LVB; Beeldmateriaal; Orthofotomozaiek; Orthofoto; Ortho; Luchtfoto; Mozaiek; Mozaiek; Hoge resolutie; HR; Luchtbeelden; Lage resolutie; Infrarood; infoMapAccessService,"De orthofotomozaieken zijn een samenstelling van afzonderlijke orthofoto's, in principe van de centrale gedeelten van iedere orthofoto. Daardoor is de omvalling in de mozaieken zo klein mogelijk gehouden. De orthofotomozaïeken zijn landsdekkend. Sinds 2016 is er, naast de definitieve webservice Ortho10, ook een webservice Quick_Ortho10. Tevens is er een webservice Quick_Ortho25 naast de onder Open Data beschikbare webservice Ortho25. De beelden in de beide Quick_Ortho lagen zijn geometrisch van voldoende kwaliteit en komen versneld beschikbaar, maar kleuren en snijlijnen zijn nog niet optimaal. De definitieve webservices Ortho25 en Ortho25IR zijn m.i.v. 2016 open data en worden in een afzonderlijke WMS aangeboden.

Binnen de service worden tijdens de opbouwfase 3 lagen per jaargang aangeboden. Ongeveer een maand na landsdekkend beschikbaar komen van de definitieve lagen zijn de beide Quick-Ortho lagen niet langer beschikbaar.
 - Hoge resolutie quick-orthofoto onder de naam Quick_Ortho10 (tijdelijke laag )
 - Hoge resolutie orthofoto onder de naam Ortho10 (landsdekkend beschikbaar)
 - Lage resolutie quick-orthofoto (RGB) onder de naam Quick_Ortho25 (tijdelijke laag)",Beheer PDOK,beheerpdok@kadaster.nl,,,,,"('2.9624', '50.6941', '7.5809', '53.5231')",Geo gedeeld licentie,otherRestrictions,,
5d2cef40-d52d-11ec-954c-1b75d5250726,dataset,ISO 19115,,2025-07-01,eng,,SPI-6 - Standardized Precipitation Index (SPI) over 6 months,Precipitation; Rain; Drought; Open data; Core dataset,Values of the Standardized Precipitation Index (SPI) over The Netherlands. The period is 6 months,Koninklijk Nederlands Meteorologisch Instituut (KNMI),opendata@knmi.nl,,,,Koninklijk Nederlands Meteorologisch Instituut (KNMI); Koninklijk Nederlands Meteorologisch Instituut (KNMI); Koninklijk Nederlands Meteorologisch Instituut (KNMI),"('3.20584717258', '50.5847875746', '7.57697351779', '53.7226030601')",https://creativecommons.org/licenses/by/4.0/deed.nl,otherRestrictions,,
16098ae2-507d-4ab0-bec0-132399cc5494,dataset,ISO 19115,,2023-04-20,dut,28992,"Bodemgeschiktheid grondgebonden landbouw, Consumptieaardappelen.",bodemkwaliteit; landbouw; streekplannen,Bodemgeschiktheidskaarten 2022 zijn gemaakt door de WENR en geven voor 3 klimaatperioden inzicht in de landbouwgeschiktheid van een gebied voor verschillende vormen van landgebruik.  De resultaten geven de berekende procentuele opbrengstdervingen aan a.g.v. droogte- en/of natschade.,Provincie Noord-Brabant,Geo@brabant.nl,,,,,"('4.187', '51.215', '6.051', '51.830')",geen beperkingen,intellectualPropertyRights,,
09283f63-eb85-5c2e-8d7a-4c93631ffc25,dataset,ISO 19115,,2014-11-04,dut,28992,PAS maatregelen (lijnen) (historie),ammoniak; landbouw; Natura 2000; stikstof,"Om de doelstellingen van het Europese natuurbeleid te halen, moet de neerslag van stikstof in Natura2000-gebieden omlaag. In het kader van het Programma Aanpak Stikstof (PAS) zijn afspraken gemaakt om de ammoniakuitstoot uit de landbouw te verminderen.",Provincie Drenthe,post@drenthe.nl,,,,Team Gis/Cartografie (Provincie Drenthe),"('6.105', '52.601', '7.109', '53.213')",Geen beperkingen,otherRestrictions,,
03dec104-9ceb-4ec4-a928-7f85be8bd353,dataset,ISO 19115,WMS; WFS,2016-12-14,dut,28992,Waterkering,Waterkering; Zonering; Boezem; Boezemgebied; Kering; Kerende hoogte; Keur,"Een waterkering is een object dat als functie het tegenhouden van (oppervlakte)water heeft. Het kan de grens vormen tussen twee peilgebieden, of achterliggend land beschermen tegen oppervlaktewateren zoals zeeën, meren en rivieren.

Een waterkerende en / of scheidende, kunstmatige of natuurlijke hoogte of hooggelegen gronden inclusief de daarin aanwezige waterkerende elementen.",Waterschap Hunze en Aa's,gis_info@hunzeenaas.nl,,,,Waterschap Hunze en Aa's; Waterschap Hunze en Aa's,"('6.274500417904351', '52.6482562858353', '7.570597529185045', '53.47291066142737')",Geen beperkingen,otherRestrictions,,https://opendata.hunzeenaas.nl/geoserver/wfs
2a3b204a-e46a-413d-b5de-3246ac1c7645,dataset,ISO 19115,WMS; WCS,2022-11-13,dut,28992,"Ecologisch kapitaal bodem, door diffuse bodemverontreiniging aangetast",bodem; mspaf; verontreiniging,"Wat ziet U: de chemische bodemkwaliteit die belemmerend is voor het functioneren van het ecosysteem in de toplaag van de bodem, aan de hand van gegevens over de diffuse chemische belasting en kennis van de ecotoxiciteit van stoffen. 

Wat is de Waarde: Diffuse bodemverontreiniging is het gevolg van onzorgvuldig handelen in het verleden, en is nog steeds een aandachtspunt als gevolg van onbedoelde verspreiding van stoffen (metalen, antibiotica, bestrijdingsmiddelen, etc). Bodemverontreiniging is een van de bedreigingen in de Europese bodemstrategie. In Nederland is het effect van metalen op het ecosysteem het grootst en nog steeds is de milieubelasting niet volledig beheerst, en nieuwe bedreigingen steken de kop op (bestrijdingsmiddelne, antibiotica, nanomaterialen, etc.).

Belangrijk voor: Ecologische kapitaal en ecosysteemdiensten.",RIVM,atlasnatuurlijkkapitaal@rivm.nl,,RIVM,,,"('3.37087', '50.7539', '7.21097', '53.4658')",Geen beperkingen,otherRestrictions,https://data.rivm.nl/geo/ank/wcs?,
1f1a757f-4f60-4763-ade1-52b529f39621,dataset,ISO 19115,WMS; WFS,2019-11-13,dut,,Aardkunde - Dobben,Bodem; Cultuurhistorie; Grondgebruik; HistorischeKaarten; Landschap,"Bestand met dobben in Fryslân. Dit zijn depressies (kommen) in het Pleistocene landschap, geheel of gedeeltelijk gevuld met veen en gyttja. In de dobben, die door de mens zijn uitgeveend, komen meertjes voor. De dobben kunnen deflatiekommen zijn, d.w.z uitgeblazen kommen, ontstaan binnen het dekzandlandschap. Deze kommen zijn meestal niet dieper dan 3 meter.",provincie Fryslân,provincie@fryslan.frl,,,,,"('5.923', '52.937', '6.361', '53.290')",http://creativecommons.org/publicdomain/mark/1.0/deed.nl,otherRestrictions,,https://geoportaal.fryslan.nl/arcgis/services/ProvinciaalGeoRegister/PGR2/MapServer/WFSServer?
b0c7fcc2-0f82-4443-9a30-0130b96a9897,dataset,ISO 19115,,2017-02-20,dut,28992,"Opgave wateroverlast, Waterbeheerplan",Waterberging; Stedelijk gebied; Wateroverlast; Waterbeheersplan; WBP; Waterbeheerplan,De inzet van waterbergingsgebieden maakt onderdeel uit van de strategische maatregelen die overstroming en wateroverlast moeten voorkomen. Met gemeenten wordt gewerkt aan het oplossen van knelpuntgebieden in stedelijk gebied met bestaande of te verwachte wateroverlast,Waterschap Aa en Maas,geoloket@aaenmaas.nl,,,,Waterschap Aa en Maas; Waterschap Aa en Maas,"('5.06', '51.31', '6.05', '51.86')",http://creativecommons.org/publicdomain/mark/1.0/deed.nl,otherRestrictions,,
81B5B094DB102156E053D2041EACBB0C,dataset,ISO 19115,,2018-10-05,dut,28992,Natura2000 Beheerplannen - Effecten waterhuishouding (Schijnspiegel gebieden DFW) (historie),locaties,Effecten waterhuishouding (Schijnspiegel gebieden) Drents Friesche Wold is als kaart(of een onderdeel van een kaart) opgenomen in het beheerplan natura 2000. Het beheerplan Drents Friesche Wold is vastgesteld op 07-03-2017.,Provincie Drenthe,post@drenthe.nl,,,,Team Gis/Cartografie (Provincie Drenthe),"('6.105', '52.601', '7.109', '53.213')",Geen beperkingen,otherRestrictions,,
2abd8b8c-4f2e-4dff-903e-efaf2fd4173d,dataset,ISO 19115,WMS; WFS,2025-04-11,dut,28992,Kavelindeling Rijksdienst voor de IJsselmeerpolders,Administratieve eenheden; Flevoland,"Bestand bevat de kavelindeling van de Noordoostpolder, Oostelijk en Zuidelijk Flevoland volgens de systematiek van de Rijksdienst voor de IJsselmeerPolders (RIJP). Er is een kaartlaag met kavels en een met secties.",Provincie Flevoland,info@flevoland.nl,,,,Provincie Flevoland; Provincie Flevoland,"('4.62', '52.04', '6.29', '53.16')",Geen beperkingen (http://creativecommons.org/publicdomain/mark/1.0/deed.nl),otherRestrictions,,https://geo2.flevoland.nl/geoserver/Extern/wfs?request=GetCapabilities
596fea00-9263-4c0d-b31d-bbc58c06c685,dataset,ISO 19115,,2024-03-25,dut,,Cultuurhistorie- Historische Bouwkundige Monumenten (Gem. en Rijks),Midden; Data product; N.v.t.; Openbaar; Midden; CULTUURHISTORIE; MONUMENTENZORG; MONUMENTEN; GEBOUWEN,Dit bestand bevat alle door het rijk en gemeenten beschermde gebouwen en objecten van vóór 1960  in Gelderland. De oudste monumenten dateren van 5300 voor de jaartelling. Dat zijn de grafheuvels. De jongste monumenten zijn 50 jaar oud.,Provincie Gelderland,provincieloket@gelderland.nl,,,,ProvincieLoket (Provincie Gelderland),"('5.003', '51.735', '6.839', '52.521')",Geo Gedeeld licentie (http://creativecommons.org/publicdomain/mark/1.0/deed.nl),otherRestrictions,,
ffffffa7-89e4-5d7f-8552-fcfe26cae2b8,dataset,ISO 19115,WMS; WFS,2025-04-18,dut,28992,Omgevingsvisie 2022 - Middeleeuwse kern,kern; omgevingsvisie,"Coevorden en Meppel hebben in de bewoninggeschiedenis van de provincie ieder een eigen prominente rol gespeeld. Beide steden hebben een belangrijke positie gehad in het verzet tegen de overheersing van Drenthe door de bisschop van Utrecht. Maar ook andere onrustige tijden voor Nederland, zoals de Tachtigjarige Oorlog (1568 - 1648) en de Bataafs-Franse tijd (1795 - 1813), laten zich voor Drenthe aan de hand van deze steden volgen. Daarnaast waren Meppel en Coevorden tot in de 19de eeuw, naast Groningen-stad, de belangrijkste handelssteden van Noord- Nederland.",Provincie Drenthe,datateam@drenthe.nl,,,,Team Gis/Cartografie (Provincie Drenthe),"('6.0531', '52.5451', '7.2431', '53.2683')",Geen beperkingen,otherRestrictions,,https://kaartportaal.drenthe.nl/server/services/GDB_actueel/GBI_OGV22_ARCHEO_KERN_V/MapServer/WFSServer
ffffff95-65af-5746-92bf-2d259d038146,dataset,ISO 19115,,2015-11-23,dut,28992,"Strategische grondwaterwinning (OGV, 2010) (historie)",omgevingsvisie,"Locaties voor strategische grondwaterwinningen, zoals in het door Provinciale Staten van Drenthe op 2 juni 2010 vastgestelde Omgevingsvisie, kaart 11 (Grondwater).",Provincie Drenthe,post@drenthe.nl,,,,Team Gis/Cartografie (Provincie Drenthe),"('6.105', '52.601', '7.109', '53.213')",Geen beperkingen,otherRestrictions,,
5df06e0c-583f-5534-a10f-69da6c85c9a4,dataset,ISO 19115,WMS; WFS,2022-06-01,dut,28992,Gebiedenkaart Cultuurhistorisch Kompas,cultuurhistorie; cultuurhistorisch kompas; kernkwaliteit; omgevingsvisie,"Deelgebieden van het Cultuurhistorisch Kompas, begrensd onder andere op basis van gemeenschappelijke landschappelijke kenmerken.",Provincie Drenthe,post@drenthe.nl,,,,Team Gis/Cartografie (Provincie Drenthe),"('6.105', '52.601', '7.109', '53.213')",Geen beperkingen,copyright,,https://kaartportaal.drenthe.nl/server/services/GDB_actueel/GBI_CHK_DEELGEBIEDEN_V/MapServer/WFSServer
ffffffc8-3d17-5ecb-9be7-9dab180cc185,dataset,ISO 19115,,2011-01-01,dut,28992,"Top-gebieden verdroging (OGV, 2010) (historie)",omgevingsvisie,"Deze kaart geeft de top-gebieden verdroging weer zoals die zijn opgenomen in de door Provinciale Staten op 2 juni 2010 vastgestelde Omgevingsvisie, kaart 9 (Oppervlaktewater).",Provincie Drenthe,post@drenthe.nl,,,,Team Gis/Cartografie (Provincie Drenthe),"('6.105', '52.601', '7.109', '53.213')",Geen beperkingen,otherRestrictions,,
ffffff98-bd12-562d-894c-55ac7afd95c0,dataset,ISO 19115,WMS; WFS,2022-06-03,dut,28992,Meetpunten grondwaterstand,bodem; Dawaco; Dino; grondwaterstand; meetnet; stijghoogte; water,Geeft de locaties van de meetpunten van het primaire meetnet voor de grondwaterstanden.,Provincie Drenthe,post@drenthe.nl,,,,Team Gis/Cartografie (Provincie Drenthe),"('6.105', '52.601', '7.109', '53.213')",Geen beperkingen,copyright,,https://kaartportaal.drenthe.nl/server/services/GDB_actueel/GBI_WAT_MEETNET_GRONDWSTAND_P/MapServer/WFSServer
b67cecae-63aa-11ef-8b4d-52de3d22f2a7,dataset,ISO 19115,,2025-07-01,eng,,Quality controlled rain gauge data of water board Wetterskip Fryslân,Precipitation; Rain; Drought; Gauge; Water board; Open data,"Rain gauge data from water board Wetterskip Fryslân, after quality control by KNMI. Raw data originating from a self-maintained network of rain gauges. Delivery of data is 1 file every 5 minutes.",Koninklijk Nederlands Meteorologisch Instituut (KNMI),opendata@knmi.nl,,,,Koninklijk Nederlands Meteorologisch Instituut (KNMI); Koninklijk Nederlands Meteorologisch Instituut (KNMI); Koninklijk Nederlands Meteorologisch Instituut (KNMI),"('3.2', '50.6', '7.4', '53.7')",https://creativecommons.org/licenses/by/4.0/deed.nl,otherRestrictions,,
2da8a230-04f4-4555-9fe5-8ead97211fe8,service,ISO 19115,WMS,2024-08-08,dut,,CBS Gebiedsindelingen 2010 WMS,Statistische eenheden; Gebiedsindeling; Gemeente; Landsdeel; Provincie; Buurt; COROP-gebied; GGD-regio; NUTS3; NUTS1; NUTS2; Wijk; Grootstedelijke aglomeratie; Stadsgewest; COROP-plusgebied; COROP-subgebied; Landbouwgebied; Landbouwgroep; RPA-gebied; Toeristengroep; Toeristengebied; Arrondissementsgebied; Brandweerregio; Kamer van Koophandelregio; Politieregio; Regionale Eenheid; Veiligheidsregio; Zorgkantoorregio; Arbeidsmarktregio; Jeugdregio,Deze service bevat de CBS Gebiedsindelingen van 2010. De volgende gebiedsindelingen kunnen voorkomen: Gemeente Landsdeel Provincie Buurt COROP-gebied GGD-regio NUTS1 NUTS2 NUTS3 Wijk COROP-plusgebied COROP-subgebied Landbouwgebied Landbouwgroep RPA-gebied Toeristengroep Toeristengebied Arrondissementsgebied KamervanKoophandelregio Regionale-Eenheid Veiligheidsregio Veiligthuisregio Zorgkantoorregio Arbeidsmarktregio Regioplus-arbeidsmarktregio Jeugdregio Ressort RES-regio Regionaalmeldcoördinatiepunt Regionale-energiestrategie SubRES-regio,,beheerpdok@kadaster.nl,,,,,"('1.086', '50.5622', '8.4677', '55.8094')","Naamsvermelding verplicht, organisatienaam (https://creativecommons.org/licenses/by/4.0/deed.nl)",otherRestrictions,,
a15a0471-23b8-417c-8729-23a5d98f3204,dataset,ISO 19115,WFS,2023-06-28,dut,28992,Sluis,,"Een kunstmatige, beweegbare waterkering die de verbinding tussen twee wateren kan afsluiten of openstellen en daartoe van deuren of schuiven is voorzien.
bron: Aquo",,geoloket@aaenmaas.nl,,,,,"('5.056', '51.3081', '6.0581', '51.8619')",Geen beperkingen (http://creativecommons.org/publicdomain/mark/1.0/deed.nl),otherRestrictions,,https://maps.aaenmaas.nl/services/DAMO_L/ows?service=WFS&version=1.0.0&request=GetFeature&typeName=DAMO_L%3ASLUIS_L&maxFeatures=20000&outputFormat=SHAPE-ZIP
ffffffdf-acb4-5759-970c-f5e7b8469f05,dataset,ISO 19115,,2011-01-01,dut,28992,"Offerveentje, verwacht (OGV, 2010) (historie)",omgevingsvisie; veen,Provinciale Staten van Drenthe hebben op 2 juni 1970 de Omgevingsvisie vastgesteld. Hierin staan op kaart 2 E (Archeologie) de verwachte offerveentjes.,Provincie Drenthe,post@drenthe.nl,,,,Team Gis/Cartografie (Provincie Drenthe),"('6.105', '52.601', '7.109', '53.213')",Geen beperkingen,otherRestrictions,,
461457fe-860c-461a-9ecb-5bf2ee101d53,dataset,ISO 19115,,2020-08-20,dut,28992,Effecten van fluoxetine en venlafaxine op neurale stamcel differentiatie,toxicogenomics; Mus musculus; neural; antidepressiva; proefdiervrij,RNAseq genexpressie op neurale stamcellen na blootstelling aan twee antidepressiva,RIVM/V&Z/GZB,jeroen.pennings@rivm.nl,,,,RIVM/V&Z/GZB; RIVM/V&Z/GZB,"('2.1943769153799892', '50.719508224348104', '8.04038938277185', '54.987059919430585')",Geen beperkingen,otherRestrictions,,
c6847146-2bb1-4ae6-98b3-af6ef1d6ee99,dataset,ISO 19115,,2024-07-16,eng,28992,Long-term wastewater monitoring of SARS-CoV-2 viral loads and variants at the major international passenger hub Amsterdam Schiphol Airport: a valuable addition to COVID-19 surveillance,covid-19; infectieziekten; infectious diseases; gezondheid; coronavirus; sars-cov-2; rioolwater; wastewater; sewage surveillance; airport; luchthaven; passenger hub; Schiphol Airport,"<p>Datasets used for the manuscript:&nbsp;<em>Long-term wastewater monitoring of SARS-CoV-2 viral loads and variants at the major international passenger hub Amsterdam Schiphol Airport: a valuable addition to COVID-19 surveillance</em></p>

<p><em>pandemic_daily_passenger_counts.tsv</em>: An overview of daily passenger arrival&nbsp;counts at Amsterdam Schiphol Airport per continent of origin during the study period 16-02-2020 - 04-09-2022</p>

<p><em>pre-pandemic_daily_passenger_averages.tsv:&nbsp;</em>An overview of mean daily passenger arrival counts at Amsterdam Schiphol Airport in the pre-pandemic period 2017-2019.</p>

<p><em>viral_load_data.tsv:&nbsp;</em>Flow-corrected viral load (# particles per 24h) in samples taken at the wastewater treatment plant of Amsterdam Schiphol Airport.</p>

<p><em>wastewater_variant_frequencies.tsv:&nbsp;</em>SARS-CoV-2 lineage estimates in samples&nbsp;taken at the wastewater treatment plant of Amsterdam Schiphol Airport, analyzed using whole-genome tiled amplicon sequencing.</p>",,afvalwatersurveillance@rivm.nl,https://zenodo.org/records/8298280/files/pandemic_daily_passenger_counts.tsv,,,,"('3.37087', '50.7539', '7.21097', '53.4658')","Naamsvermelding verplicht, organisatienaam",otherRestrictions,,
8b747a93-abb4-4b34-9864-659a75c4b413,dataset,ISO 19115,,2024-10-30,dut,28992,"Omgevingsverordening, Sanerings- en verplaatsingslocatie agrarisch bedrijf",landbouw; veeteelt; sanering; provinciale verordeningen; glastuinbouw; subsidies,Er is een aantal regelingen waarbij subsidie is verleend voor de sanering van een agrarisch bedrijf  waarbij de insteek is dat vervolgens de bestemming op het perceel wordt aangepast. Dit zijn:          Regeling Beëindiging Veehouderijtakken (RBV)        Subsidieregeling Beëindiging Intensieve Veehouderijen (BIV)       Subsidieregeling sanering glastuinbouwbedrijven in kwetsbare gebieden (GTB)       Verplaatsingsregeling Intensieve Veehouderij (VIV)       Subsidieregeling urgentiegebieden Noord-Brabant 2016 (SUN)       In de omgevingsverordening worden deze locaties inzichtelijk gemaakt. De regels voorkomen dat hier opnieuw bebouwing wordt opgericht voor het type bedrijf dat eerder met subsidie is gesaneerd of verplaatst zolang er nog geen passende herbestemming in werking is getreden.,Provincie Noord-Brabant,Geo@brabant.nl,,GEO,,,"('4.249', '51.247', '6.03', '51.826')",,copyright,,
4b65ff07-b266-4ed8-b9cd-8688ed5982bc,dataset,ISO 19115,WMS,2023-09-05,dut,28992,Stikstofdioxide 2021 (NO2),basisset NOVEX; NO2; model; luchtkwaliteit; gezondheid,Deze kaart toont de gemodelleerde concentratie stikstofdioxide (µg NO2/m³) voor 2021 op basis van rekenpunten uit de monitoringstool van het nsl. Deze vlakdekkende kaart van Nederland heeft een resolutie van 25 meter.,Atlas Leefomgeving,atlasleefomgeving@rivm.nl,,,,,"('2.9384090107371654', '50.69124495110863', '7.3896774891517225', '53.642935777862114')",Geen beperkingen,otherRestrictions,,
a4900b1c-9d3b-402e-be09-e9d2996b1806,dataset,ISO 19115,,2019-09-16,dut,,Speellocaties,spelen; speelvisie; speellocatie; speeltoestel,De dataset is te downloaden van het gemeentelijk open data portaal: https://gemeente-bloemendaal.opendata.arcgis.com/search/protocol: website,Gemeente Bloemendaal en Gemeente Heemstede,postbusgeo@heemstede.nl,,,,Daniël van Dok (Gemeente Bloemendaal en Gemeente Heemstede); Daniël van Dok (Gemeente Bloemendaal en Gemeente Heemstede),"('52.320767', '4.583637', '52.335706', '4.629852')",,otherRestrictions,,
7ea591c5-5bd4-4de3-be67-b982724d4498,dataset,ISO 19115,WMS; WCS,2025-07-16,dut,28992,Fijnstof (PM10) Grootschalige concentratiekaarten Nederland (INSPIRE as-is Dataset),lucht; menselijke gezondheid; GCN; Concentratie; Luchtkwaliteit,"Het RIVM maakt elk jaar kaarten van de luchtverontreiniging in Nederland. Dit gebeurt voor verschillende stoffen in de lucht, waaronder stikstofdioxide en fijnstof. Het RIVM gebruikt zowel modelberekeningen als metingen om deze GCN(Grootschalige Concentratiekaarten Nederland)-kaarten te maken. Zo komen de concentraties het best overeen met de werkelijke situatie in het afgelopen jaar.

Slechte luchtkwaliteit is schadelijk voor de gezondheid. De GCN-kaarten worden gebruikt om de ontwikkeling van de luchtkwaliteit in Nederland te volgen. Overheden gebruiken de toekomstverwachtingen om beleid te maken voor een betere luchtkwaliteit.

Bron: Grootschalige concentratiekaarten Nederland. Rapportage 2025 | RIVM",,info@rivm.nl,,,,,"('3.37', '50.75', '7.21', '53.47')",Geen beperkingen (https://creativecommons.org/publicdomain/mark/1.0/deed.nl),otherRestrictions,https://data.rivm.nl/geo/gcn/wcs/GetCapabilities?request=GetCapabilities,
51b0e5bd-a093-483e-80ce-70889a1b771f,dataset,ISO 19115,,2019-11-26,dut,28992,Transcriptomics op bloed en lymfeknopen van muizen na infectie met respiratoir syncytieel virus,Mus musculus; respiratory syncytial virus; bloed; lymfeknopen; WKZ,Genexpressie in bloed en lymfeknopen van muizen na infectie met RSV,RIVM/V&Z/GZB,jeroen.pennings@rivm.nl,,,,RIVM/V&Z/GZB; RIVM/V&Z/GZB,"('2.1943769153799892', '50.719508224348104', '8.04038938277185', '54.987059919430585')",Geen beperkingen,otherRestrictions,,
d97ff339-0a46-425a-a9ca-5506eb2ad9f2,dataset,ISO 19115,,2021-10-11,dut,28992; 5709,Grondwaterkwaliteit,grondwater; water; waterkwaliteit,"Het provinciaal meetnet grondwaterkwaliteit geeft per homogeen gebiedstype een gemiddeld beeld van de grondwaterkwaliteit. Een gebiedstype is een specifieke combinatie van landgebruik, grondsoort en hydrologische situatie. Aan een gebiedstype kan ook het risico op uitspoeling worden gekoppeld, dit loopt van hoog-midden-laag.",Provincie Noord-Brabant,geo@brabant.nl,,,,,"('4.247', '51.244', '5.962', '51.797')",geen beperkingen,otherRestrictions,,
dec479a7-9e6f-4435-a313-70a50e9cb168,dataset,ISO 19115,WFS; WMS,2025-06-16,dut,,Maximum snelheden op provinciale wegen,asfaltwegen; provinciale wegen; wegen; snelheidsregelingen; verkeersmaatregelen; mobiliteit,"Dit bestand toont maximum snelheden op provinciale wegen in Overijssel. De gegevens zijn gegenereerd uit het Programma Verkeersinformatiesysteem (VIS), thema arealen. De gegevens zijn uit een Excel-bestand met Linear Referencing in ArcGis ingelezen.",Provincie Overijssel,kennishub@overijssel.nl,,,,,"('5.83', '52.124', '7.052', '52.832')",https://creativecommons.org/publicdomain/zero/1.0/deed.nl,otherRestrictions,,https://services.geodataoverijssel.nl/geoserver/B22_wegen/wfs
a12b7ff5-9f92-4e5c-8696-e8b45ff75187,dataset,ISO 19115,,2025-02-13,dut,28992,DSO Omgevingsdocumenten API’s,omgevingsdocumenten; Objectgerichte ontsluiting van Omgevingsdocumenten; Objectgerichte ontsluiting; Omgevingswet; DSO; aandeslagmetdeomgevingswet; Digitaal Stelsel Omgevingswet,"Op 1 januari 2024 is de Omgevingswet in werking getreden. Iedere gemeente, provincie en elk waterschap heeft sindsdien haar eigen omgevingsdocumenten gebaseerd op de IMOW-standaard. Informatie over deze omgevingsdocumenten en de inhoud hiervan kunt u opvragen met behulp van de verschillende API’s van het Digitaal Stelsel Omgevingswet (DSO). Op deze pagina worden de belangrijkste API’s kort beschreven. Daarnaast is in iedere beschrijving een link opgenomen naar het Ontwikkelaarsportaal. Daar vindt u functionele documentatie en aanvullende (technische) informatie over het gebruik van de API’s.",,beheerdso@kadaster.nl,https://aandeslagmetdeomgevingswet.nl/ontwikkelaarsportaal/api-register/api/omgevingsdocument-toepasbaar-opvragen/,,,,"('-179.9551', '-66.4074', '179.8888', '-33.1317')",Geen beperkingen (http://creativecommons.org/publicdomain/zero/1.0/deed.nl),otherRestrictions,,
62bd4b2a-1be7-5d4d-b20e-022fdbe2796c,dataset,ISO 19115,,2015-11-12,dut,28992,Provinciale Omgevingsverordening 2015 - Harde grens stad en land (historie),cultuurhistorische waarden; landschappelijke waarden; ruimtelijke kwaliteit,Deze kaartlaag maakt onderdeel uit van de op 23 september 2015 vastgestelde versie van de Provinciale Omgevingsverordening Drenthe. (Bijbehorende kaart D7).,Provincie Drenthe,post@drenthe.nl,,,,Team Gis/Cartografie (Provincie Drenthe),"('6.105', '52.601', '7.109', '53.213')",Geen beperkingen,otherRestrictions,,
5da21328-6e7b-4d1c-8082-98b3178aa598,dataset,ISO 19115,WMS; WFS,2022-02-25,dut,28992,Algemene regels grondwateronttrekking maximale onttrekking,algemene regels grondwateronttrekking; algemene regels; algemene regel; grondwater; grondwateronttrekking; beregenen; droogte; sproeien; gewas; gewassen; besproeien; tuinbouw; maximale onttrekking,"Algemene regels grondwateronttrekking maximale ontrekking.
Het beheergebied van waterschap Hunze en Aa's in onderverdeeld in drie verschillende grondwateronttrekkingsgebieden, zie kaart.
* Gebied 1: tot 10 m3/uur, maar voor hoogsalderende gewassen en vollegrondstuinbouw geldt tot 60 m3/uur.
* Gebied 2 : tot 60 m3/uur, als er naar het oordeel van het bestuur onvoldoende oppervlaktewater is van geschikte kwaliteit.
* Gebied 3 : tot 150 m3/uur",Waterschap Hunze en Aa's,gis_info@hunzeenaas.nl,,,,Waterschap Hunze en Aa's; Waterschap Hunze en Aa's,"('6.274500417904351', '52.6482562858353', '7.570597529185045', '53.47291066142737')",Geen beperkingen,otherRestrictions,,https://opendata.hunzeenaas.nl/geoserver/wfs
9c50592e-57be-4d74-91fd-bcaee20bb14e,service,ISO 19115,WMS,2025-07-18,dut,,CBS Gebiedsindelingen 2022 WMS,statistische eenheden; gebiedsindeling; gemeente; landsdeel; provincie; buurt; corop-gebied; ggd-regio; nuts3; nuts1; nuts2; wijk; grootstedelijke aglomeratie; stadsgewest; corop-plusgebied; corop-subgebied; landbouwgebied; landbouwgroep; rpa-gebied; toeristengroep; toeristengebied; arrondissementsgebied; brandweerregio; kamer van koophandelregio; politieregio; regionale eenheid; veiligheidsregio; zorgkantoorregio; arbeidsmarktregio; jeugdregio,"Het bestand CBS gebiedsindelingen geeft de gebiedsindelingen die het CBS hanteert. De indelingen zijn gegeven van 2016 t/m het meest recente jaar in gegeneraliseerde vorm. Het meest recente jaar bevat in de eerste helft van dat jaar voorlopige grenzen en nog geen wijken en buurten voor dat jaar. De volgende gebiedsindelingen kunnen voorkomen: Gemeente, Landsdeel, Provincie, Buurt, COROP-gebied, GGD-regio, NUTS3, NUTS1, NUTS2, Wijk, Grootstedelijke aglomeratie, Stadsgewest, COROP-plusgebied, COROP-subgebied, Landbouwgebied, Landbouwgroep, RPA-gebied, Toeristengroep, Toeristengebied, Arrondissementsgebied, Brandweerregio, Kamer van Koophandelregio, Politieregio, Regionale Eenheid, Veiligheidsregio, Zorgkantoorregio, Arbeidsmarktregio en Jeugdregio. In de metadata zijn alleen de lagen van het laatste jaar opgenomen.",,beheerpdok@kadaster.nl,,,,,"('2.55496711', '50.63305917', '7.80148461', '53.67894732')",Geen beperkingen (https://creativecommons.org/publicdomain/mark/1.0/deed.nl),otherRestrictions,,
3085b1b6-d089-42ab-8087-d527676f7376,dataset,ISO 19115,,2019-12-19,,,LGN5_6 (Landelijke Grondgebruiksbestand 5_6),Landbouw; Landgebruik; Orthobeeldvorming,"Het LGN5_6 bestand is een landsdekkend rasterbestand met een resolutie van 25 meter waarin 39 vormen van landgebruik zijn onderscheiden. In het bestand worden de belangrijkste landbouwgewassen, een aantal natuurklassen en stedelijke klassen onderscheiden. Het LGN5_6 bestand heeft als basis het LGN5 rasterbestand waarbij op de locatie van landgebruiksveranderingen (tussen LGN5 en LGN6) LGN5 is vervangen met het landgebruik van LGN6. Het bestand heeft tot doel landgebruiks statistieken tussen LGN5 en LGN6 beter te kunnen vergelijken.",Wageningen Environmental Research,geodesk@wur.nl,,,,,"('3.047', '50.67', '7.304', '53.612')",,copyright,,
961394d0-468b-11f0-97fe-4703c2057924,dataset,ISO 19115,,2025-06-11,eng,,Meteorological data from RACMOv2.3 for the STOWA drought statistics,Climate; STOWA; Precipitation; Temperature; Makkink; Evaporation; Discharge; Drought; Water boards; RACMO; Climate scenarios; KNMI23,"For the KNMI'23 climate scenarios, 240 years of daily data of RACMO (Regional Atmospheric Climate Model) v2.3 are available. For hydrological models, however, it is not feasible to run 240 years. For this reason, 30-year periods are derived that are optimally representative for the whole 240-year period. Additionally, characteristic years are derived that resemble a given repetitive period. The dataset is generated on behalf of STOWA (Stichting Toegepast Onderzoek Waterbeheer) and are appropriate to be applied by the water boards. The focus of this dataset is on studies for droughts.",Koninklijk Nederlands Meteorologisch Instituut (KNMI),opendata@knmi.nl,,,,Koninklijk Nederlands Meteorologisch Instituut (KNMI); Koninklijk Nederlands Meteorologisch Instituut (KNMI); Koninklijk Nederlands Meteorologisch Instituut (KNMI),"('2.5', '50', '8', '54')",https://creativecommons.org/licenses/by/4.0/deed.nl,otherRestrictions,,
b7820c63-715d-4c55-9d77-29e42d89eab1,service,ISO 19115,,2025-07-22,dut,4258,CBS Existing Land Use (INSPIRE geharmoniseerd) OGC API Features,Landgebruik; Nationaal; CBS; Bodemgebruik; Land use; Bodemfunctie; BBG; Bebouwing; Wegen; Spoor; Natuur; Vliegveld; Bedrijfsterrein; Bos; Recreatie; Landbouw; Glastuinbouw,This is the INSPIRE Existing Land Use data set of the Netherlands. It is based on the topographical map of the Netherlands (BRT) and aerial photo's.,,beheerpdok@kadaster.nl,,,,,"('1.00313028', '50.32859085', '9.13157579', '53.96822446')","Naamsvermelding verplicht, organisatienaam (https://creativecommons.org/licenses/by/4.0/deed.nl)",otherRestrictions,,
0a01b844-d4e1-4f9c-b1a7-f7fc71b2ee5a,dataset,ISO 19115,,2024-04-22,dut,28992,Ligging glastuinbouw,Glastuinbouw; Bodemgebruik,Ligging van de Kassen (vector) volgens het Top10NL Bestand Bodem Gebruik (2020),,klantcontact@rvo.nl,,,,Klantcontact,"('3.15', '50.60', '7.30', '53.60')",Geen beperkingen (http://creativecommons.org/publicdomain/zero/1.0/deed.nl),otherRestrictions,,
ea4f4b45-2bd8-4482-b082-9f5a3039d3e7,dataset,ISO 19115,WMS; WFS,2021-08-23,dut,28992,Houtsingelgebied Gorecht,LANDSCHAPSBEHEER; NATUUR EN LANDSCHAP; CULTUURLANDSCHAPPEN; CULTUURHISTORIE; BOSSEN,"Dit bestand bevat de houtsingelgebieden die zijn gelegen in Gorecht, een streek in de provincie Groningen.
Houtsingels, elzensingels, meidoornhagen en houtwallen zijn lijnvormige beplantingen met bomen en/of struiken. Bij houtsingels is de samenstelling van bomen gevarieerd, elzensingels bestaan voornamelijk uit elzen en meidoornhagen uit meidoorns. Deze elementen vormen vaak begrenzingen van percelen of zijn afscheidingen met een andere functie, oorspronkelijk meestal als veekering. Grofweg kunnen twee typen worden onderscheiden: beplantingen die op een kunstmatige aarden wal staan (houtwal) en beplantingen die op dezelfde hoogte staan als het omringende land (houtsingel).

Karakteristiek voor het Gorecht is de besloten houtsingelstructuur en de daarin aanwezige pingoruïnes. De houtsingels staan onder druk door schaalvergroting in de landbouw en het uitblijven van voldoende onderhoud. De pingoruïnes dreigen hun waarde te verliezen door onder meer diepploegen, egaliseren en afschuiven van grond. 

Karakteristiek voor Gorecht is het kleinschalige en besloten landschap met houtwallen, houtsingels, meidoornhagen en pingoruïnes. 
Voor het kleinschalige en besloten landschap van het Gorecht zijn in artikel 4.39 regels opgenomen en voor de bescherming van het reliëf en de openheid rondom essen in Westerwolde zijn in artikel 4.40 regels opgenomen.",Provincie Groningen,geoportaal@provinciegroningen.nl,,,,Afdeling INFO (Provincie Groningen),"('6.547', '53.118', '6.713', '53.20')",geen beperkingen,otherRestrictions,,https://geoservices.provinciegroningen.nl/server/services/LandelijkGebied/Landschap/MapServer/WFSServer
25fbf4ca-3558-11ef-89aa-a6e0a5ab8630,dataset,ISO 19115,,2025-07-01,eng,,EURADCLIM: The European climatological gauge-adjusted radar precipitation dataset (1-h accumulations),Precipitation; Rain; Radar; Climate; ECA&D; Gauge; Open data,"The European climatological gauge-adjusted radar precipitation dataset, EURADCLIM, addresses the need for an accurate (sub-)daily precipitation product covering 8000000 square kilometers of Europe at high spatial resolution. It consists of 1-h and 24-h precipitation accumulations (every clock-hour) at a 2-km grid for the period 2013 through 2022. It is based on the European Meteorological Network (EUMETNET) Operational Program on the Exchange of weather RAdar Information (OPERA) gridded radar dataset of 15-min instantaneous surface rain rates. For EURADCLIM, first methods have been applied to further remove non-meteorological echoes from these images by applying two statistical methods and a satellite-based cloud type mask. Second, the radar composites are merged with the rain gauge data from the European Climate Assessment & Dataset (ECA&D) in order to substantially improve its quality. We expect to rerun EURADCLIM once a year over the entire period, using all available ECA&D rain gauge data, and extend it with one year of data. This will result in a new version of this dataset. Project EURADCLIM was financed by KNMI’s multi-annual strategic research programme (project number 2017.02). The EURADCLIM dataset is based on the OPERA surface radar rain rate and daily precipitation sums of the rain gauge networks provided by the European national weather services and other data holding institutes, through ECA&D.

With respect to version 1, the changes include slightly improved removal of non-meteorological echoes, somewhat better rain gauge coverage over the years 2013 to 2020, and years 2021 and 2022 have been added to the dataset. 

Usage: For each month a zip file is provided. The data are in UTC, where the time in the unzipped filenames is the end time of observation in UTC. Object ""dataset1/data1"" contains the 1-h precipitation accumulation in millimeters. For each grid cell, the availability for 1-h accumulations data is either no data or full availability, and can be determined from ""dataset1/data1"" through the ""nodata"" value (-9999000.0).",Koninklijk Nederlands Meteorologisch Instituut (KNMI),opendata@knmi.nl,,,,Koninklijk Nederlands Meteorologisch Instituut (KNMI); Koninklijk Nederlands Meteorologisch Instituut (KNMI); Koninklijk Nederlands Meteorologisch Instituut (KNMI),"('-40', '32', '58', '68')",https://creativecommons.org/licenses/by/4.0/deed.nl,otherRestrictions,,
38a7d56f-57d4-55b7-9962-9e98f70b2a2b,dataset,ISO 19115,WMS; WFS,2025-02-25,dut,28992,"Voortgangsrapportage Natuur 2024 tbv Prolander, inrichting",locaties,"Voortgangsrapportage Natuur 2024. Geeft inzicht in begrenzing, verwerving, inrichting van de Nieuwe natuur in de provincies Drenthe en Groningen.",Provincie Drenthe,datateam@drenthe.nl,,,,Team Gis/Cartografie (Provincie Drenthe),"('6.0638', '52.5572', '7.2136', '53.2563')",Geen beperkingen,otherRestrictions,,https://kaartportaal.drenthe.nl/server/services/GDB_actueel/PL_VRN_2024_INRICHTING_V/MapServer/WFSServer
4266410f-90dc-4b39-9c1f-7d0435c3190f,dataset,ISO 19115,WFS,2014-08-08,dut,28992,Waardevolle bomen Nijmegen (WFS),"Milieubewakingsvoorzieningen; Groen, bomen","Deze dataset bevat de volgende gegevensgroepen:
- Waardevolle bomen
- Waardevolle bomen particulier
- Monumentale bomen
- Monumentale bomen particulier
- Te herplanten bomen
- Te rooien bomen",Gemeente Nijmegen,opdrachten.geo@nijmegen.nl,,,,,"('5.77077', '51.80086', '5.90031', '51.88254')",http://creativecommons.org/publicdomain/zero/1.0/,otherRestrictions,,http://opendata.nijmegen.nl/WFS_Groen/Request.aspx?
0d611973-9a4f-405e-878c-d7be09777cff,dataset,ISO 19115,WMS; WFS,2023-04-13,dut,,vlakdekkende weidevogeltellingen,Spreiding van soorten; Downloadable Data,In deze dataset worden de territoriumstippen gedeeld van de weidevogels die sinds 1988 worden geteld. Sinds 2018 wordt er naar aanleiding van het veldwerk ook een veldwerkverslag gemaakt. Deze rapporten worden ook als open data gedeeld.,Provincie Noord-Holland,kaartendata@noord-holland.nl,,,,Geo Beleid (BEL/OI) (Provincie Noord-Holland),"('4.527827', '52.163259', '5.314707', '53.183171')",Geen beperkingen (http://creativecommons.org/publicdomain/zero/*/deed.nl),otherRestrictions,,https://geoservices.noord-holland.nl/ags/services/oi_op/oi_dataportaal_geoweb/MapServer/WFSServer?request=GetCapabilities&service=WFS
7af6bded-a715-4825-8ec7-b2ad55186398,dataset,ISO 19115,WMS,2023-02-17,dut,28992,Riolering Barendrecht,Riolering; Beheer; Gemeente; Bsarendrecht,Deze dataset bevat de riolering die beheerd worden door de gemeente Barendrecht. Deze dataset wordt dagelijks bijgewerkt.,BAR-Organisatie,open-data@bar-organisatie.nl,,,,BAR-Organisatie; BAR-Organisatie,"('4.451726900328162', '51.83887409844347', '4.568036296715549', '51.86909360377731')",Geen beperkingen,otherRestrictions,,
d1f62dd5-096d-4f50-8d31-7a8ac3c8b30e,dataset,ISO 19115,WMS; WCS,2022-11-14,dut,28992,Geschikte habitat bestuivers,bestuiving; geschikte habitat,De kaart geeft een beeld van de ruimtelijke spreiding van geschikte habitatten voor bestuivers. Omdat sommige bestuivers slechts weinig nodig hebben als leefgebied is momenteel alle groene ruimte aangeduid als potentiële habitat. Om groene ruimtes te bepalen is gebruik gemaakt van de LCEU ecosysteemtypen kaart van het CBS. De kaart is geproduceerd voor de Atlas Natuurlijk Kapitaal door kennisinstituten RIVM en VITO (België).,RIVM,info@atlasnatuurlijkkapitaal.nl,,RIVM,,,"('3.37087', '50.7539', '7.21097', '53.4658')",Geen beperkingen,otherRestrictions,https://data.rivm.nl/geo/ank/wcs?,
ffffff99-2a72-52c0-8e3d-943896e945ee,dataset,ISO 19115,,2009-03-31,dut,28992,"Korstmos, 1998 ammoniakmijdend (historie)",ammoniak; korstmossen; natuur,De AIW (Acidofiele Indicatie Waarde) is een maat voor de ammoniakbelasting en is gebaseerd op het voorkomen van korstmossen die gevoelig zijn voor ammoniak. Hoge waarden geven aan waar het milieu nog relatief weinig beinvloed is.,Provincie Drenthe,post@drenthe.nl,,,,Team Gis/Cartografie (Provincie Drenthe),"('6.105', '52.601', '7.109', '53.213')",Geen beperkingen,copyright,,
FEB44D94AC493D26E0441CC1DE40A734,dataset,ISO 19115,,2014-07-21,dut,28992,Geluidsgezoneerd bedrijventerrein (Omgevingsvisie 2014) (historie),geluidhinder; geluidsport; omgevingsvisie; Wet Geluidhinder,"Door Provinciale Staten van Drenthe op 2 juli 2014 vastgestelde versie van Geluidsgezoneerd bedrijventerrein.Deze kaart geeft de ligging van de locaties waar op grond van de Wet geluidhinder een beleidskader geldt voor de concentratie van geluid op gezoneerde bedrijventerreinen. Dit is inclusief 3 geluidsportcentra (Assen, Nieuw-Roden en Emmen) en motorcrossterrein Zuidwolde. Tevens geeft deze kaart voor de gezoneerde terreinen de geluidzone aan waarbinnen niet meer geluid mag worden geproduceerd dan is toegestaan op basis van de Wet geluidhinder.Komt voor in kaart 3: Milieu- en leefomgevingkwaliteit.",Provincie Drenthe,post@drenthe.nl,,,,Team Gis/Cartografie (Provincie Drenthe),"('6.105', '52.601', '7.109', '53.213')",Geen beperkingen,otherRestrictions,,
54647b47-1689-453a-b887-b4c67f28febb,dataset,ISO 19115,WMS; WFS,2024-11-28,dut,,Dijkvlakken,DIJKEN; CULTUURLANDSCHAPPEN; LANDSCHAPSBESCHERMING; CULTUURHISTORIE; LANDSCHAPSBEHEER; Downloadable Data,"Dit bestand bevat dijkvlakken van landschappelijk waardevolle dijken, gelegen binnen de provincie Groningen.  Een dijk is een waterkerende constructie, meestal opgeworpen aarde en al dan niet met stenen of asfalt bedekt. Bedoeld om land erachter te beschermen van overstroming.  Een dijkvlak is het perceel waar de dijk in is gelegen van sloot tot sloot/weg/hekwerk of andere topografische begrenzing. Deze dataset hangt samen met het bestand dijken en de bestanden van kolken, drinkdobben en coupures al dan niet met schotbalkenhokjes.  De provincie Groningen richt zich op het behoud en eventueel herstel van landschappelijk en cultuurhistorisch waardevolle dijken en de daarmee samenhangende elementen zoals kolken, drinkdobben, coupures en schotbalkloodsjes. Deze hoofdzakelijk oude slaperdijken zijn karakteristiek voor de Eemsdelta, het Oldambt en het Waddenkustgebied. De oude dijken kunnen worden aangetast door landbouwkundig gebruik, met name door egalisatie en het scheuren van grasland. Ook het opvullen en dichtschuiven van de kolken en drinkdobben, en het afbreken van coupures en schotbalkloodsjes is een verlies van de karakteristieke waarde. Om dit te voorkomen zijn in de Provinciale Omgevingsverordening 2016 regels opgesteld voor de bescherming van de oude dijken en de daarmee samenhangende ondersteunende elementen.",Provincie Groningen,geoportaal@provinciegroningen.nl,,,,Datateam Beleid (Provincie Groningen),"('6.272', '53.084', '7.223', '53.464')",Geen beperkingen (https://creativecommons.org/publicdomain/mark/1.0/deed.nl),otherRestrictions,,https://geoservices.provinciegroningen.nl/server/services/LandelijkGebied/Cultuurhistorie/MapServer/WFSServer?request=GetCapabilities
8316b83d-5462-5f97-8261-f8e8337d07c5,dataset,ISO 19115,,1999-10-13,dut,28992,Grens geb.coord. Hunze (historie),gebiedscoordinatie,Grens van het gebied de Hunze waarop gebiedscoordinatie van toepassing is.,Provincie Drenthe,post@drenthe.nl,,,,Team Gis/Cartografie (Provincie Drenthe),"('6.105', '52.601', '7.109', '53.213')",Geen beperkingen,copyright,,
6b68583b-6327-53e9-abd5-e8bf1af2e233,GIS dataset,ISO 19115,WMS; WFS,2024-02-09,dut,28992,Provinciale Omgevingsverordening 2023 - Monumenten,monument; omgevingsverordening; provincie,Op de kaart van Drenthe staan de provinciale monumenten vermeld.,Provincie Drenthe,post@drenthe.nl,,,,Team Gis/Cartografie (Provincie Drenthe),"('6.105', '52.601', '7.109', '53.213')",Geen beperkingen,otherRestrictions,,https://kaartportaal.drenthe.nl/server/services/GDB_actueel/GBI_POV2023_PROVINCIALMONUMENTEN_V/MapServer/WFSServer?SERVICE=WFS&REQUEST=GetCapabilities
57af3675-efc5-453b-bd66-c9be4a4a0c16,service,ISO 19115,WMS,2025-07-20,dut,,BRO - Bodemkundig booronderzoek (BHR-P) - Bodem (INSPIRE geharmoniseerd) WMS,Bodem; Nationaal; Bodemkunde; Bodemonderzoek; Bodemprofiel; Boorprofiel; Booronderzoek; Grondonderzoek,"Deze dataset bevat de naar INSPIRE thema Bodem geharmoniseerde gegevens over een bodemkundig booronderzoek, die voortkomen uit een bodemkundig georienteerde boring. In veel gevallen bestaat het bodemkundig booronderzoek uit niet meer dan een boormonsterprofiel. In het meest uitgebreide geval omvat het booronderzoek ook de resultaten van boormonsteronderzoek en boorgatmeetgegevens. Het boormonsterprofiel komt tot stand door de samenstelling van de monsters uit een booronderzoek macroscopisch te beschrijven.",,beheerpdok@kadaster.nl,,,,,"('1.986', '50.6749', '7.8197', '55.7059')","Naamsvermelding verplicht, organisatienaam (https://creativecommons.org/licenses/by/4.0/deed.nl)",otherRestrictions,,
da1d9b80-05d3-4aed-ad63-5c9efcc847c4,service,ISO 19115,,2025-07-04,dut,,Basisregistratie Gewaspercelen OGC API Features,Bodem; Landgebruik; Landbouw; Veeteelt; HVD; Geospatiale data,BRP - Gewaspercelen bestaat uit de locatie van landbouwpercelen met daaraan gekoppeld het geteelde gewas. Het bestand is een selectie van informatie uit de Basisregistratie Percelen (BRP) van de Rijksdienst voor Ondernemend Nederland. De omgrenzingen van de landbouwpercelen zijn gebaseerd op het Agrarisch Areaal Nederland (AAN). De gebruiker van het perceel dient jaarlijks zijn gewaspercelen in te tekenen en aan te geven welk gewas wordt geteeld op het betreffende perceel. Van elk jaar wordt een dataset gegenereerd van peildatum 15 mei. Van de meest recente BRP gewaspercelen is een viewservices en een downloadservice beschikbaar.,,beheerpdok@kadaster.nl,,,,,"('1.00313028', '50.32859085', '9.13157579', '53.96822446')",Geen beperkingen (http://creativecommons.org/publicdomain/mark/1.0/deed.nl),otherRestrictions,,
88f76a94-ee4d-4e0c-9fde-91b692403e39,dataset,ISO 19115,WMS; WFS,2024-05-08,dut,3034,Natuurbranden,Gebieden met natuurrisico's,"Deze dataset bevat bos-, heide- of duingebieden waar een natuurbrand kan ontstaan. Meer informatie is te vinden op https://www.risicokaart.nl/kaarten/risicosituaties/natuurbrand.",Interprovinciaal Overleg,inspire@gbo-provincies.nl,,,,Interprovinciaal Overleg; Interprovinciaal Overleg,"('-2.5576', '49.4085', '12.6145', '54.7343')",Geen beperkingen (https://creativecommons.org/publicdomain/mark/*/deed.nl),otherRestrictions,,https://servicespub.risicokaart.nl/geoserver/ISOR_RK/wfs?service=WFS&request=GetCapabilities
b49c3969-1510-4619-9a0c-78fde4b9c899,dataset,ISO 19115,WMS,2025-03-25,dut,28992,Geluid van windturbines (Lden),basisset NOVEX; model; Stamina; belasting; geluid,"Deze kaart toont de berekende geluidsbelasting voor heel Nederland, op een resolutie van 10 meter.",Atlas Leefomgeving,atlasleefomgeving@rivm.nl,,,,,"('3.37087', '50.7539', '7.21097', '53.4658')",Geen beperkingen (http://creativecommons.org/publicdomain/mark/1.0/deed.nl),otherRestrictions,,
ffffffd2-aeaa-5965-a8de-a30673fe8ece,dataset,ISO 19115,,2008-10-27,dut,28992,"Defensie, laagvliegroute (historie)",defensie; militair; risico; veiligheid,"In het door Provinciale Staten op 7 juli 2004 vastgestelde Provinciaal Omgevingsplan Drenthe II (kaart 2), zijn de bestaande laagvliegroutes (hartlijn) met navigatietolerantie en invloedsfeer opgenomen, die in dit bestand worden weergegeven.",Provincie Drenthe,post@drenthe.nl,,,,Team Gis/Cartografie (Provincie Drenthe),"('6.105', '52.601', '7.109', '53.213')",Geen beperkingen,copyright,,
1664d028-a33c-4fbc-835e-e76e8405ccb7,dataset,ISO 19115,,2019-09-16,dut,,Afvalinzameling,wijkindeling; afvalverwerking; Meerlanden,De wijkindeling gehanteerd door Meerlanden in het afvalcollectie procesDe dataset is te downloaden van het gemeentelijk open data portaal: https://gemeente-bloemendaal.opendata.arcgis.com/search/protocol: website,Gemeente Bloemendaal en Gemeente Heemstede,postbusgeo@heemstede.nl,,,,Daniël van Dok (Gemeente Bloemendaal en Gemeente Heemstede); Daniël van Dok (Gemeente Bloemendaal en Gemeente Heemstede),"('52.320767', '4.583637', '52.335706', '4.629852')",,otherRestrictions,,
ffffffe3-e0f1-51a3-a9bf-d748ee7ef40d,dataset,ISO 19115,WMS; WFS,2022-06-01,dut,28992,Hemelhelderheidskaart kas aan,donker; hemelhelderheid; licht; lichtbronnen,"Hemelhelderheid Drenthe met kasverlichting aan (2015-2016). De grootheid luminantie (helderheid) kent verschillende eenheden en die worden in de kaart weergegeven. De eenheid candela per vierkante meter is de eenheid die verlichtingsdeskundigen gebruiken om te meten hoeveel licht ergens op straalt. De gebruikte eenheid mcd/m2 is een duizendste cd/m2. De eenheid magnitude wordt gebruikt door sterrenkundigen. Hoe helderder de hemel, hoe hoger het getal in candela per vierkante meter, hoe meer licht er van de hemel komt.",Provincie Drenthe,post@drenthe.nl,,,,Team Gis/Cartografie (Provincie Drenthe),"('6.105', '52.601', '7.109', '53.213')",Geen beperkingen,otherRestrictions,,https://kaartportaal.drenthe.nl/server/services/GDB_actueel/GBI_MILIEU_HEMELHELDERH_KASAAN_V/MapServer/WFSServer
C8934359F6AF34ECE053D2041EACE4F4,GIS dataset,ISO 19115,,2025-07-23,dut,28992,Aardkundige monumenten punten 2021 (historie),aardkundig monument,Bestand geeft de ligging weer van de nog te onthullen en onthulde aardkundige monumenten als punt object. Het geeft de situatie weer van aug. 2021.,Provincie Drenthe,datateam@drenthe.nl,,,,Team Gis/Cartografie (Provincie Drenthe),"('6.05316408', '52.54509616', '7.24302686', '53.26832141')",Geen beperkingen,otherRestrictions,,
19298c7f-96bf-55ea-9d1b-4c6a613efc3b,dataset,ISO 19115,,1996-12-09,dut,28992,"STRP, gebiedskenmerk (historie)",cultuur; landschap; natuur; ruimtelijke ordening; streekplan; water,Gebiedskenmerkenkaart van het  Streekplan Drenthe.,Provincie Drenthe,post@drenthe.nl,,,,Team Gis/Cartografie (Provincie Drenthe),"('6.105', '52.601', '7.109', '53.213')",Geen beperkingen,copyright,,
3411fdee-a810-49fc-bf72-c6fe58194b6b,dataset,ISO 19115,,2025-07-01,eng,,PBL IMAGE SSP scenarios - Population Density (5 arcmin),Population,Global population density from 1970 to 2100 per land grid cell. The data is licensed under CC-BY. The IMAGE-team would appreciate cooperation when data is used.,Koninklijk Nederlands Meteorologisch Instituut (KNMI),opendata@knmi.nl,,,,Koninklijk Nederlands Meteorologisch Instituut (KNMI); Koninklijk Nederlands Meteorologisch Instituut (KNMI); Koninklijk Nederlands Meteorologisch Instituut (KNMI),"('-180.0', '-90.0', '180.0', '90.0')",https://creativecommons.org/licenses/by/4.0/deed.nl,otherRestrictions,,
ffffffe7-c2b1-53d8-8a0c-1b31d0faf66d,dataset,ISO 19115,,2011-01-01,dut,28992,"Macrogradient (OGV, 2010) (historie)",omgevingsvisie,Door Provinciale Staten van Drenthe is op 2 juni 2010 de Omgevingsvisie vastgesteld. Op  bijbehorende kaart 2B (Landschap) wordt het Macrogradient aangegeven..,Provincie Drenthe,post@drenthe.nl,,,,Team Gis/Cartografie (Provincie Drenthe),"('6.105', '52.601', '7.109', '53.213')",Geen beperkingen,otherRestrictions,,
ceda1b88-32ac-40b2-a841-71eb041c9427,service,ISO 19115,WMS,2025-07-03,dut,,Potentiekaart reststromen WMS,energiebronnen; biomassa; biogas; gft; infoMapAccessService; potentiekaart; reststromen,"De WarmteAtlas Nederland is een digitale, geografische kaart waarop warmteaanbod en -vraag in ons land zijn aangegeven. Aan de aanbodkant gaat het om (potentieel) geschikte locaties van warmte- en koude opslag (WKO), diepe geothermie, biomassa en restwarmte. Deze lagen tonen de potentie voor biomassa per gemeente.",Beheer PDOK,beheerPDOK@kadaster.nl,,,,Beheer PDOK (Beheer PDOK); Beheer PDOK,"('3.206252918228434', '50.73360719554353', '7.245258336784366', '53.58297893748843')",Geen beperkingen (http://creativecommons.org/publicdomain/zero/1.0/deed.nl),otherRestrictions,,
4ac285d3-d875-4020-8995-072841d0a0a6,dataset,ISO 19115,WMS; WFS,2016-12-11,dut,28992,Noodpomp,Gemaal; Peilgebied; Peilscheiding; Pomp; Calamiteitengemaal; Noodpomp,"Een gemaal dient in principe om water van een laag peil naar een hoog peil te brengen, waarvan de noodzaak kan liggen in wateroverschot aan de lage kant (afvoer) of in waterbehoefte in het gebied aan de hoge kant (aanvoer).

Herkomst definitie: Aquo",Waterschap Hunze en Aa's,gis_info@hunzeenaas.nl,,,,Waterschap Hunze en Aa's; Waterschap Hunze en Aa's,"('6.274500417904351', '52.6482562858353', '7.570597529185045', '53.47291066142737')",Geen beperkingen,otherRestrictions,,https://opendata.hunzeenaas.nl/geoserver/wfs
9a8d59a7-916b-4fe1-bbaf-645ad957f13f,dataset,ISO 19115,,2025-07-01,eng,,Arctic - Climate state dependence of precipitation variability,Precipitation; Arctic; Variability,"This dataset contains the data used for the following paper: ""Climate state dependence of precipitation variability"". The following variables are available on a monthly timescale: total precipitation (TP), convective precipitation (CP), large scale precipitation (LSP), evaporation (E), poleward moisture transport (MFatmos), two-metre temperature (T2M), surface temperature (SSTK), sea level pressure (MSL) and geostrophic wind (uwind and vwind). All variables are available for five quasi equilibrium simulations of 400 years length forced with a broad range of CO2 simulations (025xco2, 05xco2, control, 2xco2, 4xco2) from 50N-90N.",Koninklijk Nederlands Meteorologisch Instituut (KNMI),opendata@knmi.nl,,,,Koninklijk Nederlands Meteorologisch Instituut (KNMI); Koninklijk Nederlands Meteorologisch Instituut (KNMI); Koninklijk Nederlands Meteorologisch Instituut (KNMI),"('-180.0', '50.0', '180.0', '90.0')",https://creativecommons.org/licenses/by/4.0/deed.nl,otherRestrictions,,
ffffff85-0cfe-59b0-a3f0-37021f03586d,dataset,ISO 19115,,2011-07-19,dut,28992,Veenbegindiepte (historie),bodem; veen; veenafname; veenbegindiepte; veenkartering; water,"Kaart geeft aan waar de veenlaag begint. Een veenlaag kan aan het maaiveld beginnen, maar kan ook bedekt zijn met een minerale laag, zoals een kleilaag of zandlaag. De veenbegindieptekaart geeft hierover informatie.",Provincie Drenthe,post@drenthe.nl,,,,Team Gis/Cartografie (Provincie Drenthe),"('6.105', '52.601', '7.109', '53.213')",Geen beperkingen,copyright,,
616f3a3c-75aa-5a4c-b3d6-74bc994f2d28,dataset,ISO 19115,,2008-11-18,dut,28992,Stimuleringsgebied BGM (historie),bodem; milieubeheer,Stimuleringsgebieden uitvoeringsprogramma BGM.(BGM staat voor Bijdrageregeling gebiedsgericht milieubeleid).,Provincie Drenthe,post@drenthe.nl,,,,Team Gis/Cartografie (Provincie Drenthe),"('6.105', '52.601', '7.109', '53.213')",Geen beperkingen,copyright,,
e32ecb1c-a023-4db7-b2d0-f889ee6fac46,dataset,ISO 19115,WFS; WMS,2025-06-24,dut,,Begrenzing NNN en Zone Ondernemen met Natuur en Water,"ecologie; ecologische hoofdstructuur; ecologische verbindingszones; natuurbeheer; natuur; natuur en landschap; natuur- en landschapsbeleid; natuur, bos en landschap; natuurcompensatie; natuurgebieden; natuurontwikkeling; ruimtelijke kwaliteit; ruimtelijke ontwikkeling en volkshuisvesting; ruimtelijke ordening","Het Natuurnetwerk Nederland (NNN) is een samenhangend netwerk van natuur- en landbouwgebieden met hoge natuurwaarden. Het NNN heeft als doel het behouden, beschermen en versterken van de rijkdom aan plant- en diersoorten (biodiversiteit). Hiermee dragen we bij aan (inter-)nationaal vitaal stelsel van natuurgebieden. De realisatie van natuurdoelen gaat zo veel mogelijk samen met het versterken van de landbouw, de regionale economie en de wateropgaven. De NNN begrenzing van Overijssel is opgenomen in de Overijsselse Omgevingsverordening. Op 16 april 2025 hebben Provinciale Staten van Overijssel een geactualiseerde Omgevingsverordening vastgesteld. Het gaat om beleidswijzigingen die eerder zijn vastgesteld. Verder zijn omissies hersteld. Deze dataset betreft de gewijzigde NNN begrenzing die als onderdeel van deze actualisatie is vastgesteld. Naast de begrenzing van het NNN bevat de dataset tevens de Zone Ondernemen met Natuur en Water (ONW) gebieden buiten het NNN. Hier is het beleid gericht op ruimte te creëren voor economische ontwikkelingen zoals de landbouw, recreatie en natuurgebonden woon- en werklocaties (bijvoorbeeld nieuwe landgoederen). Dit deel van de Zone ONW is globaal begrensd. De NNN gebieden zijn daarentegen op perceelniveau begrensd.",Provincie Overijssel,kennishub@overijssel.nl,,,,,"('5.774', '52.115', '7.092', '52.857')",https://creativecommons.org/licenses/by/1.0/deed.nl,otherRestrictions,,https://services.geodataoverijssel.nl/geoserver/B46_natuur_en_landschap/wfs
a3c2db1c-ecdf-5392-907b-e2e1079d56d7,dataset,ISO 19115,,2009-11-20,dut,28992,Centrale zandwinning en stortplaatsen (historie),ontgronding,Centrale zandwinning en stortplaatsen.,Provincie Drenthe,post@drenthe.nl,,,,Team Gis/Cartografie (Provincie Drenthe),"('6.66244', '52.3547151', '6.3050728', '52.5627842')",Geen beperkingen,copyright,,
cb96805e-e10b-5365-9ebc-853dd9d5275d,dataset,ISO 19115,,2011-01-01,dut,28992,"Laagvliegroute defensie (OGV, 2010) (historie)",omgevingsvisie,"Dit bestand geeft de laagvliegroute van Defensie  weer zoals in de door Provinciale Staten van Drenthe op 2 juni 2010 vastgestelde Omgevingsvisie, kaart 8a (zoekgebied grootschalige windenergie) is weergegeven, met verwijzing naar Laagvliegroute defensie (OGV, 2010) lyr.",Provincie Drenthe,post@drenthe.nl,,,,Team Gis/Cartografie (Provincie Drenthe),"('6.105', '52.601', '7.109', '53.213')",Geen beperkingen,otherRestrictions,,
f8ec4000-6b5d-567c-afd5-c32d2f4b1be3,dataset,ISO 19115,WMS; WFS,2025-04-18,dut,28992,"Omgevingsvisie 2022 - Hunebed, grafheuvel",hunebed; omgevingsvisie,Hunebedden zijn de oudste zichtbare archeologische monumenten van Nederland. Het zijn grafmonumenten van de eerste echte boeren in Drenthe en zijn zo n 6000 jaar oud. Hunebedden zijn gebouwd met grote zware zwerfkeien. Grafheuvels/grafvelden en hun omgeving blijken complexe rituele plaatsen te zijn geweest die van groot belang waren voor prehistorische gemeenschappen en veel meer dan alleen maar begraafplaatsen. Deze locaties kunnen honderden jaren in gebruik geweest zijn en vormen zo het kenmerkende Drentse grafheuvel- en urnenveldlandschap.,Provincie Drenthe,datateam@drenthe.nl,,,,Team Gis/Cartografie (Provincie Drenthe),"('6.0531', '52.5451', '7.2431', '53.2683')",Geen beperkingen,otherRestrictions,,https://kaartportaal.drenthe.nl/server/services/GDB_actueel/GBI_OGV22_ARCHEO_GRAFHUNEBED_V/MapServer/WFSServer
3213016a-2536-4594-8b24-7c5f6639562c,dataset,ISO 19115,,2025-07-01,eng,,PBL IMAGE SSP scenarios - Biomass (30 arcmin),Biomass; Carbon pools,"Global carbon content in stems, branches, leaves, roots, litter, humus, charcoal, short lifetime timber, long lifetime timber from 1970 to 2100 per land grid cell. The data is licensed under CC-BY. The IMAGE-team would appreciate to be involved in projects using the data.",Koninklijk Nederlands Meteorologisch Instituut (KNMI),opendata@knmi.nl,,,,Koninklijk Nederlands Meteorologisch Instituut (KNMI); Koninklijk Nederlands Meteorologisch Instituut (KNMI); Koninklijk Nederlands Meteorologisch Instituut (KNMI),"('-180.0', '-90.0', '180.0', '90.0')",https://creativecommons.org/licenses/by/4.0/deed.nl,otherRestrictions,,
576ac56d-14de-477b-a536-b430cd6ff03e,service,ISO 19115,,2025-07-08,dut,,BRT TOP10NL OGC API Features,basisregistratie topografie; BRT; TOP10NL; kadaster; topografie; topografische kaart; features,"Via de OGC API Features kun je eenvoudig de BRT TOP10NL bevragen en de data gebruiken in eigen toepassingen. TOP10NL is een digitaal objectgericht kaartbestand wat ten grondslag ligt aan de topografische kaart 1:10000 en wat veelvuldig in diverse GIS- en CAD-systemen wordt gebruikt voor ondergrond, analyse-, en beheers- en planningsactiviteiten.

Voorstellen voor verbetering van de BRT kunt u bekijken met de BRT Terugmeldingen dataset:
https://www.nationaalgeoregister.nl/geonetwork/srv/dut/catalog.search#/metadata/7a84c4de-4ec0-4202-a8d0-792fb7d39d1f",,beheerpdok@kadaster.nl,,,,,"('0.63127546', '50.24547284', '9.45138835', '54.04679947')","Naamsvermelding verplicht, organisatienaam (https://creativecommons.org/licenses/by/4.0/deed.nl)",otherRestrictions,,
867a7383-ee2c-470d-a37b-eea196baca08,service,ISO 19115,,2025-07-18,dut,,CBS Postcode6 statistieken OGC API Features,Demografie; Postcode; Pc6; Statistiek; Bevolking; Inwoners; Leeftijd; Herkomst; Woningen; Inkomen; Sociale_zekerheid; Woz; Woningeigendom; Huur; Voorziening; Nabijheid; Spreiding_van_de_bevolking; InfoMapAccessService,"Het bestand CBSpostcode6 bevat statistische gegevens per postcode (1234AB). Met ingang van augustus 2024 zijn gegevens over het jaar 2023 toegevoegd en zijn het aantal gegevens van de jaren 2022 en 2021 uitgebreid met gegevens over demografie, woningen, energie, inkomen, sociale zekerheid, nabijheid van voorzieningen en dichtheid.",,beheerpdok@kadaster.nl,,,,,"('2.35496255', '50.59847668', '7.97251813', '53.7119089')","Naamsvermelding verplicht, organisatienaam (https://creativecommons.org/licenses/by/4.0/deed.nl)",otherRestrictions,,
875409d7-337b-4d43-a589-154f7a910509,service,ISO 19115,WMS,2024-04-22,dut,28992,WarmteAtlas WMS,WarmteAtlas WMS; Warmte Vraag; Warmte Potentieel; Warmte Koude Opslag WKO; Thermische Energie Oppervlaktewater TEO; Aardwarmte; Gebouwde Omgeving; CO2 emissie; Grote Stook Installaties; Grote Stook Installaties; Bedrijventerreinen; IBIS Bedrijventerreinen; Kassen; Woonkernen; Grote gebouwen; Warmtenetten,"Atlas voor kaarten over het warmte gebruik (industrie, glastuinbouw en huishoudens) en potentieel kaarten voor de productie van duurzame warmte en de aanwezigheid van nog niet benutte restwarmte.",,klantcontact@rvo.nl,,,,,"('2.8618', '50.6819', '7.3293', '53.7979')",Geen beperkingen (http://creativecommons.org/publicdomain/zero/1.0/deed.nl),otherRestrictions,,
874ffdd7-c98f-45c2-9d2f-8462f8f09ae4,dataset,ISO 19115,WMS,2025-07-22,dut,,Stedelijk hitte eiland effect,klimaat,"Deze kaartlaag laat het stedelijk hitte eiland effect in graden Celsius zien. Het stedelijk hitte eiland effect is het gemiddelde luchttemperatuurverschil tussen de stedelijke en omliggende landelijke gebieden. Deze kaartlaag geeft een voorspelling weer op basis van verschillende onderliggende kaartgegevens: bevolkingsdichtheid, windsnelheid, hoeveelheid groen, blauw en verharding. Het stedelijk hitte eiland effect is het grootst in een omgeving met weinig groen en veel bebouwing. Het effect met bijbehorende hoge (gevoels)temperaturen is nadelig voor de gezondheid van mensen.",Provincie Overijssel,kennishub@overijssel.nl,,,,,"('3.199', '50.732', '7.248', '53.627')",https://creativecommons.org/publicdomain/zero/1.0/deed.nl,otherRestrictions,,
21f0d9be-67c1-4ff7-a9da-c01a5fa59c2e,service,ISO 19115,WFS,2025-03-14,dut,,CBS Postcode4 statistieken 2019 WFS,Demografie; Postcode; Pc4; Statistiek; Bevolking; Inwoners; Leeftijd; Herkomst; Woningen; Inkomen; Sociale_zekerheid; Woz; Woningeigendom; Huur; Voorziening; Nabijheid; Spreiding_van_de_bevolking,"De WMS service postcode4 statistieken 2019 bevat statistische gegevens voor het numerieke deel van de postcode voor het jaar 2019. 

In juni 2023 zijn gegevens over de jaren 2019, 2020 en 2021 aangevuld, het jaar 2022 is toegevoegd. Deze jaren bevatten nu gegevens over demografie, wonen, energie, inkomen, sociale zekerheid, nabijheid van voorzieningen en dichtheid voor over beschikbaar.

Lees voor meer informatie:
https://www.cbs.nl/nl-nl/longread/diversen/2023/statistische-gegevens-per-vierkant-en-postcode-2022-2021-2020-2019",,beheerpdok@kadaster.nl,,,,,"('1.086', '50.5622', '8.4677', '55.8094')","Naamsvermelding verplicht, organisatienaam (https://creativecommons.org/licenses/by/4.0/deed.nl)",otherRestrictions,,https://service.pdok.nl/cbs/postcode4/2019/wfs/v1_0?request=GetCapabilities&service=WFS
35c1c973-cc43-4525-99fa-437dc4e31cda,service,ISO 19115,WMS,2025-03-14,dut,,CBS Postcode6 statistieken 2023 WMS,Demografie; Postcode; Pc6; Statistiek; Bevolking; Inwoners; Leeftijd; Herkomst; Woningen; Inkomen; Sociale_zekerheid; Woz; Woningeigendom; Huur; Voorziening; Nabijheid; Spreiding_van_de_bevolking,"Het bestand CBSpostcode6 bevat statistische gegevens per postcode (1234AB). Met ingang van augustus 2024 zijn gegevens over het jaar 2023 toegevoegd en zijn het aantal gegevens van de jaren 2022 en 2021 uitgebreid met gegevens over demografie, woningen, energie, inkomen, sociale zekerheid, nabijheid van voorzieningen en dichtheid.

Lees voor meer informatie over de onderwerpen in de postcodepublicatie: 
https://www.cbs.nl/nl-nl/longread/diversen/2024/statistische-gegevens-per-vierkant-en-postcode-2021-2022-2023

Lees voor informatie over het verkrijgen van het bestand:
https://www.cbs.nl/nl-nl/dossier/nederland-regionaal/geografische-data/gegevens-per-postcode",,beheerpdok@kadaster.nl,,,,,"('-5.9061', '49.1673', '13.6282', '57.0701')","Naamsvermelding verplicht, organisatienaam (https://creativecommons.org/licenses/by/4.0/deed.nl)",otherRestrictions,,
e36b3712-56a7-4d4b-bca6-a2e12563b3a7,dataset,ISO 19115,,2017-02-20,dut,28992,"Opgave voldoende water, Waterbeheerplan",Waterbeheersplan; WBP; Voldoende water; Waterbeheerplan,Overzicht van gebieden waar waterpeil niet voldoet aan functie eisen,Waterschap Aa en Maas,geoloket@aaenmaas.nl,,,,Waterschap Aa en Maas; Waterschap Aa en Maas,"('5.06', '51.31', '6.05', '51.86')",http://creativecommons.org/publicdomain/mark/1.0/deed.nl,otherRestrictions,,
57dc14f2-ed7c-437b-96c5-8d16ef355e50,dataset,ISO 19115,WMS,2023-02-17,dut,28992,Kunstwerken Ridderkerk,Kunstwerken; Ridderkerk; Gemeente; Beheer,Deze dataset bevat de kunstwerken die beheerd worden door de gemeente Ridderkerk. Deze dataset wordt dagelijks bijgewerkt.,BAR-Organisatie,open-data@bar-organistie.nl,,,,BAR-Organisatie; BAR-Organisatie,"('4.4554389825644165', '51.83911276008327', '4.570494541068157', '51.86836794989307')",Geen beperkingen,otherRestrictions,,
2b68977e-2b95-5a4a-910b-d6a1a5cfefc4,dataset,ISO 19115,,2009-04-12,dut,28992,"Puntvormige objecten Cultuurhistorisch Kompas (OGV, 2010) (historie)",archeologie; cultuurhistorie; cultuurhistorisch kompas; Drents Plateau; fysische geografie; geologie; historische geografie,"Provinciale Staten hebben op 2 juni 1970 de Omgevingsvisie vastgesteld. Hierin staan de puntelementen van de cultuurhistorische hoofdstructuur voor de provincie Drenthe betreffende geselecteerde hunebedden, grafheuvelgroepen, sporen WOII, kerk, klooster, landhuis, sluis radiotelescoop en kamp Westerbork.",Provincie Drenthe,post@drenthe.nl,,,,Team Gis/Cartografie (Provincie Drenthe),"('6.105', '52.601', '7.109', '53.213')",Geen beperkingen,copyright,,
66b293b0-e9d4-4d6f-9f37-30d10af1d7db,service,ISO 19115,WFS,2025-03-12,dut,,CBS Vierkantstatistieken 500m 2021 WFS,Demografie; Statische_eenheden; Vierkant; Grid; Statistiek; Bevolking; Inwoners; Woning; Leeftijd; Herkomst; Woz; Inkomen; Energie; Stedelijkheid; Bevolkingdichtheid; Concentratie; Spreiding_van_de_bevolking,"Het bestand CBS vierkanten 500m bevat statistische gegevens per 500 meter bij 500 meter vierkant. Met ingang van augustus 2024 zijn gegevens over het jaar 2023 toegevoegd en zijn het aantal gegevens van de jaren 2022 en 2021 uitgebreid met gegevens over demografie, woningen, energie, inkomen, sociale zekerheid, nabijheid van voorzieningen en dichtheid.

Met ingang van het publicatiejaar 2022 is de indeling van inwoners naar migratieachtergrond vervangen door een indeling naar geboorteland en herkomst.
Met ingang van het publicatiejaar 2020 is het gemiddeld huishoudinkomen toegevoegd en is de categorie van het gestandaardiseerd huishoudinkomen komen te vervallen.",,beheerpdok@kadaster.nl,,,,,"('1.086', '50.5622', '8.4677', '55.8094')","Naamsvermelding verplicht, organisatienaam (https://creativecommons.org/licenses/by/4.0/deed.nl)",otherRestrictions,,https://service.pdok.nl/cbs/vierkantstatistieken500m/2021/wfs/v1_0?request=GetCapabilities&service=WFS
123cd444-183a-404e-9b0f-98d2042ab8f9,dataset,ISO 19115,WMS; WFS,2023-09-20,dut,28992,Ongeval op land,RISICOKAART; OPENBARE ORDE EN VEILIGHEID; RAMPEN; PROVINCIALE WEGEN; RIJKSWEGEN; SPOORLIJNEN; Kaderstellend,"De risicokaart toont grote ongevallen in het wegverkeer en ontsporingen of botsingen van reizigerstreinen, metro's, trams.  De risicokaart toont autosnelwegen, overige rijks(auto)wegen, provinciale wegen (>110km per uur), spoorlijnen voor intercity of ICE-verkeer en spoorlijnen voor hogesnelheidsverkeer.",BIJ12,lbo@risicokaart.nl,,,,,"('3.047', '50.67', '7.276', '53.612')",Geen beperking,otherRestrictions,,https://servicespub.risicokaart.nl/geoserver/ISOR_RK/wfs
8129296b-b9c1-489f-990a-df4a879e12b2,service,ISO 19115,WFS,2025-07-18,dut,3035,Human Health Statistics Netherlands (INSPIRE geharmoniseerd) WFS,cbs; statistics; hh; nl; human health; netherlands; sdmx; death; nuts2; doctor; death rate; health,This service refers to SDMX files with human Health data like total number of death per 100.000 people or number of doctors in the Netherlands per NUTS2 region.,,beheerpdok@kadaster.nl,,,,Beheer PDOK,"('2.555', '50.6331', '7.8015', '53.6789')",Geen beperkingen (https://creativecommons.org/publicdomain/mark/1.0/deed.nl),otherRestrictions,,https://service.pdok.nl/cbs/hh/wfs/v1_0?request=GetCapabilities&service=WFS
80b3051d-b10f-5aae-b5f1-c0da0d51c10f,dataset,ISO 19115,,1998-10-30,dut,28992,"Relatienotagebied, okt. 1998 (historie)",landschap; natuur; relatienota,Relatienotagebieden.,Provincie Drenthe,post@drenthe.nl,,,,Team Gis/Cartografie (Provincie Drenthe),"('6.105', '52.601', '7.109', '53.213')",Geen beperkingen,copyright,,
32d7da67-e499-472a-afe1-eb582b32e08b,dataset,ISO 19115,WMS; WFS,2024-01-18,dut,,Aardbevingsgebied (Omgevingsverordening),PROVINCIALE VERORDENINGEN; GEBOUWEN; OMGEVINGSWET; GASVOORZIENING; Downloadable Data,"Dit bestand bevat de begrenzing van het aardbevingsgebied zoals deze is vastgelegd in de Omgevingsverordening provincie Groningen. De verordening bevat regels ter voorkoming van gehele of gedeeltelijke sloop van karakteristieke gebouwen in het aardbevingsgebied zonder voorafgaande zorgvuldige belangafweging. Daarom is benoemd om welk gebied het dan gaat.  De gemeentelijke herindeling vereist een aanpassing van de omschrijving van het begrip aardbevingsgebied in de Omgevingsverordening (artikel 2.7). Hiervoor is kaart 11 toegevoegd, dit is een weergave van de situatie tot de gemeentelijke herindelingen per 1-1-2019.",Provincie Groningen,geoportaal@provinciegroningen.nl,,,,Datateam Beleid (Provincie Groningen),"('6.161834', '53.065404', '7.239455', '53.47107')",Geen beperkingen (https://creativecommons.org/publicdomain/mark/1.0/deed.nl),otherRestrictions,,https://geoservices.provinciegroningen.nl/server/services/Beleidsplannen/Omgevingsverordening/MapServer/WFSServer?request=GetCapabilities
14f3f5f6-94d2-42a0-98b5-47651780dafc,dataset,ISO 19115,,2024-03-22,dut,,DAMO_W.KenmerkendeProfiellijn,Hydrografie; Regionaal; HDSR,Lijnvormige elementen waarmee bepaalde kniklijnen of referentielijnen van het dijklichaam worden vastgelegd.,Hoogheemraadschap De Stichtse Rijnlanden,gisspecialistenOSA@hdsr.nl,https://data-hdsr.opendata.arcgis.com/,,,Afdeling GIS (Hoogheemraadschap De Stichtse Rijnlanden),"('3.245', '50.673', '7.576', '53.567')",Geen beperkingen (http://creativecommons.org/publicdomain/zero/*/deed.nl),otherRestrictions,,
1d3645a6-a646-4157-bd81-eaf79d863f8e,dataset,ISO 19115,,2025-07-01,eng,,Meteo surface - validated observations of common atmospheric variables at 10 minute interval at Cabauw,Wind; Visibility; Temperature; CESAR; Cabauw; Radiation; Air pressure; Precipitation; Insitu; Open data; Ruisdael; Core dataset,"Validated meteorological surface observations of precipitation, visibility, radiation, air pressure, wind speed, wind direction, temperature and dew point at Cabauw on a 10-minute basis. Visibility and precipitation type available from January 2008. For more information about how to interpret the data, please read: https://cdn.knmi.nl/knmi/pdf/bibliotheek/knmipubTR/TR384.pdf. Please note: Due to dataset maintenance, data uploading has been halted temporarily since 01-06-2021 for an unspecified time.",Koninklijk Nederlands Meteorologisch Instituut (KNMI),opendata@knmi.nl,,,,Koninklijk Nederlands Meteorologisch Instituut (KNMI); Koninklijk Nederlands Meteorologisch Instituut (KNMI); Koninklijk Nederlands Meteorologisch Instituut (KNMI),"('4.926', '51.97', '4.926', '51.97')",https://creativecommons.org/licenses/by/4.0/deed.nl,otherRestrictions,,
68a58257-0b71-40be-802b-e374c539e342,dataset,ISO 19115,WMS; WFS,2023-03-17,dut,28992,Ervaren stress in de afgelopen 4 weken,gezondheid,"Op de kaart zie je uitgedrukt in procenten waar de meeste mensen wonen die weinig of juist (heel) veel stress ervaren. In de lichtgeel gekleurde gemeentes wonen relatief weinig mensen met stress. In de donkerrood gekleurde gemeentes wonen veel mensen met stress. 

Bij verder inzoomen zie je de informatie ook op wijkniveau.",,atlasleefomgeving@rivm.nl,,,,,"('3.37087', '50.7539', '7.21097', '53.4658')",Geen beperkingen (http://creativecommons.org/publicdomain/mark/1.0/deed.nl),otherRestrictions,,https://data.rivm.nl/geo/alo/wfs?request=GetCapabilities
85de0c1a-a4fb-4bc3-a5e5-d00e3b3960c9,dataset,ISO 19115,WMS; WFS,2024-11-28,dut,,Pingoruïnes Zuidelijk Westerkwartier,AARDKUNDIG WAARDEVOLLE GEBIEDEN; AARDKUNDIGE WAARDEN; LANDSCHAPSBESCHERMING; NATUUR EN LANDSCHAP; Downloadable Data,"Dit bestand bevat de pingoruïnes gelegen in het Zuidelijk Westerkwartier, provincie Groningen.  Karakteristiek voor het Zuidelijk Westerkwartier zijn o.a. de pingoruïnes. Pingoruïnes zijn aardkundig waardevolle gebieden en ontstaan door een natuurlijk proces tijdens de laatste ijstijd, het Weichselien. Kwelwater kon toen plaatselijk door de permanent bevroren bovengrond (permafrost) aan het oppervlak komen en bevroor daar. Doordat bevriezend water uitzet ontstonden ijsheuvels, waarbij de ondergrond omhoog werd gedrukt. Tijdens het afsmelten gleed de opgedrukte grond naar de randen. Na afsmelting bleven diepe, ronde gaten gevuld met water achter met een ringwal. De pingoruïnes Bolmeer en Ronde meer ten zuiden van de Jonkersvaart zijn hier mooie voorbeelden van.   De provincie Groningen wil voorkomen dat de pingoruïnes hun waarde verliezen door onder meer nieuwe bebouwing en beplantingen, diepploegen, egaliseren en afschuiven van grond. In de provinciale Omgevingsverordening 2016 staat dat gemeenten via hun bestemmingsplannen de pingoruïnes moeten behouden. Deze dataset is deels opgenomen in de Provinciale Omgevingsvisie 2016-2020. Verder zijn in de provinciale Verordening 2016 regels opgenomen ter bescherming van deze pingoruïnes.",Provincie Groningen,geoportaal@provinciegroningen.nl,,,,Datateam Beleid (Provincie Groningen),"('6.179', '53.119', '6.315', '53.222')",Geen beperkingen (https://creativecommons.org/publicdomain/mark/1.0/deed.nl),otherRestrictions,,https://geoservices.provinciegroningen.nl/server/services/LandelijkGebied/Landschap/MapServer/WFSServer?request=GetCapabilities
dce725ce-37e3-4ee9-acdc-85b72ecec2ec,dataset,ISO 19115,,2024-11-18,dut,28992,"Natuurbeheerplan, verschillen Kaartaanpassingen Ambitiekaart",ecologie; natuurbeheer; natuurontwikkeling,"In het Natuurbeheerplan is een kaart met Natuurbeheergebied Ambitie (Ambitiekaart) opgenomen. Wijzigingen in deze kaart kunnen op 2 manieren plaatsvinden. [1] Met een Ontwerp-besluit, een inspraakperiode, gevolgd door een definitief besluit d.m.v. zienswijzen. [2] Met een Kaartaanpassingen-besluit dat gelijk definitief is. Deze kaart toont verschillen van het [2] Kaartaanpassingen-besluit t.o.v. de vorige definitief vastgestelde versie van de Ambitiekaart.",Provincie Noord-Brabant,Geo@brabant.nl,,,,,"('4.338', '51.299', '5.996', '51.817')",geen beperkingen,intellectualPropertyRights,,
b472ca33-3f7f-4412-8cb0-4ff85e0e1450,service,ISO 19115,,2025-06-27,dut,,Drone no-fly zones OGC API Features,Drones; Drone; Drone gebieden; Landingsite; Drone no-fly zones; no-fly zones,De no-fly zones voor drones. Ook de recreatieve drone-vlieger moet zich aan deze no-fly zones houden. Tot op straatniveau is zichtbaar waar je wel en niet met een drone mag vliegen. Relevante informatie over regelgeving is te vinden op https://rijksoverheid.nl/drones.,,beheerpdok@kadaster.nl,,,,,"('1.0031', '50.3286', '9.1316', '53.9683')",Geen beperkingen (http://creativecommons.org/publicdomain/mark/1.0/deed.nl),otherRestrictions,,
FEB44D94AC253D26E0441CC1DE40A734,dataset,ISO 19115,,2014-07-21,dut,28992,"Aardkundige waarde, beschermingsniveau (Omgevingsvisie 2014) (historie)",aardkundige waarden; omgevingsvisie,"Door Provinciale Staten van Drenthe op 2 juli 2014 vastgestelde versie van het beschermingsniveau Aardkundige waarden. De inzet is de aardkundige waarden die bijdragen aan het specifieke Drentse karakter behouden en zo mogelijk herstellen. Voor de aardkundige waarden onderscheiden wij drie beschermingsniveaus (1. Hoog beschermingsniveau: beschermen en eisen stellen, 2. Gemiddeld beschermingsniveau: regisseren en voorwaarden stellen, 3. Generiek beschermingsniveau: respecteren). De kaart en de beschermingsniveaus zijn weergegeven in de beleidsnotitie Waardevol Drenthe. Ze  verschillen in de mate van inzet van de provincie. Het hoge en het gemiddelde beschermingsniveau zijn van provinciaal belang. Komt voor in kaart 2D: Kernkwaliteit Aardkundige waarden.",Provincie Drenthe,post@drenthe.nl,,,,Team Gis/Cartografie (Provincie Drenthe),"('6.105', '52.601', '7.109', '53.213')",Geen beperkingen,otherRestrictions,,
513e0b53-dc23-41cc-84f6-61bdf05c0fbb,dataset,ISO 19115,,2019-11-26,dut,28992,Transcriptomics op rattenlong na blootstelling aan fijn stof,Toxicogenomics; Rattus norvegicus; long; particulate matter; Inhalatietoxicologie,Genexpressie in rattenlong na inhalatie van EHC-93 fijnstof,RIVM/V&Z/GZB,jeroen.pennings@rivm.nl,,,,RIVM/V&Z/GZB; RIVM/V&Z/GZB,"('2.1943769153799892', '50.719508224348104', '8.04038938277185', '54.987059919430585')",Geen beperkingen,otherRestrictions,,
e1af0740-b9ee-5ede-a826-30dad88d1469,dataset,ISO 19115,,2011-01-01,dut,28992,"Hart van Drenthe (OGV, 2010) (historie)",natuur; omgevingsvisie,"Dit bestand geeft de extra wens natuur in het hart van Drenthe weer, zoals in de door Provinciale Staten van Drenthe op 2 juni 2010 vastgestelde Omgevingsvisie, kaart 4 is weergegeven.",Provincie Drenthe,post@drenthe.nl,,,,Team Gis/Cartografie (Provincie Drenthe),"('6.105', '52.601', '7.109', '53.213')",Geen beperkingen,otherRestrictions,,
280c33d5-169f-4ea3-8f7e-330b5b0fe642,service,ISO 19115,WFS,2025-07-21,dut,,CBS Wijken en Buurten 2023 versie 2 WFS,CBS; Wijken; Buurten; Gemeenten; Statistiek; Bevolkingdichtheid; Inwoners; Herkomst; Autos; Huishoudens; Nabijheid,"Het Bestand Wijk- en Buurtkaart 2023 bevat de geometrie van alle gemeenten, wijken en buurten in Nederland met als attribuut een aantal statistische kerncijfers. De begrenzingen van wijken en buurten zijn voor een groot deel gebaseerd op wat de gemeenten aan het CBS doorgeven. De gemeentegrens is afkomstig uit de BRK van het Kadaster. De land-watergrens uit het Bestand Bodemgebruik 2017.",,beheerpdok@kadaster.nl,,,,,"('1.5665', '50.6251', '8.1214', '55.7517')","Naamsvermelding verplicht, organisatienaam (https://creativecommons.org/licenses/by/4.0/deed.nl)",otherRestrictions,,https://service.pdok.nl/cbs/wijkenbuurten/2023/wfs/v1_0?request=GetCapabilities&service=WFS
51f94068-0afd-4b1b-90a4-09e6a18f0e4f,dataset,ISO 19115,WMS; WFS,2024-07-18,dut,,REBIS Bedrijventerreinen 2023,BEDRIJFSECONOMIE; BEDRIJVENTERREINEN; ECONOMIE,Contouren van bedrijventerreinen in de provincie Limburg met statusinformatie. Dit bestand is gebaseerd op informatie aangeleverd door de Limburgse beheerders van bedrijventerreinen (gemeenten/projectontwikkelaars) en verzameld door Etil in opdracht van de Provincie Limburg. Die informatie wordt jaarlijks geactualiseerd door middel van een bedrijventerrein-enquête.,Provincie Limburg,geoloket@prvlimburg.nl,,Roger Vaessens,,Geoloket (Provincie Limburg),"('5.6', '50.766', '6.228', '51.771')",Geen beperkingen (https://creativecommons.org/publicdomain/mark/1.0/deed.nl),otherRestrictions,,https://portal.prvlimburg.nl/geodata/ECONOMIE_BEDRIJVIGHEID/wfs?
ffffffc4-f1c2-55bb-9645-1c637bbe0ad8,dataset,ISO 19115,,2014-09-04,dut,28992,"Ecologische verbinding, globaal (Omgevingsvisie 2014) (historie)",ecologie; ecologische verbinding; omgevingsvisie,"Door Provinciale Staten van Drenthe op 2 juli 2014 vastgestelde versie van Ecologische verbinding, globaal. De provincie Drenthe zet in op grote en goed verbonden gebieden zodat dit  de natuur minder kwetsbaar maakt voor de gevolgen van klimaatverandering. Komt voor in kaart 5: Robuust natuursysteem.",Provincie Drenthe,post@drenthe.nl,,,,Team Gis/Cartografie (Provincie Drenthe),"('6.105', '52.601', '7.109', '53.213')",Geen beperkingen,copyright,,
5439c0ac-4932-4cba-b12e-e8a5f7071300,dataset,ISO 19115,WMS,2025-07-22,dut,,Waterdiepte bij bui hevige neerslag 70 millimeters,klimaat; neerslag,"Deze kaartlaag geeft de waterdiepte in centimeter op het maaiveld weer na een bui van 70 millimeter in 2 uur tijd. Deze bui komt in het huidige klimaat 1 keer per 100 jaar voor. De waterdiepte is geclassificeerd in 5 categorieën, waarbij categorie 1 de kleinste waterdiepte weergeeft en categorie 5 de grootste waterdiepte. Hevige neerslag over een korte periode kan lokaal zorgen voor wateroverlast. Een groot deel van de Nederlandse straten en pleinen kunnen bij hevige buien onder water komen te staan. De meeste schade treedt op wanneer het water (over de stoepen) gebouwen instroomt. Ook zijn er gezondheidsrisico’s als er vervuild water op straat blijft staan: bij gemengde riolen kan regenwater zich mengen met niet-gezuiverd water.",Provincie Overijssel,kennishub@overijssel.nl,,,,,"('3.199', '50.732', '7.248', '53.627')",https://creativecommons.org/publicdomain/zero/1.0/deed.nl,otherRestrictions,,
f1d27179-36eb-4376-8048-f51d2eb23a09,dataset,ISO 19115,WMS; WFS,2025-04-14,dut,4258,Nederlands deel PSSA Waddenzee,PSSA Waddenzee; IMO,Nederlands deel Particularly Sensitive Sea Area (PSSA) Waddenzee vastgesteld door IMO,"Ministerie van Defensie, Koninklijke Marine, Dienst der Hydrografie",niet beschikbaar,,,,"Ministerie van Defensie, Koninklijke Marine, Dienst der Hydrografie; Ministerie van Defensie, Koninklijke Marine, Dienst der Hydrografie","('-179.9812', '-66.5184', '179.9791', '-33.0771')",Geen beperkingen (http://creativecommons.org/publicdomain/mark/1.0/deed.nl),otherRestrictions,,https://inspire1.bathy.online/geoserver/pssa_nl/ows?service=WFS&version=2.0.0&request=GetCapabilities
ab7d12bf-626d-46a9-a7a2-918cdeb0e116,service,ISO 19115,WMS,2024-08-08,dut,,CBS Gebiedsindelingen 1999 WMS,Statistische eenheden; Gebiedsindeling; Gemeente; Landsdeel; Provincie; Buurt; COROP-gebied; GGD-regio; NUTS3; NUTS1; NUTS2; Wijk; Grootstedelijke aglomeratie; Stadsgewest; COROP-plusgebied; COROP-subgebied; Landbouwgebied; Landbouwgroep; RPA-gebied; Toeristengroep; Toeristengebied; Arrondissementsgebied; Brandweerregio; Kamer van Koophandelregio; Politieregio; Regionale Eenheid; Veiligheidsregio; Zorgkantoorregio; Arbeidsmarktregio; Jeugdregio,Deze service bevat de CBS Gebiedsindelingen van 1999. De volgende gebiedsindelingen kunnen voorkomen: Gemeente Landsdeel Provincie Buurt COROP-gebied GGD-regio NUTS1 NUTS2 NUTS3 Wijk COROP-plusgebied COROP-subgebied Landbouwgebied Landbouwgroep RPA-gebied Toeristengroep Toeristengebied Arrondissementsgebied KamervanKoophandelregio Regionale-Eenheid Veiligheidsregio Veiligthuisregio Zorgkantoorregio Arbeidsmarktregio Regioplus-arbeidsmarktregio Jeugdregio Ressort RES-regio Regionaalmeldcoördinatiepunt Regionale-energiestrategie SubRES-regio,,beheerpdok@kadaster.nl,,,,,"('1.086', '50.5622', '8.4677', '55.8094')","Naamsvermelding verplicht, organisatienaam (https://creativecommons.org/licenses/by/4.0/deed.nl)",otherRestrictions,,
ed851977-4119-46ad-bcf0-6756907b777e,dataset,ISO 19115,WMS; WFS,2023-12-04,dut,,Natuurbeheerplan 2024 - Beheergebied,AGRARISCH NATUURBEHEER; BEGRENZINGENPLANNEN; BEHEERSGEBIEDSPLANNEN; NATUURONTWIKKELING; SUBSIDIES; Downloadable Data,"Het Natuurbeheerplan (NBP) is het provinciaal plandocument waarin op basis van een afgestemde ambitie de overeengekomen doelen op het gebied van (agrarisch) natuur- en landschapsbeheer zijn vastgelegd.  De beheerkaart geeft alle bestaande, beheerwaardige (agrarische) natuur en landschap weer met de benamingen volgens de landelijk uniforme systematiek van de Index Natuur en Landschap. Met de beheertypenkaart stimuleert de provincie de instandhouding van de op die kaart aangegeven en begrensde beheertypen.",Provincie Groningen,geoportaal@provinciegroningen.nl,,Datateam Beleid,,Datateam Beleid (Provincie Groningen),"('6.158163', '52.858623', '7.241399', '53.580351')",Geen beperkingen (https://creativecommons.org/publicdomain/mark/1.0/deed.nl),otherRestrictions,,https://geoservices.provinciegroningen.nl/server/services/LandelijkGebied/Natuur/MapServer/WFSServer?request=GetCapabilities
f56b66b4-d7e9-4665-aa31-8a165d2a53fe,dataset,ISO 19115,,2025-02-10,dut,28992,Pandemische Paraatheid en Gedrag monitor,"gedragsonderzoek, pandemische paraatheid","In de vragenlijstmonitor Pandemische Paraatheid en Gedrag meten we twee keer per jaar variabelen die relevant (kunnen) zijn voor de voorbereiding op, en tijdens, een pandemie. Het gaat hierbij om vragen over gedrag, gezondheid, en factoren die gedrag en gezondheid beïnvloeden.

De data wordt verzameld in het LISS Panel van Centerdata. De data is vanaf 12 maanden na dataverzameling beschikbaar via het LISS Data Archive.

Meer informatie over het project Pandemische Paraatheid en Gedrag:
https://www.rivm.nl/gedragsonderzoek/pandemische-paraatheid",Rijksinstituut voor Volksgezondheid en Milieu,gedrag.en.gezondheid@rivm.nl,,,,Rijksinstituut voor Volksgezondheid en Milieu; Rijksinstituut voor Volksgezondheid en Milieu,"('3.37087', '50.7539', '7.21097', '53.4658')","Niet Commercieel, Geen Afgeleide Werken, Naamsvermelding verplicht, organisatienaam (http://creativecommons.org/licenses/by-nc-nd/4.0/deed.nl)",otherRestrictions,,
26873178-a9ca-595e-b9b2-ca8d1b8de893,dataset,ISO 19115,,2014-07-16,dut,28992,Badzones zwemplassen Drenthe (historisch),waterkwaliteit; zwemplas,"Dit bestand geeft de badzones, behorend bij de zwemplassen in Drenthe in het kader van handhaving WHVBZ (Wet Hygiene en Veiligheid van Bad- en Zweminrichtingen) weer.",Provincie Drenthe,post@drenthe.nl,,,,Team Gis/Cartografie (Provincie Drenthe),"('6.105', '52.601', '7.109', '53.213')",Geen beperkingen,copyright,,
384ccece-53ac-4507-8d8d-6ea555096eb2,dataset,ISO 19115,,2025-07-01,eng,,"Dutch Offshore Wind Atlas - daily files at 10-600 meter height of all 2,5 km grid points for 2018",Wind; Dutch Offshore Wind Atlas; DOWA; Wind energy; Climate,"This dataset contains an extension for 2018 of the the Dutch Offshore Wind Atlas (DOWA). DOWA is validated wind climatology (and information on temperature, pressure and relative humidity) based on 10 years (2008-2017) of model data: weather model HARMONIE-AROME is nested in re-analyses ERA5. Note: the proj4 string in the NetCDF file is incorrect. It should be: +proj=lcc +lat_1=52.500000 +lat_2=52.500000 +lat_0=52.500000 +lon_0=.000000 +k_0=1.0 +x_0=-92963.487426 +y_0=230383.739533 +a=6371220.000000 +b=6371220.000000",Koninklijk Nederlands Meteorologisch Instituut (KNMI),opendata@knmi.nl,,,,Koninklijk Nederlands Meteorologisch Instituut (KNMI); Koninklijk Nederlands Meteorologisch Instituut (KNMI); Koninklijk Nederlands Meteorologisch Instituut (KNMI),"('1.3114', '50.1823', '8.2222', '54.7358')",https://creativecommons.org/licenses/by/4.0/deed.nl,otherRestrictions,,
712b6d32-78b7-5767-b262-b575e67a708f,,ISO 19115,,2008-11-11,dut,28992,"Korstmos, 2004 ammoniakminnend (historie)",ammoniak; korstmossen; natuur,De NIW (Nitrofiele Indicatie Waarde) is een maat voor de ammoniakbelasting en is gebaseerd op het voorkomen van ammoniakminnende korstmossen. Hoge waarden geven aan waar het milieu sterk verontreinigd is.,Provincie Drenthe,post@drenthe.nl,,,,Team Gis/Cartografie (Provincie Drenthe),"('6.105', '52.601', '7.109', '53.213')",Geen beperkingen,copyright,,
6dfe620e-1723-5405-9e53-0e1cf7c9a42a,dataset,ISO 19115,,2012-09-25,dut,28992,"Dwingelderveld, molen (historie)",landschap; natuur,Dit bestand geeft de in het Dwingelderveld gelegen molens weer.,Provincie Drenthe,post@drenthe.nl,,,,Team Gis/Cartografie (Provincie Drenthe),"('6.105', '52.601', '7.109', '53.213')",Geen beperkingen,copyright,,
940bfafd-7c9e-4b9b-aa63-fb7c45717d00,dataset,ISO 19115,WMS,2022-12-16,dut,28992,Stikstofdioxide 2017 (NO2),NO2; stikstofdioxide; model; luchtkwaliteit; gezondheid,Deze kaart toont de gemodelleerde concentratie stikstofdioxide (µg NO2/m³) voor 2017 op basis van rekenpunten uit de monitoringstool van het nsl. Deze vlakdekkende kaart van Nederland heeft een resolutie van 25 meter.,Atlas Leefomgeving,atlasleefomgeving@rivm.nl,,,,,"('2.9384090107371654', '50.69124495110863', '7.3896774891517225', '53.642935777862114')",Geen beperkingen,otherRestrictions,,
72d10336-4d8a-4138-8067-ab08dca0b41b,dataset,ISO 19115,,2024-03-22,dut,,EKRW_lijn,Hydrografie; Regionaal; HDSR,Kader Richtlijn Water waterlichaam een lijn-eenheid waarop getoetst moet worden of er aan de (KRW) doelstellingen voldaan wordt.,Hoogheemraadschap De Stichtse Rijnlanden,gisspecialistenOSA@hdsr.nl,https://data-hdsr.opendata.arcgis.com/,,,Afdeling GIS (Hoogheemraadschap De Stichtse Rijnlanden),"('3.245', '50.673', '7.576', '53.567')",Geen beperkingen (http://creativecommons.org/publicdomain/zero/*/deed.nl),otherRestrictions,,
f08b421f-1ebb-4f74-85e6-fc401577d4e7,dataset,ISO 19115,WMS; WMTS,2025-04-03,dut,28992,"Luchtfoto Beeldmateriaal 2025 5cm / 7,5cm infrarood open data",Landelijke voorziening beeldmateriaal; LVB; Beeldmateriaal; Luchtbeelden; Luchtfoto; Orthofoto; Ortho; OrthoHR; OrthoHRIR; OrthoHRCIR; Orthofotomozaïek; Orthofotomozaiek; Mozaïek; Mozaiek; Hoge resolutie; HR; Infrarood; CIR; Open data CC-BY,"De orthofotomozaïeken zijn een samenstelling van afzonderlijke infrarood orthofoto's, in principe van de centrale gedeelten van iedere orthofoto. Daardoor is de omvalling in de mozaïeken zo klein mogelijk gehouden. De orthomozaïeken zijn landsdekkend. Deze luchtfoto's zijn beschikbaar als open data.
			
			Jaargang 2025 is het eerste jaar van project Beeldmateriaal 6. Belangrijk kenmerk van dit project is de geïntegreerde inwinning in een deel van Nederland van de hoge resolutie luchtfoto’s en LiDAR-data ten behoeve van het Actueel Hoogtebestand Nederland. Als gevolg van de daaruit voortvloeiende technische eisen in combinatie met de beschikbare opnamesystemen worden deze luchtfoto’s met een resolutie van 5 centimeter ingewonnen. In 2025 betreft dit de percelen 3, 4 en 5 in bijgevoegd kaartje. Voor de rest van Nederland geldt een resolutie van 7,5 centimeter (in de webservices 8 centimeter).",Kadaster,dpi-gi@kadaster.nl,https://nationaalgeoregister.nl/geonetwork/srv/dut/catalog.search#/metadata/d7a395a2-8673-4794-a5a6-fed6492cd580,,,"Directie Operatie, Dienstverlening en Registratie, afdeling Data-, Proces- en Informatiemanagement (Kadaster); Contact (Het Waterschapshuis); Klantcontactcenter (Kadaster)","('3.30', '50.73', '7.24', '53.60')","Naamsvermelding verplicht, Beeldmateriaal.nl (http://creativecommons.org/licenses/by/4.0/deed.nl)",otherRestrictions,,
7518f15d-cd52-4402-b4cd-33e982b0ade7,dataset,ISO 19115,,2024-03-22,dut,,DAMO_W.VasteDam,Hydrografie; Regionaal; HDSR,"Dwars door een water gelegen afsluiting, bedoeld om water te keren of te beheersen.",Hoogheemraadschap De Stichtse Rijnlanden,gisspecialistenOSA@hdsr.nl,https://data-hdsr.opendata.arcgis.com/,,,Afdeling GIS (Hoogheemraadschap De Stichtse Rijnlanden),"('3.245', '50.673', '7.576', '53.567')",Geen beperkingen (http://creativecommons.org/publicdomain/zero/*/deed.nl),otherRestrictions,,
9ff7e9e1-cf7d-40cb-9efa-3a06b8aa4e40,service,ISO 19115,WMS,2023-09-02,dut,25832; 4258; 4326,"INSPIRE Gecontroleerde klimatologische daggegevens, Potential evapotranspiration (Makkink) (in 0.1 mm)",infoMapAccessService,"INSPIRE Gecontroleerde klimatologische daggegevens, Potential evapotranspiration (Makkink) (in 0.1 mm)",Koninklijk Nederlands Meteorologisch Instituut (KNMI),opendata@knmi.nl,,,,KNMI Datacentrum (Koninklijk Nederlands Meteorologisch Instituut (KNMI)); KNMI Datacentrum (Koninklijk Nederlands Meteorologisch Instituut (KNMI)),"('3.20', '50.60', '7.40', '53.70')",no limitations to public access (http://inspire.ec.europa.eu/metadata-codelist/LimitationsOnPublicAccess/noLimitations),otherRestrictions,,
8aa2ad41-1a92-58f5-929f-baa584916327,dataset,ISO 19115,,2008-11-13,dut,28992,Natuurdoeltype Drenthe 2002 (historie),gebiedsvisie; natuur; natuurdoeltype,"Gewenste natuurdoeltypen van bestaande en nieuwe natuurgebieden overeenkomstig de gebiedsvisies van de Provincie Drenthe, te weten: Noordenveld, Smilde, Drentse Aa, Hunze / Veenkolonien, Vledder- en Wapserveense Aa, Oude Vaart, Middenveld / Oude Diep, Geeser-, Wester- en Sleenerstroom, Reest / Hollandscheveld en de Zuidoostdrentse veengebieden, situatie 2002.De natuurdoeltypen zijn gecorrigeerd per juli 2002 (Van enkele gebiedsvisies zijn de natuurdoeltypen op een grover schaalniveau dan 1:10.000 geklassificeerd.)De natuurdoeltypen zijn een streefbeeld voor de realiseringstermijn (tot 2018) van de Ecologische Hoofdstructuur van de provincie Drenthe.",Provincie Drenthe,post@drenthe.nl,,,,Team Gis/Cartografie (Provincie Drenthe),"('6.105', '52.601', '7.109', '53.213')",Geen beperkingen,copyright,,
a2299e9d-9bb8-452c-be12-e3d4877f9bca,dataset,ISO 19115,WMS; WFS,2021-02-15,dut,,Bodemkwaliteitskaart 2020 - PFAS Waterbodem,BODEMKWALITEIT; BAGGER; GRONDBELEID; BODEMKAARTEN; WATER; Downloadable Data,Dit bestand bevat de waterbodem PFAS. De waterschappen hebben voor deze nieuwe stofgroep (PFAS) een waterbodemkwaliteitskaart opgesteld en de achtergrondwaarden voor deze stoffen berekend. Hiermee sluit deze kaart aan bij de eerder opgestelde waterbodemkwaliteitskaart en kan bespaard worden op kosten en doorlooptijd voor waterbodemonderzoek.,Provincie Groningen,geoportaal@provinciegroningen.nl,,,,Afdeling iNFO (Provincie Groningen),"('6.158', '52.837', '7.245', '53.582')",Geen beperkingen (https://creativecommons.org/publicdomain/mark/1.0/deed.nl),otherRestrictions,,https://geoservices.provinciegroningen.nl/server/services/Milieu/Bodem/MapServer/WFSServer?request=GetCapabilities
51713850-cc7b-5ca1-9c1e-00b05faf524b,dataset,ISO 19115,,2007-05-01,dut,28992,Historische waterschappen 1820-1880 (historie),cultuurhistorie; waterschap,Historische waterschappen 1820-1880. De oprichtingsdatum ligt tussen de genoemde jaartallen.,Provincie Drenthe,post@drenthe.nl,,,,Team Gis/Cartografie (Provincie Drenthe),"('6.105', '52.601', '7.109', '53.213')",Geen beperkingen,copyright,,
0d09b01f-a892-41ca-8dac-5b22fff096ee,service,ISO 19115,WMS,2025-03-14,dut,,CBS Postcode4 statistieken 2020 WMS,Demografie; Postcode; Pc4; Statistiek; Bevolking; Inwoners; Leeftijd; Herkomst; Woningen; Inkomen; Sociale_zekerheid; Woz; Woningeigendom; Huur; Voorziening; Nabijheid; Spreiding_van_de_bevolking,"De WMS service postcode4 statistieken 2020 bevat statistische gegevens voor het numerieke deel van de postcode voor het jaar 2020.

In juni 2023 zijn gegevens over de jaren 2019, 2020 en 2021 aangevuld, het jaar 2022 is toegevoegd. Deze jaren bevatten nu gegevens over demografie, wonen, energie, inkomen, sociale zekerheid, nabijheid van voorzieningen en dichtheid voor over beschikbaar.

Lees voor meer informatie:
https://www.cbs.nl/nl-nl/longread/diversen/2023/statistische-gegevens-per-vierkant-en-postcode-2022-2021-2020-2019",,beheerpdok@kadaster.nl,,,,,"('1.086', '50.5622', '8.4677', '55.8094')","Naamsvermelding verplicht, organisatienaam (https://creativecommons.org/licenses/by/4.0/deed.nl)",otherRestrictions,,
caeb52a3-cbaa-4e9b-a23e-d4dc0335b506,service,ISO 19115,WFS,2025-03-14,dut,,CBS Wijken en Buurten 2020 versie 3 WFS,cbs; wijken; buurten; gemeenten; statistiek; bevolkingdichtheid; inwoners; herkomst; autos; huishoudens; nabijheid,"Het Bestand Wijk- en Buurtkaart 2020 bevat de geometrie van alle gemeenten, wijken en buurten in Nederland met als attribuut een aantal statistische kerncijfers. De begrenzingen van wijken en buurten zijn gebaseerd op wat de gemeenten aan het CBS doorgeven. De gemeentegrens is afkomstig uit de BRK van het Kadaster. De land-watergrens uit het Bestand Bodemgebruik 2017. Deze derde versie bevat de meeste kerncijfers. Hierna volgt geen update meer.",,beheerpdok@kadaster.nl,,,,,"('2.6238', '50.6389', '7.7939', '53.6529')",Geen beperkingen (https://creativecommons.org/publicdomain/mark/1.0/deed.nl),otherRestrictions,,https://service.pdok.nl/cbs/wijkenbuurten/2020/wfs/v2_0?request=getcapabilities&service=wfs
81C936A51F4A5032E053D2041EACF6F9,dataset,ISO 19115,,2018-10-05,dut,28992,Natura2000 Beheerplannen - Maatregelen Historisch (vlakken) (historie),locaties,Historische maatregelen (vlakken) is als kaart(of een onderdeel van een kaart) opgenomen in het beheerplan natura 2000. In de attributen tabel is terug te vinden over welk gebied het gaat en wanneer het beheerplan is vastgesteld.,Provincie Drenthe,post@drenthe.nl,,,,Team Gis/Cartografie (Provincie Drenthe),"('6.105', '52.601', '7.109', '53.213')",Geen beperkingen,otherRestrictions,,
8b29a478-582c-515a-9b3c-e4835d8603ef,dataset,ISO 19115,,2003-03-12,dut,28992,"POP-2, Bos (voorontwerp) (historie)",bos; ruimtelijke ordening,"Bosfunctie. Voorontwerp functiekaart, Provinciaal Omgevingsplan Drenthe. POPII, kaart 1.",Provincie Drenthe,post@drenthe.nl,,,,Team Gis/Cartografie (Provincie Drenthe),"('6.105', '52.601', '7.109', '53.213')",Geen beperkingen,copyright,,
bbdb3540-95c2-4e5b-af93-79cfdbcc14d6,dataset,ISO 19115,WMS; WFS,2023-12-28,dut,,NatuurNetwerk Nederland - beheer aanpassingsgebieden (Omgevingsverordening),NATUURGEBIEDEN; PROVINCIALE VERORDENINGEN; NATUUR; LANDBOUW; NATUUR NETWERK NEDERLAND; OMGEVINGSWET; Downloadable Data,Dit bestand bevat NatuurNetwerk Nederland (NNN)-beheer aanpassingsgebieden zoals vastgesteld in de Omgevingsverordening provincie Groningen.  Gedeputeerde Staten zijn - als de hydrologische situatie of de realiseerbaarheid dan wel de effectiviteit van het agrarisch natuurbeheer daartoe aanleiding geeft - bevoegd de begrenzing van de NNN-Beheer aanpassingsgebieden te wijzigen en geheel of gedeeltelijk te laten vervallen.,Provincie Groningen,geoportaal@provinciegroningen.nl,,,,Datateam Beleid (Provincie Groningen),"('6.434009', '53.222393', '6.570795', '53.322956')",Geen beperkingen (https://creativecommons.org/publicdomain/mark/1.0/deed.nl),otherRestrictions,,https://geoservices.provinciegroningen.nl/server/services/Beleidsplannen/Omgevingsverordening/MapServer/WFSServer?request=GetCapabilities
61658328-2a74-5d36-8fb4-3495ba972cfd,dataset,ISO 19115,,2008-11-13,dut,28992,"Natuurdoeltype 2007, beek (historie)",EHS bruto; EHS netto; essen; natuur; natuurdoeltype,"Actualisatie van gewenste natuurdoelen van bestaande en nieuwe gebieden met speciale natuurfunctie. G.S. 24 april 2007.

De natuurdoeltypen zijn doelen voor de realiseringstermijn (tot 2018) van de Ecologische Hoofdstructuur van de provincie Drenthe. POPII, kaart G. geeft de stand van zaken 2004 weer.",Provincie Drenthe,post@drenthe.nl,,,,Team Gis/Cartografie (Provincie Drenthe),"('6.105', '52.601', '7.109', '53.213')",Geen beperkingen,copyright,,
6bd2d662-1443-4f90-be2a-af4b2520338a,dataset,ISO 19115,WMS; WFS,2012-05-03,dut,28992,Cultuurhistorie - Oude Paden Nieuwe Wegen (kaart 1979),CULTUURHISTORIE; RECREATIE; WANDELPADEN; LANDSCHAPSONTWIKKELING,"Het project Oude paden – Nieuwe wegen is in 2006 van start gegaan en afgerond in 2009. Het is een samenwerkingsverband tussen Steunpunt Monumentenzorg Fryslân, Landschapsbeheer Friesland, Doarpswurk, Plattelânsprojekten van de Provincie Fryslân, het Keuning Instituut en het Lectoraat Plattelandsvernieuwing van Van Hall Larenstein.
Deze kaart toont de historische paden in Friesland. De paden zijn onderverdeeld in 7 categorieën, te weten: 1 = verdwenen pad; 2 = verharde weg; 3 = verhard fiets-voetpad; 4 = onverhard fiets-voetpad; 5 = puinreed; 6 = onverharde reed; 7 = landschapspad",provincie Fryslân,provincie@fryslan.frl,,,,,"('5.313', '52.799', '6.405', '53.419')",http://creativecommons.org/publicdomain/mark/1.0/deed.nl,otherRestrictions,,https://geoportaal.fryslan.nl/arcgis/services/ProvinciaalGeoRegister/PGR2/MapServer/WFSServer?
9740d061-f553-4a03-95c6-3ab1ddb54387,dataset,ISO 19115,WMS; WFS,2024-07-04,dut,28992,Watererfgoed,watererfgoed; erfgoed; cultuur; cultuurhistorisch; monument; kunstwerk,"Bescherming van watererfgoed
Inleiding  
Het waterschap heeft tientallen uit de 19e en 20e eeuw stammende eigendommen zoals sluizen, gemalen en molens. Deze objecten zijn, naast hun functie voor het waterbeheer, ook waardevol vanuit cultuurhistorisch oogpunt. Hunze en Aa’s wil zich bij de uitvoering van het waterbeheer actief inzetten voor het behoud van dit watererfgoed. De nadruk ligt daarbijop objecten die een duidelijke functie voor het waterbeheer hebben. 
Inventarisatie en waardering 
De monumentenadviesorganisaties in Drenthe en Groningen, Libau en Drents Plateau, hebben alle cultuurhistorische waterschapsobjecten in kaart gebracht. In totaal gaat het om zo’n 60 objecten, waarvan er 17 rijksmonument zijn. Elk object is gewaardeerd en ingedeeld in een categorie hoog, middel of laag. 
Bij de waardering is onder meer gekeken naar de civieltechnische, cultuurhistorische en beeldbepalende waarden. 
Bescherming  
De instandhoudingszorg door het waterschap is gekoppeld aan de categorie-indeling. Als bijvoorbeeld een sluis in de categorie hoog valt, dan betekent dit dat de bestaande beeldkenmerken worden behouden. Als een sluis in de categorie middel valt dan kunnen bestaande beeldkenmerken worden gewijzigd, zonder dat de essentie daarvan wordt aangetast. Objecten in de categorie laag kunnen zonder meer worden aangepast en vernieuwd, bijvoorbeeld door een sluis ook qua uiterlijk te moderniseren. Van historische objecten zonder waterschapsfunctie wordt maximaal één exemplaar in tact gehouden, tenzij het om monumenten gaat. Dat soort objecten wordt altijd beschermd. De zorg van het waterschap gaat overigens niet zover dat objecten - waarvan (historische) onderdelen ontbreken - in hun oorspronkelijke staat worden hersteld. 
Uiteraard heeft het waterschap oog voor bijzondere objecten die momenteel niet tot het watererfgoed behoren. Dit geldt bijvoorbeeld voor objecten die nog relatief jong zijn maar wel een hoge (potentiële) cultuurhistorische waarde hebben. Het waterschap streeft ernaar ook die waarden zoveel mogelijk in tact te laten.",Waterschap Hunze en Aa's,gis_info@hunzeenaas.nl,,,,Waterschap Hunze en Aa's; Waterschap Hunze en Aa's,"('6.274500417904351', '52.6482562858353', '7.570597529185045', '53.47291066142737')",Geen beperkingen,otherRestrictions,,https://opendata.hunzeenaas.nl/geoserver/wfs
4a51ce1b-c494-4957-bb3f-a78c6b043243,dataset,ISO 19115,WMS,2025-02-14,dut,28992,Functies van gebouwen,woningen,Deze kaart toont de gebruiksdoelen van panden uit de BAG. Bij panden met meerdere adressen wordt de meest voorkomende functie getoond. De gegevens zijn afkomstig uit de BAG. De kaart wordt één keer per maand geactualiseerd.,Atlas leefomgeving,atlasleefomgeving@rivm.nl,,Rivm,,,"('3.37087', '50.7539', '7.21097', '53.4658')",Geen beperkingen (http://creativecommons.org/publicdomain/mark/1.0/deed.nl),otherRestrictions,,
36eac019-2af7-53eb-a0fa-7df6ec3dee47,dataset,ISO 19115,WMS; WFS,2022-06-02,dut,28992,Gedraineerde percelen,beregenen; beregeningsput; drainage; LTO Noord; Natura 2000; Natuur en Milieufederatie Drenthe; natuurbeschermingswet; Natuurmonumenten; onderzoekszone; Staatsbosbeheer; Stichting het Drentse Landschap,Aangemelde percelen met drainage naar aanleiding van nieuw beleid (april 2016) t.a.v. de aanleg van drainagebuizen en het slaan van beregeningsputten.,Provincie Drenthe,post@drenthe.nl,,,,Team Gis/Cartografie (Provincie Drenthe),"('6.105', '52.601', '7.109', '53.213')",Geen beperkingen,otherRestrictions,,https://kaartportaal.drenthe.nl/server/services/GDB_actueel/GBI_NAT_N2K_DRAIN_PERC_V/MapServer/WFSServer
7769cb2f-b31b-5f50-a532-b68d9c92a01c,dataset,ISO 19115,WMS; WFS,2024-10-04,dut,28992,Geopark De Hondsrug,cultuurhistorie; geologie; geopark; geosites; Hondsrug; hunebed; ijstijd; prehistorie; veenmoeras,"Dit bestand geeft de begrenzing weer van het Geopark De Hondsrug. Het beslaat een groot deel van Oost- en Midden-Drenthe, van de provinciegrens in het noorden naar het zuiden (Emmen en Coevorden), en van Assen naar Nieuw-Buinen. Ook het Hunzedal en het Nationaal Park Drentsche Aa behoren tot het Geopark de Hondsrug. Onderdelen van het gebied, zoals het Drouwenerzand zijn dermate waardevol dat ze zijn aangewezen als Natura 2000-gebied.",Provincie Drenthe,post@drenthe.nl,,,,Team Gis/Cartografie (Provincie Drenthe),"('6.0848', '52.58', '7.1588', '53.2338')",Geen beperkingen,copyright,,https://kaartportaal.drenthe.nl/server/services/GDB_actueel/GBI_CHK_GEOPARK_GRENS_V/MapServer/WFSServer
d6ea8647-a581-5571-882d-03cbef46b6c1,GIS dataset,ISO 19115,WMS; WFS,2024-02-09,dut,28992,Provinciale Omgevingsverordening 2023 - Spuitvrije zone Drentsche Aa,Drentsche Aa; gewasbeschermingsmiddelen; grondwater; grondwaterbescherming; locaties; omgevingsverordening,"Op de kaart van Drenthe staan de spuitvrije zones Drentsche Aa aangegeven. Er zijn twee werkingsgebieden, omdat het ene werkingsgebied betrekking heeft op het oppervlaktewater zelf (grondwaterbeschermingsgebied Drentsche Aa), terwijl het andere werkingsgebied (de spuitvrije zone) betrekking heeft op de oever. Dit is zo geregeld om overeen te stemmen met de Provinciale omgevingsverordening Drenthe 2018.",Provincie Drenthe,post@drenthe.nl,,,,Team Gis/Cartografie (Provincie Drenthe),"('6.105', '52.601', '7.109', '53.213')",Geen beperkingen,otherRestrictions,,https://kaartportaal.drenthe.nl/server/services/GDB_actueel/GBI_POV2023_GWBESCH_DRAA_SPTVRIJ_V/MapServer/WFSServer?SERVICE=WFS&REQUEST=GetCapabilities
d7d19437-f875-45b3-86cd-2fa3335479ec,service,ISO 19115,WFS,2025-03-20,dut,3035,Nationale Parken (INSPIRE geharmoniseerd) WFS,WFS; infoMapAccessService\@vocabulary=ISO\;; infoFeatureAccessService; Beschermde gebieden,INSPIRE view en downloadservice ProtectedSites,Beheer PDOK,beheerPDOK@kadaster.nl,,,,Beheer PDOK (Beheer PDOK),"('2.7383', '50.6633', '7.6448', '53.6501')",Geen beperkingen (http://creativecommons.org/publicdomain/mark/1.0/deed.nl),otherRestrictions,,https://service.pdok.nl/rvo/beschermde-gebieden/nationaleparken/wfs/v1_0?request=GetCapabilities&service=WFS
ffffff9a-615e-5abf-bb85-0c9ad8c61850,dataset,ISO 19115,WMS; WFS,2022-06-01,dut,28992,Mogelijk voorkomen keileem,beleidsinstrument; bodem; grondwaterstand; landbouw; landbouwgrond; waterhuishouding,"Dit is de maximale begrenzing (verbreiding) van keileem in Drenthe. Buiten de begrenzing van de keileem op deze kaart is de keileem niet aanwezig. Binnen de begrenzing van de keileem op deze kaart kan keileem in de ondergrond worden aangetroffen, dit kan echter alleen met zekerheid worden gezegd op de plekken waar daadwerkelijk een boring heeft plaatsgevonden en keileem is aangetroffen. Deze dataset is een interpolatie van de boringen uit de dataset ""Voorkomen keileem (boringen)"".",Provincie Drenthe,post@drenthe.nl,,,,Team Gis/Cartografie (Provincie Drenthe),"('4.4552947', '52.3348457', '7.135964', '53.388444')",Geen beperkingen,otherRestrictions,,https://kaartportaal.drenthe.nl/server/services/GDB_actueel/GBI_KEILEEM_MOGELIJK_V/MapServer/WFSServer
bd1f399a-81af-4568-ae6c-a2d4453e1522,dataset,ISO 19115,WFS; WMS,2025-03-20,dut,,Elektronische meetpunten,autoverkeer; verkeersintensiteiten; wegverkeer; mobiliteit; verkeersmobiliteit,Dit bestand bevat de locaties van elektronische meetpunten op provinciale wegen in Overijssel. Deze locaties zijn onderverdeeld naar permanente meetpunten en periodieke meetpunten. Op basis van elektronische meetlussen op de provinciale wegvakken buiten de bebouwde kom worden motorvoertuig- en vrachtverkeersintensiteiten gemeten en berekend naar gemiddelde jaarcijfers op werkdagen (maandag tot en met vrijdag).,Provincie Overijssel,kennishub@overijssel.nl,,,,,"('5.835', '52.127', '7.049', '52.831')",https://creativecommons.org/publicdomain/zero/1.0/deed.nl,otherRestrictions,,https://services.geodataoverijssel.nl/geoserver/B22_wegen/wfs
d37a9a91-9850-4f08-9e28-c343f0620dd7,dataset,ISO 19115,WMS,2025-02-27,dut,28992,Roet (EC) 2022,ec; roet; luchtkwaliteit; model; gezondheid,"Deze kaart is gemaakt door de roetconcentratie op zo’n 10 miljoen locaties in Nederland te interpoleren naar een landsdekkend rasterbestand met een resolutie van 25x25 meter. 

Er zijn drie soorten locaties gebruikt. Het grootste deel bestaat uit adreslocaties. Daarnaast zijn het nsl-toetspuntlocaties (langs de wegen) en locaties in het buitengebied (waar geen huizen en wegen aanwezig zijn). 

Om de concentratie op deze locaties te berekenen, zijn gegevens vanuit het Centraal Instrument Monitoring Luchtkwaliteit (CIMLK; voorheen NSL), en de grootschalige Concentratiekaart Nederland (GCN; resolutie 1x1 kilometer) gebruikt. 

De concentraties op adreslocaties en nsl-toetspuntlocaties zijn berekend met behulp van de CIMLK gegevens. De concentraties in het buitengebied zijn berekend met de GCN gegevens.",Atlas Leefomgeving,atlasleefomgeving@rivm.nl,,,,,"('3.37087', '50.7539', '7.21097', '53.4658')",Geen beperkingen (http://creativecommons.org/publicdomain/mark/1.0/deed.nl),otherRestrictions,,
ad84221b-f210-4d83-b458-1bd9580e31d8,dataset,ISO 19115,WFS; WMS,2022-04-29,dut,,Werkingsgebied - Milieucontour industrieterrein van provinciaal belang,ruimtegebruik; ruimtelijke ordening,"Deze werkingsgebied maakt onderdeel uit van Omgevingsverordening NH2020, vastgesteld op 16-11-2020 (besluitnr.: 1477251/1478383). Het plan is te raadplegen op ruimtelijkeplannen.nl via deze link:  https://www.ruimtelijkeplannen.nl/viewer/view?planidn=NL.IMRO.9927.POVPNH-VG01  Meer informatie over deze werkingsgebied is te lezen in artikel(en): 6.20",Provincie Noord-Holland,kaartendata@noord-holland.nl,,,,,"('4.551', '52.374', '4.897', '52.518')",Geo Gedeeld licentie (http://creativecommons.org/publicdomain/mark/1.0/deed.nl),otherRestrictions,,https://geoservices.noord-holland.nl/ags/services/oi_dataservice_povnh2020/MapServer/WFSServer?request=GetCapabilities&service=WFS
ffffffd2-ee4e-5b72-8e62-36753a39fc6e,dataset,ISO 19115,,2011-01-01,dut,28992,"EHS, globale begrenzing (OGV, 2010) (historie)",omgevingsvisie,"Om natuurwaarden te borgen en te ontwikkelen streeft het Rijk naar realisatie van een samenhangend netwerk van kwalitatief hoogwaardige natuurgebieden: de Ecologische Hoofdstructuur (EHS). In 2018 moet de EHS gerealiseerd zijn. De ecologische hoofdstructuur is een samenhangend netwerk van bestaande en nog te ontwikkelen belangrijke natuurgebieden. Deze vormen de basis voor het natuurbeleid. Vervolgens bestaat de ecologische hoofdstructuur weer uit kerngebieden. De uitwisseling van dieren tussen verschillende kerngebieden verloopt via ecologische verbindingszones. Ecologische verbindingszones verbinden belangrijke natuurgebieden met elkaar. Ook zorgen ze ervoor dat dieren zich vrij van gebied naar gebied kunnen verplaatsen. Een onderdeel in het stelsel (van de EHS) zijn de robuuste verbindingen. Deze verbindingen zijn bedoeld om de ruimtelijke samenhang en ecologische kwaliteit binnen de EHS te versterken, maar kunnen ook bijdragen aan andere functies. Het huidige EHS-beleid, zoals dat staat in de Omgevingsvisie, de Ecologische verbindingszones en de Robuuste verbindingen (vermeld op kaart 4 van de OGV) wordt voortgezet.",Provincie Drenthe,post@drenthe.nl,,,,Team Gis/Cartografie (Provincie Drenthe),"('6.105', '52.601', '7.109', '53.213')",Geen beperkingen,otherRestrictions,,
8361419c-cbce-4bf2-bda2-103abf34aa65,dataset,ISO 19115,WMS,2022-05-25,dut,28992,Aantal kinderen per km2 in oudere basisscholen,lood; leiding; gezondheid; blootstelling; kinderen; scholen,"Op de kaart ziet u het aantal kinderen per km2 dat in oudere basisscholen verblijft en daardoor mogelijk aan meer lood staat blootgesteld.

Vóór 1945 zijn in panden vooral loden drinkwaterleidingen aangelegd. Ongeveer vanaf 1960 is hiermee gestopt. De drinkwaterbedrijven hebben de waterleidingen buitenshuis in de periode 1995-2002 merendeels vervangen. Voor leidingen binnenshuis zijn huiseigenaren zelf verantwoordelijk. In oudere panden bestaat daarom de kans dat er nog loden leidingen aanwezig zijn.",Atlas Leefomgeving,atlasleefomgeving@rivm.nl,,,,,"('3.37087', '50.7539', '7.21097', '53.4658')",geen beperkingen,otherRestrictions,,
2019dd75-4fb7-4397-ba9f-7e3d719eba41,dataset,ISO 19115,,2024-11-25,dut,28992,Digitaal terrein bestand punten (Borden),provinciale wegen; topografische kaarten; wegbeheer; wegen,DTB met filter op objectcode 811 tot en met 819,Provincie Noord-Brabant,geo@brabant.nl,,,,,"('4.163', '51.260', '5.974', '51.826')",geen beperkingen,otherRestrictions,,
903b4b70-2f44-4c50-8f95-6873573b15de,dataset,ISO 19115,WMS; WFS,2023-04-12,dut,,NNN-natuurgebieden (Omgevingsvisie 2016-2020),NATUURGEBIEDEN; NATUUR; NATUUR NETWERK NEDERLAND; LANDBOUWGRONDEN; STRUCTUURPLANNEN; Downloadable Data,"Dit bestand bevat NNN-natuurgebieden zoals vastgesteld in de Omgevingsvisie provincie Groningen 2016-2020. NNN-natuurgebieden zijn bestaande natuurgebieden of nog te ontwikkelen natuurgebieden, die liggen binnen de begrenzing van het Natuurnetwerk. Een deel van de nog te ontwikkelen natuurgebieden is nu landbouwgrond. Ons beleid is er op gericht deze landbouwgronden op vrijwillige basis aan te kopen of met subsidie voor functieverandering om te vormen naar natuur en ze vervolgens opnieuw in te richten. Dit beleid is verder uitgewerkt in de Nota Grondbeleid van de provincie Groningen. Volgens planning is het Groningse deel van het Natuurnetwerk in 2027 voltooid, waarmee in totaal 9.800 hectare nieuwe natuur ontwikkeld zal zijn. De begrenzing van het Natuurnetwerk en regels ter bescherming van het Natuurnetwerk hebben wij vastgelegd in de Omgevingsverordening.",Provincie Groningen,geoportaal@provinciegroningen.nl,,,,Datateam Beleid (Provincie Groningen),"('6.158161', '52.858513', '7.241422', '53.580351')",Geen beperkingen (https://creativecommons.org/publicdomain/mark/1.0/deed.nl),otherRestrictions,,https://geoservices.provinciegroningen.nl/server/services/Beleidsplannen/Omgevingsvisie/MapServer/WFSServer?request=GetCapabilities
a452c686-7815-4a25-8570-756fc06e4fb8,service,ISO 19115,,2025-07-08,dut,,Digitaal Topografisch Bestand (DTB) OGC API Features,transportation; inlandWaters; elevation; HVD; Aardobservatie en milieu,"Digitaal Topografisch Bestand van de natte hoofdinfrastructuur in beheer bij Rijkswaterstaat (DTB-Nat) en de droge hoofdinfrastructuur (DTB-Droog) in beheer bij Rijkswaterstaat opgebouwd uit punt-, lijn- en vlakinformatie.",,beheerpdok@kadaster.nl,,,,,"('2.55496711', '50.63305917', '7.80148461', '53.67894732')",Geen beperkingen (http://creativecommons.org/publicdomain/zero/1.0/deed.nl),otherRestrictions,,
ba83c30f-12f7-4582-a590-852b6d1706de,dataset,ISO 19115,WMS; WFS,2025-01-27,dut,28992,Openheid en overbouwing in Werelderfgoed,historische geografie; planologie; bouwkunde; RCE; archeologie; landschap; cultureel erfgoed; erfgoed; bebouwde omgeving,"Deze dataset laat de mate van openheid zien in 3 UNESCO-Werelderfgoederen in Nederland: Droogmakerij de Beemster, de Hollandse Waterlinies (uitsluitend voor het gebied waar de zogenaamde Kringenwet gold) en de Koloniën van Weldadigheid. Daarnaast toont de dataset de mate van overbouwing in het in Nederland gelegen deel van UNESCO-Werelderfgoed de Neder-Germaanse Limes.",,info@cultureelerfgoed.nl,,,,InfoDesk,"('4.2592', '51.7662', '6.4919', '53.084')","Naamsvermelding verplicht, Rijksdienst voor het Cultureel Erfgoed (https://creativecommons.org/licenses/by/3.0/nl/)",otherRestrictions,,https://services.rce.geovoorziening.nl/UNESCO_Werelderfgoed/wfs?request=GetCapabilities
ee4da54b-bb76-4853-b025-33d3cd36b693,dataset,ISO 19115,WMS; WFS,2024-12-12,dut,,Invloedsgebieden voor verzuring gevoelige gebieden (Omgevingsverordening),MILIEU; MILIEUBEHEER; MILIEUVERONTREINIGING; STRUCTUURPLANNEN; VEEHOUDERIJBEDRIJVEN; VERZURING; MILIEUWETGEVING; MILIEUBELEID; Downloadable Data,"Dit bestand bevat invloedsgebieden voor verzuring gevoelige, zeer kwetsbare gebieden volgens het Besluit kwaliteit leefomgeving en zijn vastgesteld in de Omgevingsverordening Provincie Groningen. De voor verzuring gevoelige gebieden zijn de in artikel 8.21 van het Besluit kwaliteit leefomgeving bedoelde gebieden die gevoelig zijn voor de effecten van ammoniak. Hiervoor zijn regels opgenomen in afdeling 4.13 van de Omgevingsverordening Provincie Groningen",Provincie Groningen,geoportaal@provinciegroningen.nl,,,,Datateam Beleid (Provincie Groningen),"('6.1763', '52.833', '7.2673', '53.3151')",Geen beperkingen (https://creativecommons.org/publicdomain/mark/1.0/deed.nl),otherRestrictions,,https://geoservices.provinciegroningen.nl/server/services/Beleidsplannen/Omgevingsverordening/MapServer/WFSServer?request=GetCapabilities
2a00b763-5f45-450f-96cf-795649e25f3a,service,ISO 19115,WMS,2023-12-05,dut,,Vierkant 500 meter bij 500 meter Nederland WMS,Vierkant; Grid,"Het bestand vierkant 500 meter bij 500 meter bevat alle vierkanten van 500 meter bij 500 meter gelegen boven land van Nederland, aangevuld met grotere wateren. De dataset bevat een kolom waarvan de naam de EPSG-code vermeld van de projectie van het onderliggend gebied waarop de vierkanten als rechthoekig net betrekking hebben (Voor RD new is dat 28992) en de grootte van het vierkant (500 meter bij 500 meter). Aan ieder vierkant wordt een codering toegekend afgeleid van het linksonderpunt van het vierkant, opgebouwd uit een Oost en een Noord coördinaat. Zowel de x-coördinaat als de y-coördinaat van het linksonderpunt is een veelvoud van 500 meter en wordt weergegeven in hectometers. De y-coördinaat wordt weergegeven als N(orth) en de x-coördinaat als E(ast).",,beheerpdok@kadaster.nl,,,,,"('2.35417303', '50.71447164', '7.5553525', '55.66948102')","Naamsvermelding verplicht, organisatienaam (https://creativecommons.org/licenses/by/4.0/deed.nl)",otherRestrictions,,
37af6e35-42d5-4aae-af2f-d2bf0d89532b,dataset,ISO 19115,WMS,2022-12-16,dut,28992,"Fijnstof 2015 (pm2,5)","pm2,5; fijnstof; model; luchtkwaliteit; gezondheid","Deze kaart toont de gemodelleerde concentratie fijn stof (µg pm2,5/m³) voor 2015 op basis van rekenpunten uit de monitoringstool van het nsl. Deze vlakdekkende kaart van Nederland heeft een resolutie van 25 meter.",Atlas Leefomgeving,atlasleefomgeving@rivm.nl,,,,,"('2.887690369817085', '50.69371750921503', '7.334464852716018', '53.60034111741965')",Geen beperkingen,otherRestrictions,,
d20a0b20-b388-40b2-a918-886d52aa5e5b,dataset,ISO 19115,WFS; WMS,2025-06-04,dut,,Assetdata - Verkeersregelinstallaties,VERKEER,"De verkeersregelinstallaties (verkeerslichten) op de provinciale wegen. De afzonderlijke onderdelen (masten, lussen, schakelkasten) zijn apart weergegeven op de kaart.",Provincie Utrecht,GIS@provincie-utrecht.nl,,,,GIS (Provincie Utrecht),"('3.103', '47.920882', '9.845303', '52.54771')",Open data (publiek)|https://creativecommons.org/publicdomain/mark/1.0/deed.nl,otherRestrictions,,https://services.geodata-utrecht.nl/geoserver/v01_2_1_Wegen_Assets/wfs
fffffffa-5c3f-536a-9e34-16a5de1e57c3,dataset,ISO 19115,,2011-01-01,dut,28992,"Weg met lintbebouwing (lijn) (OGV, 2010) (historie)",omgevingsvisie,Dit lijnenbestand geeft de weg met lintbebouwing weer zoals opgenomen in kaart 2B (Landschap) van de in de door Provinciale Staten op 2 juni 2010 vastgestelde Omgevingsvisie,Provincie Drenthe,post@drenthe.nl,,,,Team Gis/Cartografie (Provincie Drenthe),"('6.105', '52.601', '7.109', '53.213')",Geen beperkingen,otherRestrictions,,
ffffffe1-7d29-544d-9911-26235add373b,dataset,ISO 19115,,2011-01-01,dut,28992,"Hunebed, waarde (archeologie) (OGV, 2010) (historie)",omgevingsvisie,"Dit bestand geeft de archeologische waarde van de hunebedden in de provincie  weer, zoals in de door Provinciale Staten van Drenthe op 2 juni 2010 vastgestelde Omgevingsvisie, kaart 2E (kernkwaliteit Archeologie).De hunebedden maken deel uit van archeologische waarden waarvan provincie Drenthe vindt dat deze ""in situ"" (ter plaatse) behouden moeten blijven voor toekomstige generaties.",Provincie Drenthe,post@drenthe.nl,,,,Team Gis/Cartografie (Provincie Drenthe),"('6.105', '52.601', '7.109', '53.213')",Geen beperkingen,otherRestrictions,,
58d39928-f502-48c9-a8c1-03244dc181bf,dataset,ISO 19115,WMS; WFS,2025-02-03,dut,,Geluidkaart Schiphol 2016 (Lnight),Geluidkaart; luchthaven; Lnight; Omgevingslawaai; Schiphol; Geluidskaarten; luchtvaart; geluidsbelasting; geluidcontouren,"Geluidkaart 2016 voor Schiphol in het kader van de Regeling omgevingslawaai. Met de geluidkaart voor Schiphol (berekend volgens gewogen geluidbelasting over de nacht - Lnight) wordt invulling gegeven aan de eisen uit de Wet Luchtvaart die voortvloeien uit de Europese Richtlijn Omgevingslawaai. De contouren op de kaart zijn gebaseerd op modelberekeningen van het NLR en geven inzicht in de geluidsbelasting in het voorgaande jaar (2016), hier het gebruiksjaar voor de luchthaven Schiphol dat liep van 1 november 2015 tot 1 november 2016. 

Over de kaart
De kaart en de gegevens zijn afkomstig en eigendom van het ministerie van Infrastructuur & Milieu. De geluidkaart is gemaakt in het kader van de EU geluidkartering en bevat geluidcontouren variërend tussen 50 en 75 dB in klassen van 5 db. Op basis van de EU-regelgeving zal de volgende geluidkartering gaan over het jaar 2021 en waarschijnlijk in 2022 klaar zijn en online verschijnen.

Voor een actueel overzicht van de dagelijkse geluidniveaus rondom Schiphol, zie NOMOS http://nomos.schiphol.nl.",Ministerie van Infrastructuur en Waterstaat,sylvia.koolmees@minienw.nl,,,,Ministerie van Infrastructuur en Waterstaat,"('4.6306', '52.2053', '5.0933', '52.5329')",Geen beperkingen (http://creativecommons.org/publicdomain/mark/1.0/deed.nl),otherRestrictions,,https://geodata.nationaalgeoregister.nl/ienw/geluidskaartschipholnacht/v2/wfs?request=GetCapabilities&service=WFS
ffffffca-9fbf-5045-ae34-164227ab8392,dataset,ISO 19115,,2015-04-13,dut,28992,"Natuurbeheerplan 2016, Beheertypenkaart (historie)",agrarisch; EHS; gebiedsplan; landbouw; landschap; landschapsbeheer; natuur; natuurbeheerplan; particulier; SNL; subsidie,"Sinds 1 januari 2010 geldt de nieuwe SNL-regeling (Subsidiestelsel Natuur- en Landschapsbeheer) voor natuur-agrarisch natuur- en landschapsbeheer. Op basis van deze regeling heeft de provincie Drenthe het Natuurbeheerplan 2016 gemaakt. Voor het onderdeel agrarisch natuur- en landschapsbeheer soms gekoppeld aan zoekgebieden. Inrichting en functieverandering (kwaliteitsimpuls) loopt per 1 januari 2010, zowel voor agrarisch natuurbeheer als natuurbeheer via PMJP. Dit thema heeft betrekking op het eventueel toekennen van natuursubsidie (SN-pakketten).",Provincie Drenthe,post@drenthe.nl,,,,Team Gis/Cartografie (Provincie Drenthe),"('6.105', '52.601', '7.109', '53.213')",Geen beperkingen,otherRestrictions,,
ffffffe7-8fca-59e3-b1bb-c3dc081b5389,dataset,ISO 19115,,2008-10-21,dut,28992,Kritische stikstofdepositie natuurdoeltypen (historie),bodem; natuur en landschap; natuur en landschapsbeleid; natuurbescherming; natuurdoeltype; stikstof,"Aan de actuele natuurdoeltypenkaart zijn de kritische depositiewaarden (zie Bal et al., 2006) voor de betreffende typen gekoppeld.",Provincie Drenthe,post@drenthe.nl,,,,Team Gis/Cartografie (Provincie Drenthe),"('6.105', '52.601', '7.109', '53.213')",Geen beperkingen,copyright,,
ffffffa5-9b2f-54f1-8bb9-a651eacebf0d,dataset,ISO 19115,,2015-11-12,dut,28992,Provinciale Omgevingsverordening 2015 - Es (historie),POV,Deze kaartlaag maakt onderdeel uit van de op 23 september 2015 vastgestelde versie van de Provinciale Omgevingsverordening Drenthe. (Bijbehorende kaart D7).,Provincie Drenthe,post@drenthe.nl,,,,Team Gis/Cartografie (Provincie Drenthe),"('6.105', '52.601', '7.109', '53.213')",Geen beperkingen,otherRestrictions,,
03057e66-10ab-5e82-8c4f-e1995fe31871,dataset,ISO 19115,,2009-01-13,dut,28992,Historische waterschappen 1901-1920 (historie),cultuurhistorie; waterschap,Historische waterschappen 1901-1920. De oprichtingsdatum ligt tussen de genoemde jaartallen.,Provincie Drenthe,post@drenthe.nl,,,,Team Gis/Cartografie (Provincie Drenthe),"('6.105', '52.601', '7.109', '53.213')",Geen beperkingen,copyright,,
4579E3FB-BDCF-404C-8411-032808D7B9C5,dataset,ISO 19115,WMS; WFS,2022-04-20,dut,,Geothermiekansen in Noord-Holland,Economie; Bodem; Water; Grondgebruik; Milieu; Ruimtelijke Ordening; Wonen; Downloadable Data,"De geschiktheid voor geothermie doet op grond van beperkte gegevens een uitspraak of een locatie kansrijk is voor het toepassen van aardwarmte voor grote warmtevragende ontwikkelingen (met name woning- en glastuinbouw). Of de locaties ook daadwerkelijk geschikt zijn, moet uit vervolgonderzoek blijken.",Provincie Noord-Holland,kaartendata@noord-holland.nl,,,,Jeanot van Belkom (BEL/MIL) (Provincie Noord-Holland),"('4.459', '52.162', '5.376', '53.215')",Geo Gedeeld licentie (http://creativecommons.org/publicdomain/mark/1.0/deed.nl),otherRestrictions,,https://geoservices.noord-holland.nl/ags/services/oi_dataservice_alg/MapServer/WFSServer?request=GetCapabilities&service=WFS
add044fb-0621-499c-b08c-27a13d873f75,dataset,ISO 19115,WFS; WMS,2024-08-22,dut,,Voortgang ruimtelijke planvorming Natura 2000,groene wetten; beleid; natuur; natuur- en landschapsbeleid,In en nabij Natura 2000-gebieden ligt een opgave om natuurdoelen te bereiken. Tegelijkertijd ligt er een opgave om ruimte voor economische ontwikkeling te creëren. In deze dataset is de voortgangsfase van deze opgave weergegeven.,Provincie Overijssel,kennishub@overijssel.nl,,,,,"('5.24', '51.788', '7.09', '52.818')",https://creativecommons.org/publicdomain/zero/1.0/deed.nl,otherRestrictions,,https://services.geodataoverijssel.nl/geoserver/B46_natuur_en_landschap/wfs
c1588b72-494c-5f6e-a592-ddbdb3a01245,dataset,ISO 19115,,2008-11-11,dut,28992,"Kern, topografisch, medio 2003 (historie)",kern; ruimtelijke ordening; topografie,Begrenzing van de kernen op basis van de luchtfoto van mei 2003.,Provincie Drenthe,post@drenthe.nl,,,,Team Gis/Cartografie (Provincie Drenthe),"('6.105', '52.601', '7.109', '53.213')",Geen beperkingen,copyright,,
fffffffc-ee12-53ea-9364-565e82bf2e68,dataset,ISO 19115,WMS,2022-06-01,dut,28992,Hydraulische weerstand van keileem,beleidsinstrument; bodem; grondwaterstand; landbouw; landbouwgrond; waterhuishouding,"Hydraulische weerstand (c-waarde), in dagen, van keileem in Drenthe. Dit is een maat voor de weerstand die deze laag biedt tegen verticale grondwaterstroming.",Provincie Drenthe,post@drenthe.nl,,,,Team Gis/Cartografie (Provincie Drenthe),"('4.4552947', '52.3348457', '7.135964', '53.388444')",Geen beperkingen,otherRestrictions,,
04339fc5-6b09-4ccf-87eb-1d717628f8c5,dataset,ISO 19115,WMS; WFS,2023-03-14,dut,28992,Geluidhinder vliegtuigen 2016,hinder; geluid; GGD; vliegtuigen,Op de kaart ziet u welk percentage van de bevolking dat ernstig gehinderd is door geluid van vliegtuigen.,RIVM,atlasleefomgeving@rivm.nl,,,,RIVM,"('3.1954102881017565', '50.67190131033707', '7.383358171635846', '53.63951025614753')",Geen beperkingen,otherRestrictions,,https://data.rivm.nl/geo/alo/wfs?
ffffffa3-f910-580e-86d3-c145b414b859,dataset,ISO 19115,,2015-11-12,dut,28992,Provinciale Omgevingsverordening 2015 - Windenergie zoekgebied (historie),windmolens; windturbines,Deze kaartlaag maakt onderdeel uit van de op 23 september 2015 vastgestelde versie van de Provinciale Omgevingsverordening Drenthe. (Bijgevoegde kaart D13).,Provincie Drenthe,post@drenthe.nl,,,,Team Gis/Cartografie (Provincie Drenthe),"('6.105', '52.601', '7.109', '53.213')",Geen beperkingen,otherRestrictions,,
1d3b3c69-4721-5b48-b4f9-b4132f2efcff,dataset,ISO 19115,,2009-01-13,dut,28992,"EDR, hoofdinfrastructuur (historie)",algemeen bestuur; infrastructuur,Hoofdinfrastructuur van de Eems Dollard Regio.,Provincie Drenthe,post@drenthe.nl,,,,Team Gis/Cartografie (Provincie Drenthe),"('4.4552947', '52.3348457', '7.135964', '53.388444')",Geen beperkingen,copyright,,
23172b1c-3bce-4241-801b-7fc5bfd58d55,dataset,ISO 19115,,2023-12-18,dut,28992,"Omgevingsverordening, Ontgassingsvrij gebied",gassen; chemische afvalstoffen; emissies; provinciale verordeningen; luchtkwaliteit; luchtverontreiniging; volksgezondheid,"In het Ontgassingsvrij gebied is het verboden om restladingdamp van aardolieproducten die bestaan uit meer dan 10% benzeen te emitteren.

    Bij het varend ontgassen gooien chemicaliëntankers tijdens het varen op de rivieren hun ruimten open om ladingresten te laten verdampen. Vanuit nationale wetgeving is varend ontgassen op de rivier toegestaan, met uitzondering van enkele zeer giftige stoffen en benzine. In het kader van de Nederlandse emissierichtlijn lucht (NeR) wordt voor benzeen gestreefd naar nul-emissie. Deze verplichting geldt bij emissiebronnen aan de wal. Het is ongewenst dat benzeen en benzeenhoudende mengsels vervolgens wel vanuit een varend schip, zonder emissiebeperkende voorzieningen, uitgestoten kunnen worden. Omdat emissiebeperkende voorzieningen aanbrengen bij een schip niet mogelijk zijn is er een verbod om varend te ontgassen.",Provincie Noord-Brabant,geo@brabant.nl,,,,Provincie Noord-Brabant,"('4.185', '51.446', '5.145', '51.830')",,intellectualPropertyRights,,
ffffffea-37b4-5da2-9831-664d4b445559,dataset,ISO 19115,,2011-01-01,dut,28992,"Prehistorische route, verwacht (OGV, 2010) (historie)",omgevingsvisie,Provinciale Staten van Drenthe hebben op 2 juni 1970 de Omgevingsvisie vastgesteld. Hierin staat op kaart 2E   de verwachte prehistorische route.,Provincie Drenthe,post@drenthe.nl,,,,Team Gis/Cartografie (Provincie Drenthe),"('6.105', '52.601', '7.109', '53.213')",Geen beperkingen,otherRestrictions,,
ab3cc70c-9fa6-4c72-a64d-f78f931cfdb0,dataset,ISO 19115,WFS; WMS,2022-04-29,dut,,Werkingsgebied - Strandzonering,ruimtegebruik; ruimtelijke ordening,"Deze werkingsgebied maakt onderdeel uit van Omgevingsverordening NH2020, vastgesteld op 16-11-2020 (besluitnr.: 1477251/1478383). Het plan is te raadplegen op ruimtelijkeplannen.nl via deze link:  https://www.ruimtelijkeplannen.nl/viewer/view?planidn=NL.IMRO.9927.POVPNH-VG01  Meer informatie over deze werkingsgebied is te lezen in artikel(en): 6.52, 6.53",Provincie Noord-Holland,kaartendata@noord-holland.nl,,,,,"('4.46', '52.329', '4.897', '53.197')",Geo Gedeeld licentie (http://creativecommons.org/publicdomain/mark/1.0/deed.nl),otherRestrictions,,https://geoservices.noord-holland.nl/ags/services/oi_dataservice_povnh2020/MapServer/WFSServer?request=GetCapabilities&service=WFS
1c9b43c3-064d-40c3-aa7c-879b7376ef6f,service,ISO 19115,WMS,2024-11-22,dut,,Potentieel koude en warmte uit open en gesloten WKO systemen (GJ/ha.jaar) WMS,"energiebronnen, WMS, infoMapAccessService; infoMapAccessService",Het kaartmateriaal en bijbehorende administratieve gegevens worden regelmatig bijgewerkt. De kaarten zijn openbaar. RVO (ex- Agentschap NL) streeft naar correcte en actuele informatie op deze site. De getoonde informatie kan echter onjuiste of onvolledige informatie bevatten. RVO (ex-Agentschap NL) kan geen aansprakelijkheid aanvaarden voor schade die verband houdt met het gebruik van de getoonde informatie.,Beheer PDOK,beheerPDOK@kadaster.nl,,,,Beheer PDOK (Beheer PDOK); Beheer PDOK,"('3.206252918228434', '50.73360719554353', '7.245258336784366', '53.58297893748843')",Geen beperkingen (http://creativecommons.org/publicdomain/zero/1.0/deed.nl),otherRestrictions,,
38244d51-da64-4c4e-8ce6-174d719de754,dataset,ISO 19115,WMS; WFS,2024-09-06,dut,28992,Vigerende peilgebieden Waterschap Rivierenland,peilgebied peilbesluit waterschap rivierenland,"Binnen waterschap Rivierenland wordt gebruik gemaakt van peilgebieden. Een peilgebied is een waterstaatkundige eenheid waar eenzelfde waterpeil heerst. Dit peil kan worden geregeld door een gemaal of een stuw.

Vigerende peilgebieden zijn de peilgebieden waarvan zowel peilen als grenzen zijn vastgelegd in het peilbesluit. Deze worden met actualisatie van het peilbesluit aangepast wat één keer per tien jaar gebeurt.

In de kaarten worden per peilgebied het zomer- en het winterpeil weergegeven. 
De waarde 999.99 geeft aan dat er gebruik wordt gemaakt van een min max bandbreedte in plaats van een zomer- of winterpeil. Deze waarden volgen later.",Waterschap Rivierenland,info@wsrl.nl,,,,,"('4.5101', '51.5804', '6.2057', '52.0456')",http://creativecommons.org/publicdomain/mark/1.0/deed.nl,,,https://kaarten.wsrl.nl/arcgis/services/Kaarten/Peilgebieden_vigerend/MapServer/WFSServer?request=GetCapabilities&service=WFS
21eff841-8053-4046-9f6f-80bf05832018,dataset,ISO 19115,WMS; WFS,2024-01-23,dut,,Windpark Eemshaven en Emmapolder (Omgevingsverordening),DUURZAME ENERGIE; ENERGIEBRONNEN; OMGEVINGSWET; PROVINCIALE VERORDENINGEN; WINDENERGIE; Downloadable Data,"Dit bestand bevat de geometrische begrenzing van windpark Eemshaven en Emmapolder, zoals vastgesteld in de Omgevingsverordening provincie Groningen. De begrenzing is het gebied waarbinnen alle daarin aanwezige windturbines gezamenlijk moeten voldoen aan de daarvoor geldende normen voor geluid en slagschaduw.",Provincie Groningen,geoportaal@provinciegroningen.nl,,,,Datateam Beleid (Provincie Groningen),"('6.742822', '53.421049', '6.884432', '53.464081')",Geen beperkingen (https://creativecommons.org/publicdomain/mark/1.0/deed.nl),otherRestrictions,,https://geoservices.provinciegroningen.nl/server/services/Beleidsplannen/Omgevingsverordening/MapServer/WFSServer?request=GetCapabilities
565a7127-4ff9-4e6c-bada-9ad6b5e08993,dataset,ISO 19115,WMS; WFS,2024-07-22,dut,,Natuurbeheerplan 2025 - Zoekgebied Agrarisch,AGRARISCH NATUURBEHEER; BEGRENZINGENPLANNEN; BEHEERSGEBIEDSPLANNEN; NATUURONTWIKKELING; SUBSIDIES; Natuurbeheerplan (NBP); NBP; NATUUR; NATUURBEHEER; AGRARISCHE GEBIEDEN; Zoekgebied; Open akkerland; Open grasland; Droge dooradering; Downloadable Data,Dit bestand bevat het Natuurbeheerplan (NBP). Het NBP is het provinciaal plandocument waarin op basis van een afgestemde ambitie de overeengekomen doelen op het gebied van (agrarisch) natuur- en landschapsbeheer zijn vastgelegd.  Op de ambitiekaart staat de ambitie van de provincies voor de (agrarische) natuur.,Provincie Groningen,geoportaal@provinciegroningen.nl,,,,Datateam Beleid (Provincie Groningen),"('6.1477', '52.8262', '7.2915', '53.4948')",Geen beperkingen (https://creativecommons.org/publicdomain/mark/1.0/deed.nl),otherRestrictions,,https://geoservices.provinciegroningen.nl/server/services/LandelijkGebied/Natuur/MapServer/WFSServer?request=GetCapabilities
2d46d4dc-efd5-493b-8152-60b18ef58ca6,service,ISO 19115,,2025-07-21,dut,,CBS Wijken en Buurten 2023 versie 2 OGC API Features,CBS; Wijken; Buurten; Gemeenten; Statistiek; Bevolkingdichtheid; Inwoners; Allochtonen; Autos; Huishoudens; Nabijheid,"Het Bestand Wijk- en Buurtkaart 2023 bevat de geometrie van alle gemeenten, wijken en buurten in Nederland met als attribuut een aantal statistische kerncijfers. De begrenzingen van wijken en buurten zijn voor een groot deel gebaseerd op wat de gemeenten aan het CBS doorgeven. De gemeentegrens is afkomstig uit de BRK van het Kadaster.",,beheerpdok@kadaster.nl,,,,,"('2.13600536', '50.55886596', '8.15993368', '53.74961905')","Naamsvermelding verplicht, organisatienaam (https://creativecommons.org/licenses/by/4.0/deed.nl)",otherRestrictions,,
7fdca464-e563-4a91-a46d-7d03ac15a9fc,dataset,ISO 19115,,2019-12-19,,,CORINE: Veranderingen in landgebruik in Nederland tussen 2000 en 2006,Landgebruik; Orthobeeldvorming; Satellietbeeld,"CORINE Land Cover change (2000-2006) database of the Netherlands
An increasing need for factual and quantitative information on the state of the environment of DG Environment, DG Agriculture and other users initiated a proposal of the EEA to collaborate with the European Space Agency (ESA) and the European Commission (EC) on the implementation of a fast track service on land monitoring. The project focused on on timely, quality assured data, in particular in land cover and land use related issues for 2006-2008. The CLC2006 project is part of the GMES Fast Track Service Precursor (FTSP) Land Monitoring. In CLC2006 38 countries with total area of 5.8 Mkm2 are participating (32 EEA member states and 6 collaborating countries).
2. Thunnissen, H.A.M. and Middelaar, H.J. van, 1995. The CORINE Land Cover database of the Netherlands. Final report of the CORINE Land Cover project in the Netherlands. Report 78. Alterra, the Netherlands
3.EEA  and ETC-TE, 2002. CORINE Land Cover update I&CLC2000 project. Technical Guidelines. Final Version. EEA, Denmark",Wageningen Environmental Research,geodesk@wur.nl,,,,,"('3.278', '50.752', '7.237', '53.504')","Copyrighthouder: Wageningen Environmental Research, EEA",intellectualPropertyRights,,
6c091348-9f3d-47de-96ab-a40d2f110ee7,dataset,ISO 19115,,2023-07-19,dut,28992,Landelijk Grondgebruik Nederland - LGN4,landgebruik,"Het LGN4 bestand is een rasterbestand met een resolutie van 25 meter waarin 39 vormen van landgebruik zijn onderscheiden. In het bestand worden de belangrijkste landbouwgewassen, een aantal natuurklassen en stedelijke klassen onderscheiden. Het bestand is vervaardigd met behulp van satellietbeelden van 1999 en 2000 en andere relevante ruimtelijke informatie. 
Landgebruiksbestanden. LGN1 en LGN2 waren nog experimentele bestanden met beperkte nauwkeurigheid en duidelijke tekortkomingen. In LGN3 zijn deze tekortkomingen grotendeels opgelost en met LGN3plus is de bruikbaarheid van het bestand voor toepassingen op het gebied van natuur en ecologie sterk verbetert.
Met het LGN4-bestand is een nieuwe stap gezet met het uitbreiden van de toepassingsmogelijkheden van het LGN-bestand. Belangrijke verbeteringen die doorgevoerd zijn in het LGN4-bestand zijn een koppeling van de landbouwgewassen aan TOP10-vector en de mogelijkheid om veranderingen
in landgebruik op te sporen, die zich in de periode 1995-2000 hebben voorgedaan.
De vorige versies van het LGN-bestand werden geleverd als één enkel  rasterbestand. Door de nieuwe mogelijkheden bestaat het LGN4-bestand echter niet uit een enkel rasterbestand, maar vormt het een collectie van bestanden.",Wageningen Environmental Research (WENR),geodesk@wur.nl,https://lgn.nl/bestanden,,,,"('3.1647', '50.66086', '7.37703', '53.66608')","Gelijk Delen, Naamsvermelding verplicht, Wageningen Environmental Research (https://creativecommons.org/licenses/by-sa/4.0/deed.nl)",otherRestrictions,,
c385da38-3b73-4ecd-9f28-baf403432fe2,service,ISO 19115,,2025-07-09,dut,,NWB - Wegen OGC API Features,Vervoersnetwerken; Menselijke gezondheid en veiligheid; Geluidsbelasting hoofdwegen (Richtlijn Omgevingslawaai); Nationaal; Voertuigen; Verkeer; Wegvakken; Hectometerpunten; HVD; Mobiliteit,"Dit is de web feature service van het Nationaal Wegen Bestand (NWB) - wegen. Deze dataset bevat alleen de wegvakken en hectometerpunten. Het Nationaal Wegen Bestand - Wegen is een digitaal geografisch bestand van alle wegen in Nederland. Opgenomen zijn alle wegen die worden beheerd door wegbeheerders als het Rijk, provincies, gemeenten en waterschappen, echter alleen voor zover deze zijn voorzien van een straatnaam of nummer.",,beheerpdok@kadaster.nl,,,,,"('2.13599707', '50.55884759', '8.15990581', '53.7496582')",Geen beperkingen (http://creativecommons.org/publicdomain/zero/1.0/deed.nl),otherRestrictions,,
89c28c7f-d718-54b4-8e9b-7dc259a94531,dataset,ISO 19115,,2008-11-04,dut,28992,"Gradient, belangrijk gradientgebied (historie)",archeologie; bodem; gradient; milieubeheer,"Dit bestand geeft belangrijke gradientgebieden als aandachtsgebied weer, zoals in het door Provinciale Staten van Drenthe vastgestelde Omgevingsplan Drenthe van 7 juli 2004",Provincie Drenthe,post@drenthe.nl,,,,Team Gis/Cartografie (Provincie Drenthe),"('6.105', '52.601', '7.109', '53.213')",Geen beperkingen,copyright,,
178a63a0-0209-4a8b-95c2-56df5e80038c,dataset,ISO 19115,,2024-04-18,dut,4326,Archaeology (VOC_WIC_MARINE),,"Shipwrecks of the Dutch East India Company (VOC), the West East India Company (WIC), the Royal Netherlands Navy and the Admiralty, outside the national border of The Netherlands.",Cultural Heritage Agency,info@cultureelerfgoed.nl,,,,InfoDesk (Cultural Heritage Agency),"('-85.00', '-7.00', '113.00', '66.00')",Not for public use,restricted,,
236003a7-f5fa-40d0-8f78-2539e8cc8039,dataset,ISO 19115,WMS; WFS,2023-04-17,dut,,Geluidzones industrie (Inspire),BEDRIJVENTERREINEN; GELUIDHINDER; GELUIDSZONES; INDUSTRIELAWAAI; INDUSTRIE,"Dit bestand bevat gezoneerde industrieterreinen en de bijbehorende zones. De zones creëren afstand tussen geluidsgevoelige en geluidsbelastende activiteiten. De ligging is aangegeven conform de zonebesluiten en bestemmingsplannen. Conform de wet geluidhinder dienen industrieterreinen waar grote lawaaimakers zijn of mogen worden gevestigd, te worden voorzien van een geluidzone. Binnen de geluidzone gelden voor geluidgevoelige bestemmingen aangepaste normen. Deze normen zijn van toepassing voor woningbouw en industrie.",Provincie Groningen,geoportaal@provinciegroningen.nl,,,,Datateam Beleid (Provincie Groningen),"('6.179', '52.854', '7.224', '53.502')",Geen beperkingen (https://creativecommons.org/publicdomain/mark/1.0/deed.nl),otherRestrictions,,https://geoservices.provinciegroningen.nl/server/services/Milieu/ToezichtHandhaving/MapServer/WFSServer?request=GetCapabilities
3a31d973-6595-4526-bbfb-ff55532bd5e3,dataset,ISO 19115,WMS; WFS,2025-02-26,dut,28992,Archieven in Nederland,archief; RCE; cultureel erfgoed; erfgoed; archiefwezen; collectiebeheer,"De dataset Archieven in Nederland bevat de locaties van in Nederland gelegen archieven waarvan het overzicht getoond wordt op de website www.archieven.nl. Het type organisatie geeft aan of het wel of niet gaat om een beheerde, fysieke archiefcollectie.

Uit de diverse typen organisaties worden in deze dataset uitsluitend weergegeven:
- audiovisueel archief
- bedrijfsarchief
- kerkelijk archief
- overheidsarchief
- polder- en waterschapsarchief
- andere archiefinstellingen

Zo worden alleen beheerde, fysieke archiefcollecties getoond.
Van archieven met meerdere vestigingen is onderscheid gemaakt tussen hoofd- en nevenvestigingen. Op basis van bovenstaande criteria gaat het om 549 locaties van archieven.",Rijksdienst voor het Cultureel Erfgoed,info@cultureelerfgoed.nl,,,,InfoDesk (Rijksdienst voor het Cultureel Erfgoed); InfoDesk (Rijksdienst voor het Cultureel Erfgoed); InfoDesk (Rijksdienst voor het Cultureel Erfgoed),"('-1.3576', '49.7198', '11.4525', '54.5536')",Geen beperkingen (https://creativecommons.org/publicdomain/mark/1.0/deed.nl),otherRestrictions,,https://services.rce.geovoorziening.nl/Veiligheid_van_Erfgoed/wfs?request=GetCapabilities
ffffffe8-ad5a-5f7e-9ec5-9cf28ac91d66,dataset,ISO 19115,,2010-04-27,dut,28992,"Vervening (Cultuurhistorisch Kompas en OGV, 2010) (historie)",cultuurhistorie; cultuurhistorisch kompas; Drents Plateau; historische geografie; landschap,Vlakelementen van de cultuurhistorische hoofdstructuur voor de provincie Drenthe betreffende de veenontginning in Zuid-oost Drenthe. Het betreft de machinale vervening van het Hollandse veld en het Bargerveen die sinds het eind van de 19e eeuw tot ver na 1945 heeft plaatsgevonden.,Provincie Drenthe,post@drenthe.nl,,,,Team Gis/Cartografie (Provincie Drenthe),"('6.105', '52.601', '7.109', '53.213')",Geen beperkingen,copyright,,
472acde4-fe0e-4f84-8650-98459d9ebc9d,service,ISO 19115,WMS; WFS,2025-05-01,dut,28992,Bonnebladen (rond 1900) WMS,,"De hier getoonde Bonnebladen zijn de eerste in kleur gedrukte kaarten van het voormalige Topographisch Bureau. De kaartbladen zijn gemaakt vanaf 1865 op schaal 1:25.000. In deze kaartlaag worden de bladen getoond die rond of vlak na 1900 zijn vervaardigd.
Kort nadat de Topographische Militaire Kaart klaar was, ontstond behoefte aan een meer gedetailleerde kaart in kleur. Dit resulteerde in de Bonnebladen, die vanaf ongeveer 1865 gedrukt werden. De Bonnebladen danken hun naam aan de projectiemethode waarmee ze gemaakt zijn: de projectie van Bonne.",Rijksdienst voor het Cultureel Erfgoed,info@cultureelerfgoed.nl,,,,Infodesk (Rijksdienst voor het Cultureel Erfgoed),"('2.4595', '50.5549', '8.0096', '53.7671')","Naamsvermelding verplicht, Kadaster, Wageningen Environmental Research, RCE (https://creativecommons.org/licenses/by/4.0/deed.nl)",otherRestrictions,,https://services.rce.geovoorziening.nl/misc/wfs?request=GetCapabilities
1ac67456-f0ae-57f2-a208-78621d5915b9,dataset,ISO 19115,,2009-03-31,dut,28992,"Landschap, versterking, ontwikkeling van (historie)",landschap; ruimtelijke ordening,"Ontwikkeling landschappelijke versterking. 
Provinciaal Omgevingsplan Drenthe. POP-1, kaart 3.",Provincie Drenthe,post@drenthe.nl,,,,Team Gis/Cartografie (Provincie Drenthe),"('6.105', '52.601', '7.109', '53.213')",Geen beperkingen,copyright,,
65aa0fbb-5397-4286-803e-2552a36e1d97,dataset,ISO 19115,,2018-07-10,dut,,Elektrische oplaadpunten gemeente Heemstede,Landgebruik; Elektrische oplaadpunten; Oplaadpunten; Heemstede,"Deze dataset bevat de locaties van alle elektrische oplaadpunten binnen de gemeente Heemstede.
Elk record bevat een nummer, een locatie en een X- en Y-coordinaat.
De dataset wordt maandelijks bijgewerkt, tenzij er geen wijzigingen zijn doorgevoerd in de brondata.",Gemeente Heemstede,Postbusgeo@heemstede.nl,,,,,"('4.587085259556759', '52.323040153937995', '4.643633375225596', '52.36538145666808')",Geen beperkingen,otherRestrictions,,
1d7cb499-aee0-4585-809f-bdfc72d86f68,dataset,ISO 19115,WMS; WFS,2021-10-11,dut,28992,Mengsel toxische druk oppervlaktewater - metalen,ecologie; waterkwaliteit; biologisch,"Deze kaart geeft een beeld over de toxische druk van het mengsel aan metalen in Nederlands oppervlaktewater. Toxische druk is belangrijk omdat chemische verontreiniging de aquatische levensgemeenschappen beïnvloedt, en tevens een signaal is dat er maatregelen moeten worden genomen om het water geschikt te maken voor allerlei maatschappelijke doelen (drinkwater, irrigatie, etc.). Alle punten waar in de periode 2013-2018 watermonsters genomen zijn voor het meten van stoffen zijn weergegeven. De toxische druk wordt weergegeven in vijf klassen van toenemende toxische druk. Toenemende toxische druk betekent dat de aquatische levensgemeenschap in toenemende mate belemmerd wordt, waardoor steeds meer soorten verdwijnen.",Atlas Natuurlijk Kapitaal,atlasnatuurlijkkapitaal@rivm.nl,,,,,"('3.37087', '50.7539', '7.21097', '53.4658')",Geen beperkingen (http://creativecommons.org/publicdomain/mark/1.0/deed.nl),otherRestrictions,,https://data.rivm.nl/geo/ank/wfs?request=GetCapabilities
fffffffc-ec39-5a26-b3b7-eca6a9199dcf,dataset,ISO 19115,,2017-05-03,dut,28992,"Voortgangsrapportage Natuur, natuurnetwerk 2016 (historie)",locaties,"Voortgangsrapportage Natuur 2016 geeft inzicht in de voortgang van verwerving, inrichting en beheer van het Natuurnetwerk op de peildatum 1-1-2016. Daarnaast is het op 1-1-2016 actuele bestand het Natuurnetwerk opgenomen.",Provincie Drenthe,post@drenthe.nl,,,,Team Gis/Cartografie (Provincie Drenthe),"('6.105', '52.601', '7.109', '53.213')",Geen beperkingen,otherRestrictions,,
0b88a744-9e2d-5f89-a256-c84d8499df2c,dataset,ISO 19115,,2011-01-01,dut,28992,"Kernkwaliteiten, lijnen (OGV, 2010) (historie)",omgevingsvisie,"Dit bestand geeft de kernkwaliteiten, lijnen weer zoals in de door Provinciale Staten van Drenthe op 2 juni 2010 vastgestelde Omgevingsvisie, kaart 2 (kernkwaliteiten) is weergegeven.",Provincie Drenthe,post@drenthe.nl,,,,Team Gis/Cartografie (Provincie Drenthe),"('6.105', '52.601', '7.109', '53.213')",Geen beperkingen,otherRestrictions,,
bf2a69fc-f16a-4f8e-a19f-443c756b5a5b,dataset,ISO 19115,,2018-07-10,dut,,Kunstwerken gemeente Heemstede,Landgebruik; Kunstwerken; Heemstede,"Deze dataset bevat de locaties van alle kunstwerken binnen de gemeente Heemstede.
Naast de locatie bevat het ook kunstwerk gegevens als type, locatie omschrijving, titel, maker, materiaal, datum, eigendom en omschrijving.
De dataset wordt maandelijks bijgewerkt, tenzij er geen wijzigingen zijn doorgevoerd in de brondata.",Gemeente Heemstede,Postbusgeo@heemstede.nl,,,,,"('4.587085259556759', '52.323040153937995', '4.643633375225596', '52.36538145666808')",Geen beperkingen,otherRestrictions,,
FEB44D94AC1E3D26E0441CC1DE40A734,dataset,ISO 19115,,2014-07-21,dut,28992,Es (Omgevingsvisie 2014) (historie),beekdal; essen; omgevingsvisie,Door Provinciale Staten van Drenthe op 2 juli 2014 vastgestelde versie van Es. Het behouden en versterken van de karakteristieke kenmerken van o.a. het esdorpen-/esgehuchtenlandschap: de (eenmans)essen en beekdalen.Komt voor in kaart 2B: Kernkwaliteit Landschap.,Provincie Drenthe,post@drenthe.nl,,,,Team Gis/Cartografie (Provincie Drenthe),"('6.105', '52.601', '7.109', '53.213')",Geen beperkingen,otherRestrictions,,
81C9D054A7D10699E053D2041EACCBF8,dataset,ISO 19115,,2018-10-05,dut,28992,Natura2000 Beheerplannen - Maatregelenkaart (vlakken) (historie),locaties,"Maatregelen (vlakken) is als kaart(of een onderdeel van een kaart) opgenomen in het beheerplan natura 2000. In de attributen tabel is terug te vinden over welk gebied het gaat, wat de maatregel is en wanneer het beheerplan is vastgesteld.",Provincie Drenthe,post@drenthe.nl,,,,Team Gis/Cartografie (Provincie Drenthe),"('6.105', '52.601', '7.109', '53.213')",Geen beperkingen,otherRestrictions,,
a71d154e-1027-4995-826f-e08fbce9a74a,dataset,ISO 19115,,2024-03-12,dut,28992,ThermoGIS,Aardwarmte; Energie,"ThermoGIS is een openbaar, web-based geografisch informatie systeem dat de regionale potentie van geothermie weergeeft in Nederland aan hand van een aantal kaarten van de ondergrond. Het laat kaarten van de diepte, dikte, permeabiliteit en temperatuur van gesteentelagen zien, waaruit mogelijk aardwarmte gewonnen kan worden. De potentiekaarten laten onder meer zien wat het te behalen debiet kan zijn, maar ook de temperatuur van het productiewater of het geothermisch vermogen. Er wordt gebruik gemaakt van een workflow voor het maken van de kaarten. Meer informatie over de workflow is te vinden op: https://www.thermogis.nl/technische-informatie.",TNO Geologische Dienst Nederland,support@geologischedienst.nl,https://www.thermogis.nl/mapviewer,,,TNO Geologische Dienst Nederland,"('3.19', '50.75', '7.22', '53.71')","Naamsvermelding verplicht, organisatienaam (http://creativecommons.org/licenses/by/4.0/deed.nl)",otherRestrictions,,
1041d4cd-a56f-40a5-bc2e-30ebbf78c6b8,dataset,ISO 19115,,2024-05-28,dut,28992,"Opgave primaire en regionale keringen, Waterbeheerplan",Waterkering; Veiligheidsnorm; Overstroming; Waterbeheersplan; WBP; Waterbeheerplan,"Het waterschap biedt veiligheid tegen overstromingen door beheer van dijken en zorg voor waterkeringen. Het beheerplan waterkeringen geeft aan hoe met de waterveiligheid wordt omgegaan en behandeld de wijze waarop beheerd wordt, inclusief meerjarenprogramma.",Waterschap Aa en Maas,geoloket@aaenmaas.nl,,,,Waterschap Aa en Maas; Waterschap Aa en Maas,"('5.056', '51.3081', '6.0581', '51.8619')",Geen beperkingen,otherRestrictions,,
8498D10B8A521D43E053D2041EACBDD8,dataset,ISO 19115,WMS; WFS,2022-06-01,dut,28992,Omgevingsvisie 2018 - Groen-blauwe dooradering,locaties,"Door Provinciale Staten van Drenthe op 3 oktober 2018 vastgestelde versie van groen-blauwe dooradering. De landschapselementen zijn belangrijk voor het behoud van de biodiversiteit van het Drentse buitengebied. Deze biodiversiteit willen we behouden en stimuleren door het nemen van beheermaatregelen, waarvoor het agrarisch collectief verantwoordelijk is. De realisatie van de groen-blauwe dooradering is onderdeel van het Uitvoeringsprogramma Natuurlijk Platteland. Kaart robuust natuursysteem",Provincie Drenthe,post@drenthe.nl,,,,Team Gis/Cartografie (Provincie Drenthe),"('6.105', '52.601', '7.109', '53.213')",Geen beperkingen,otherRestrictions,,https://kaartportaal.drenthe.nl/server/services/GDB_actueel/GBI_AOV18_GROENBLAUW_DOORADER_V/MapServer/WFSServer
99b7d738-773a-440b-acea-4f1e787766b8,dataset,ISO 19115,WMS; WFS,2019-11-14,dut,28992,Depots,GROND; BAGGER,"Vlakkenbestand met depots in Fryslân, waarbij per depot is aangegeven of dit actief/niet actief is, en operationeel/niet-operationeel.",provincie Fryslân,provincie@fryslan.frl,,,,,"('5.379', '52.847', '6.275', '53.332')",http://creativecommons.org/publicdomain/mark/1.0/deed.nl,otherRestrictions,,https://geoportaal.fryslan.nl/arcgis/services/ProvinciaalGeoRegister/PGR2/MapServer/WFSServer?
3639da42-78b4-466c-a3eb-9e67809405d2,dataset,ISO 19115,,2025-03-06,dut,28992,Corona gedragsonderzoek dataset [Dataset of Study on behavioural measures and well-being Corona],Covid-19; corona; vragenlijst onderzoek / questionnaire research; gedrag / human behaviour,"Onderzoek naar het gedrag van mensen, wat ze vinden van de gedragsmaatregelen van de overheid en hoe het fysiek, mentaal en sociaal met ze gaat in dit coronatijdperk.

Ronde 1 t/m 21:

Ronde 1 (april 2020) n=89.943;
Ronde 2 (begin mei 2020) n=53.200 (alleen deelnemers cohort);
Ronde 3 (eind mei 2020) n=64.356 (n=47.834 deelnemers cohort en n=16.522 instroom via open link);
Ronde 4 (juni 2020) n=50.828 (alleen deelnemers cohort);
Ronde 5 (juli 2020) n=51.093 (n=45.610 deelnemers cohort en n=5.483 instroom via open link);
Ronde 6 (augustus 2020) n=62.636 (n=45.451 deelnemers cohort en n=17.185 instroom via open link);
Ronde 7 (oktober 2020) n=49.115 (alleen deelnemers cohort);
Ronde 8 (november 2020) n=65.853 (n=46.228 deelnemers cohort en n=19.625 instroom via open link);
Ronde 9 (januari 2021) n=53.751 (alleen deelnemers cohort);
Ronde 10 (februari 2021) n=56.840 (n=48.218 deelnemers cohort en n=8.622 instroom via open link);
Ronde 11 (maart 2021) n=50.120 (alleen deelnemers cohort);
Ronde 12 (mei 2021) n=58.559 (n=47.276 deelnemers cohort en n=11.283 instroom via open link);
Ronde 13 (juni 2021) n=52.374 (n=45.696 deelnemers cohort en n=6.678 instroom via open link);
Ronde 14 (augustus 2021) n=40.909 (alleen deelnemers cohort);
Ronde 15 (september 2021) n=44.366 (n=36.680 deelnemers cohort en n=7.686 instroom via open link);
Ronde 16 (oktober 2021) n=38.403 (alleen deelnemers cohort);
Ronde 17 (november 2021) n=46.441 (n=41.731 deelnemers cohort en n=4.710 instroom via open link);
Ronde 18 (januari 2022) n=44.227 (alleen deelnemers cohort);
Ronde 19 (maart 2022) n=37.503 (n=35.621 deelnemers cohort en n=1.882 instroom via open link);
Ronde 20 (juni 2022) n=32.838 (alleen deelnemers cohort);
Ronde 21 (september 2022) n=34.283 (alleen deelnemers cohort);

Data is niet algemeen beschikbaar.
CC-BY 4.0 licentie betreft de metadata niet de dataset

---------------------------------------------------------
The study explores human behaviour, what people think of the government’s behavioural measures, and how they are doing physically, mentally and socially in these corona times.

Round 1 to 21:

Round 1 (April 2020) n=89.943;
Round 2 (early May 2020) n=53.200 (only cohort participants);
Round 3 (late May 2020) n=64.356 (n=47.834 cohort participants and n=16.522 open link participants);
Round 4 (June 2020) n=50.828 (only cohort participants);
Round 5 (July 2020) n=51.093 (n=45.610 cohort participants and n=5.483 open link participants);
Round 6 (August 2020) n=62.636 (n=45.451 cohort participants and n=17.185 open link participants);
Round 7 (October 2020) n=49.115 (only cohort participants);
Round 8 (November 2020) n=65.853 (n=46.228 cohort participants and n=19.625 open link participants);
Round 9 (January 2021) n=53.751 (only cohort participants);
Round 10 (February 2021) n=56.840 (n=48.218 cohort participants and n=8.622 open link participants);
Round 11 (March 2021) n=50.120 (only cohort participants);
Round 12 (May 2021) n=58.559 (n=47.276 cohort participants and n=11.283 open link participants);
Round 13 (June 2021) n=52.374 (n=45.696 cohort participants and n=6.678 open link participants);
Round 14 (August 2021) n=40.909 (only cohort participants);
Round 15 (September 2021) n=44.366 (n=36.680 cohort participants and n=7.686 open link participants);
Round 16 (October 2021) n=38.403 (only cohort participants);
Round 17 (November 2021) n=46.441 (n=41.731 cohort participants and n=4.710 open link participants);
Round 18 (January 2022) n=44.227 (only cohort participants);
Round 19 (March 2022) n=37.503 (n=35.621 cohort participants and n=1.882 open link participants);
Round 20 (June 2022) n=32.838 (only cohort participants);
Round 21 (September 2022) n=34.283 (only cohort participants); 


Data is not generally available.
CC-BY 4.0 license concerns the metadata not the dataset",RIVM/V&Z/PLG,coronagedragsunit@rivm.nl,,,,RIVM/V&Z/PLG; RIVM/V&Z/PLG,"('3.37', '50.75', '7.21', '53.47')","Naamsvermelding verplicht, organisatienaam (http://creativecommons.org/licenses/by/4.0/deed.nl)",otherRestrictions,,
ffffffd8-4280-59a3-90e9-2634d361b0c7,dataset,ISO 19115,,2019-03-14,dut,28992,Beregeningputten (historie),beregenen; beregeningsput; drainage; LTO Noord; Natura 2000; Natuur en Milieufederatie Drenthe; natuurbeschermingswet; Natuurmonumenten; onderzoekszone; Staatsbosbeheer; Stichting het Drentse Landschap,Aangemelde beregeningsputten naar aanleiding van nieuw beleid (april 2016) t.a.v. de aanleg van drainagebuizen en het slaan van beregeningsputten.,Provincie Drenthe,post@drenthe.nl,,,,Team Gis/Cartografie (Provincie Drenthe),"('6.105', '52.601', '7.109', '53.213')",Geen beperkingen,otherRestrictions,,
ffffffc2-da84-5b68-9654-ae684143ecb4,dataset,ISO 19115,,2023-04-06,dut,28992,Archeologisch gebied (gebied),archeologie; bodem; landschap; prehistorie; ruimtelijke ordening,"In het Provinciaal Milieubeleidsplan (PMP), vastgesteld in 1995, zijn op kaart 3 de belangrijke archeologische gebieden, onder meer aandachtsgebied in het PMP, aangegeven.",Provincie Drenthe,post@drenthe.nl,,,,Team Gis/Cartografie (Provincie Drenthe),"('6.105', '52.601', '7.109', '53.213')",Geen beperkingen,copyright,,
ffffffe5-8857-5a5a-8949-21a5c249252b,dataset,ISO 19115,,2013-03-27,dut,28992,Masterplan Fietspaden (fietspaden) (historie),fietsen; recreatie; Recreatieschap; verkeer,Classificatie van de kwaliteit van de fietspaden in alle Drentse gemeenten en de gemeente Ooststellingwerf.,Provincie Drenthe,post@drenthe.nl,,,,Team Gis/Cartografie (Provincie Drenthe),"('6.105', '52.601', '7.109', '53.213')",Geen beperkingen,copyright,,
51b46d0c-16c4-4c5b-92eb-4c2ec85ba020,dataset,ISO 19115,WMS,2023-02-20,dut,,Bodem- en waterprogramma provincie Utrecht 2022 - 2027,BODEM; WATER; Downloadable Data,Bodem- en Water Programma provincie Utrecht vastgesteld 9 februari 2022. Voor meer informatie kunt u het volledige programma raadplegen op de ruimtelijke plannenviewer van de Provincie Utrecht ( https://ruimtelijkeplannen.provincie-utrecht.nl/NL.IMRO.9926.BWPROGRAMMA-VA01),Provincie Utrecht,GIS@provincie-utrecht.nl,,,,GIS (Provincie Utrecht),"('4.920742', '51.979304', '5.096442', '52.071929')",geen beperkingen,otherRestrictions,,
ffffffde-2158-5661-aa44-d4a91144a588,dataset,ISO 19115,,2012-09-26,dut,28992,"Dwingelderveld, concentratiepunten recreatie (historie)",landschap; natuur; toerisme,Dit bestand geeft de in het Dwingelderveld gelegen concentratiepunten voor recreatie weer.,Provincie Drenthe,post@drenthe.nl,,,,Team Gis/Cartografie (Provincie Drenthe),"('6.105', '52.601', '7.109', '53.213')",Geen beperkingen,copyright,,
a3cac831-5457-45fb-932c-dbe4574ee7d2,service,ISO 19115,WFS,2025-03-14,dut,,CBS Postcode6 statistieken 2017 WFS,CBS; Postcode; Statistiek; Bevolkingsdichtheid; Inwoners; Leeftijd; Herkomst; Woningen; WOZ; Voorziening; Inkomen; Statistische eenheden; Spreiding van de bevolking — demografie,"Het bestand CBSpostcode6 bevat statistische gegevens per volledige postcode.
In juni 2023 zijn gegevens over de jaren 2019, 2020 en 2021 aangevuld, het jaar 2022 is toegevoegd. Deze jaren bevatten nu  gegevens over demografie, wonen, energie, inkomen, sociale zekerheid, nabijheid van voorzieningen en dichtheid. Een jaar is aangevuld voor zover de gegevens van het peilmoment beschikbaar waren. De jaren 2020 en 2019 bevatten alle onderwerpen.

De cijfers voor de meeste onderwerpen zijn standgegevens per 1 januari. 
Over energiegebruik, huishoudinkomen en aantal geboorten hebben de cijfers betrekking op het gehele jaar.
Van de recentere jaren 2022 en 2021 zullen niet direct alle gegevens beschikbaar zijn, deze worden jaarlijks aangevuld. 

Hoewel alle postcodevlakken aanwezig zijn bevatten alleen die postcodevlakken gegevens over personen waarin over minimaal vijf inwoners gepubliceerd wordt en/of gegevens over woningen waarvan over minimaal vijf woningen gepubliceerd wordt. De begrenzing van de postcodevlakken is afkomstig van de ESRI postcode kaart.
Deze publicatie is van juni 2023. 

Lees voor meer informatie over de onderwerpen in de postcodepublicatie: 
https://www.cbs.nl/nl-nl/longread/diversen/2023/statistische-gegevens-per-vierkant-en-postcode-2022-2021-2020-2019

Lees voor informatie over het verkrijgen van het bestand:
https://www.cbs.nl/nl-nl/dossier/nederland-regionaal/geografische-data/gegevens-per-postcode",,beheerpdok@kadaster.nl,,,,,"('1.086', '50.5622', '8.4677', '55.8094')","Naamsvermelding verplicht, organisatienaam (https://creativecommons.org/licenses/by/4.0/deed.nl)",otherRestrictions,,https://service.pdok.nl/cbs/postcode6/2017/wfs/v1_0?request=GetCapabilities&service=WFS
1ad3a3af-9358-4ab0-af85-77cee46f54fc,dataset,ISO 19115,WMS; WFS,2022-02-25,dut,28992,Gemaal,Gemaal; Peilgebied; Peilscheiding; Pomp,"Een gemaal dient in principe om water van een laag peil naar een hoog peil te brengen, waarvan de noodzaak kan liggen in wateroverschot aan de lage kant (afvoer) of in waterbehoefte in het gebied aan de hoge kant (aanvoer).

Herkomst definitie: Aquo",Waterschap Hunze en Aa's,gis_info@hunzeenaas.nl,,,,Waterschap Hunze en Aa's; Waterschap Hunze en Aa's,"('6.274500417904351', '52.6482562858353', '7.570597529185045', '53.47291066142737')",Geen beperkingen,otherRestrictions,,https://opendata.hunzeenaas.nl/geoserver/wfs
afe2131c-8ffc-4975-a171-654745a320a4,service,ISO 19115,WMTS,2025-05-13,dut,,Luchtfoto Beeldmateriaal Infrarood 25cm en 8cm WMTS,Landelijke voorziening beeldmateriaal; LVB; Beeldmateriaal; Luchtbeelden; Luchtfoto; Orthofoto; Ortho; Ortho25IR; Ortho25CIR; Orthofotomozaiek; Mozaiek; Lage resolutie; LR; Infrarood; CIR; Open data CC-BY,"De orthofotomozaieken zijn een samenstelling van afzonderlijke orthofoto's, in principe van de centrale gedeelten van iedere orthofoto. Daardoor is de omvalling in de mozaieken zo klein mogelijk gehouden. De orthofotomozaïeken zijn landsdekkend.

Binnen de service worden een aantal lagen aangeboden, te weten (jaar)_ortho25IR (maximaal 5 jaargangen) en een laag Actueel_ortho25IR. (jaar)_ortho25IR wordt gaandeweg het lopende jaar gevuld; de laag Actueel_ortho25IR verwijst naar de landsdekkende dataset van de meest recente jaargang.

Nadat (jaar)_ortho25IR landsdekkend is gevuld zal de laag Actueel_ortho25IR naar deze dataset verwijzen.
Jaarlijks zal er een laag (jaar)_ortho25IR bijkomen.",,beheerpdok@kadaster.nl,,,,,"('1.7355', '50.4252', '8.66', '53.8902')","Naamsvermelding verplicht, organisatienaam (http://creativecommons.org/licenses/by/4.0/deed.nl)",otherRestrictions,,
bde79c70-53bd-467c-a8f2-c902a93d8171,dataset,ISO 19115,WFS; WMS,2025-05-19,dut,,Verharde start- en landingsbaan luchthaven Twente (lijn),luchtvaart; vliegvelden,Dit lijnenbestand betreft de verharde start- en landingsbaan van het luchthavengebied Twente Airport. Baan 05: landen vanuit het zuidwesten en opstijgen in noordoostelijke richting. Baan 23: landen vanuit het noordoosten en opstijgen in zuidwestelijke richting.,Provincie Overijssel,kennishub@overijssel.nl,,,,,"('6.873', '52.269', '6.906', '52.285')",https://creativecommons.org/publicdomain/mark/1.0/deed.nl,otherRestrictions,,https://services.geodataoverijssel.nl/geoserver/B27_vliegverkeer/wfs
af7c1adf-8ca2-46db-8fcc-1e0b2371a224,dataset,ISO 19115,,2025-06-25,dut,28992,Natuurmeting Op Kaart 2014: Beheer,Natuur; Wettelijke begrenzing (beleid),"De dataset Beheer is samengesteld uit het bestand Beheer_RODS dat de eindbeheerder voor de begrensde RodS weergeeft en wordt verzameld door DLG en Beheer_DR dat het type beheer voor de  EHS weergeeft en wordt aangeleverd door RVO.nl (voorheen DR).

In 2009 is er een Nulmeting Op Kaart gemaakt dat de voortgang van de verwerving dat de voortgang van de verwerving, functieverandering en inrichting van de Ecologische Hoofdstructuur (EHS) en Recreatie om de Stad (RodS) per 1 januari 2007 beschrijft. Nulmeting op Kaart (NOK) gaat over de uitgangssituatie bij inwerkingtreding van het ILG. In 2010, 2011, 2012, 2013 en 2014 zijn er updates gemaakt van dit bestand: Natuurmeting Op Kaart. Dit bestand is de uitkomst van de Natuurmeting Op Kaart 2014. Dit bestand is de vereenvoudigde weergave van de data ten behoeve van de mapservices.",Ministerie van Economische Zaken - GIS Competence Center,data@rvo.nl,,,,Afdeling data RVO (Ministerie van Economische Zaken - GIS Competence Center); Afdeling data RVO (Ministerie van Economische Zaken - GIS Competence Center),"('-1.8876', '49.6093', '11.7727', '54.6198')",Geen beperkingen (http://creativecommons.org/publicdomain/mark/1.0/deed.nl),otherRestrictions,,
ba7455d4-d149-44e9-9360-f994f8e7c2cd,dataset,ISO 19115,WMS; WFS,2016-12-09,dut,28992,Laad- en loswal,Laadwal; Loswal; Laad- en loswal,"Een verharde oeverstrook aan de vaarweg, geschikt en bestemd voor het laden en lossen van schepen.
Herkomst definitie: Aquo",Waterschap Hunze en Aa's,gis_info@hunzeenaas.nl,,,,Waterschap Hunze en Aa's; Waterschap Hunze en Aa's,"('6.274500417904351', '52.6482562858353', '7.570597529185045', '53.47291066142737')",Geen beperkingen,otherRestrictions,,https://opendata.hunzeenaas.nl/geoserver/wfs
11b847e2-f80f-44dd-814f-64e1f439fdea,dataset,ISO 19115,WMS,2022-12-16,dut,28992,Stikstofdioxide 2018 (NO2),NO2; stikstofdioxide; model; luchtkwaliteit; gezondheid,Deze kaart toont de gemodelleerde concentratie stikstofdioxide (µg NO2/m³) voor 2018 op basis van rekenpunten uit de monitoringstool van het nsl. Deze vlakdekkende kaart van Nederland heeft een resolutie van 25 meter.,Atlas Leefomgeving,atlasleefomgeving@rivm.nl,,,,,"('2.9384090107371654', '50.69124495110863', '7.3896774891517225', '53.642935777862114')",Geen beperkingen,otherRestrictions,,
3ef1cadf-a881-4059-a188-2c539ed9ecab,dataset,ISO 19115,,2019-11-26,dut,28992,Levensverlenging door dieetrestrictie in muizen,Mus musculus; lever; veroudering; verouderingsziekten; aging; dietary restriction; muismodel,Genexpressie van mRNA en miRNA in lever van snel verouderende DNA-repair deficiente Ercc1Δ/- muizen,RIVM/V&Z/GZB,jeroen.pennings@rivm.nl,,,,RIVM/V&Z/GZB; RIVM/V&Z/GZB,"('2.1943769153799892', '50.719508224348104', '8.04038938277185', '54.987059919430585')",Geen beperkingen,otherRestrictions,,
ffffffeb-b476-5a9b-98b3-11aee9a13739,dataset,ISO 19115,WMS; WFS,2022-06-01,dut,28992,Kolenkalk,bodem; energie; ondergrond,"Het gebied waarin mogelijk elektriciteit kan worden opgewekt uit de Kolenkalk Groep in de provincies Groningen, Friesland en Drenthe. Bestand onderdeel van potentieelkaart elektriciteit uit geothermie.",Provincie Drenthe,post@drenthe.nl,,,,Team Gis/Cartografie (Provincie Drenthe),"('4.4552947', '52.3348457', '7.135964', '53.388444')",Geen beperkingen,copyright,,https://kaartportaal.drenthe.nl/server/services/GDB_actueel/GBI_MILIEU_BODEM_KOLENKALK_250_V/MapServer/WFSServer
ffffff91-29e7-5ad3-9ee7-a1c1d672aa16,dataset,ISO 19115,,2003-03-27,dut,28992,"Natuurgebiedsplan 2002, Integraal (historie)",landschap; monitoring SGB; natuur; natuurgebiedsplan; relatienota,Het integraal natuurgebiedsplan met betrekking tot natuur- en landschapsdoelen:- nieuwe natuurgebieden (van cultuurgrond naar nieuwe natuur);- beheersgebieden (landbouwgronden waar beschikkingen ten gunste van natuur en landschap mogelijk zijn);- mogelijkheden voor subsidie binnen die begrenzingen. Sinds 1 januari 2000 gelden nieuwe subsidieregelingen voor natuur- en landschapsbeheer.,Provincie Drenthe,post@drenthe.nl,,,,Team Gis/Cartografie (Provincie Drenthe),"('6.105', '52.601', '7.109', '53.213')",Geen beperkingen,copyright,,
a5c615ac-ff6f-48fb-b453-5c7ba922e943,dataset,ISO 19115,WMS,2021-09-21,dut,28992,Cultuurhistorische waardenkaart,cultuurhistorisch cultuurhistorie Ede gemeente archeologie archeologisch; chw,"Cultuurhistorie geeft inhoud aan onze sociale identiteit en karakteriseert een gebied of plek. Denk bijvoorbeeld aan een historisch kerkgebouw, een open akkergebied (eng) of een eeuwenoude bomenlaan. Investeren in cultuurhistorie betekent dat onze geschiedenis en identiteit blijft bestaan en zichtbaar blijft.

Wij hebben in gemeente Ede de cultuurhistorische waarden in kaart gebracht.",gemeente Ede,gerard.westerbroek@ede.nl,,,,,"('5.532576974624979', '51.98184506580128', '5.959992053793361', '52.17265293306261')",Geen beperkingen,otherRestrictions,,
6d6b91fb-b4de-4dd8-9592-796fb438149c,dataset,ISO 19115,,2019-12-11,,,LGN5: aggregatie op natuurtypen,Landgebruik; Natuurgebied; Orthobeeldvorming,"Het LGN5 bestand geaggregeerd op natuurtypen (heide, hoogveen, moeras, etc)",Wageningen Environmental Research,geodesk@wur.nl,,,,GeoDesk (Wageningen Environmental Research); Gerard Hazeu (Wageningen Environmental Research),"('3.047', '50.67', '7.304', '53.612')",Copyrighthouder: Wageningen Environmental Research,copyright,,
9cc5c61c-bec0-11ee-8baa-52de3d22f2a6,dataset,ISO 19115,,2025-07-01,eng,,Ruisdael DALES over Cabauw,Weather forecast; Cabauw; DALES; Profiles; Time series; Forced by HARMONIE 43; Ruisdael; Open data,This dataset contains horizontally averaged statistics from unvalidated Dutch Atmospheric Large Eddy Simulation (DALES) forecasts with a lead time of 24h. The LES is ran using the Ruisdael branch of DALES (version 4.3) and are forced by HARMONIE 43. The domain with a horizontal extent of 15 km x 15 km and vertical range of 13.5 km is centred around Cabauw. The version of the unvalidated Ruisdael DALES can be accessed here: https://github.com/dalesteam/dales. The runs have a horizontal resolution of ~76m (in both directions) and a vertical resolution decreasing with height from 20 m to 150 m. Homogenous land cover is applied to the domain. Code can be accessed through: https://github.com/dalesteam/dales.,Koninklijk Nederlands Meteorologisch Instituut (KNMI),opendata@knmi.nl,,,,Koninklijk Nederlands Meteorologisch Instituut (KNMI); Koninklijk Nederlands Meteorologisch Instituut (KNMI); Koninklijk Nederlands Meteorologisch Instituut (KNMI),"('5.0357', '51.7665', '4.8167', '52.9013')",https://creativecommons.org/licenses/by/4.0/deed.nl,otherRestrictions,,
ffffffcb-5945-5f56-8ce6-c51f1dbcfda3,dataset,ISO 19115,,2001-08-17,dut,28992,Grondwateronttrekkingen 2001 (vastgesteld) (historie),grondwater; grondwaterput; landbouw; verdroging; water; waterwinning,Locaties van de grondwaterontrekkingen in Drenthe. Stand van zaken per 19 juni 2001. De lokaties zijn ontleend aan het openbaar register grondwateronttrekkingen zoals vastgesteld door GS op 19 juni 2001.,Provincie Drenthe,post@drenthe.nl,,,,Team Gis/Cartografie (Provincie Drenthe),"('6.105', '52.601', '7.109', '53.213')",Geen beperkingen,copyright,,
ffffffc0-a841-587b-a722-61734d8d8067,dataset,ISO 19115,,2011-03-09,dut,28992,"POV, grondwaterbescherming Drentsche Aa, december 2009 (historie)",drinkwater; grondwaterbeschermingsgebied; milieubescherming; milieuverordening; omgevingsverordening; verordening,Grondwaterbeschermingsgebied Drentsche Aa (i.v.m. de winning van oppervlaktewater uit de Drentsche Aa voor de drinkwatervoorziening). Versie december 2009.,Provincie Drenthe,post@drenthe.nl,,,,Team Gis/Cartografie (Provincie Drenthe),"('6.105', '52.601', '7.109', '53.213')",Geen beperkingen,copyright,,
ffffffbf-add8-5f8d-9807-b93142e94bc1,dataset,ISO 19115,,2014-12-15,dut,28992,"Ecologische verbindingen 2014, werkkaart (historie)",ecologie; ecologische verbinding; natuur,De ecologische verbindingen zijn essentiele onderdelen van de EHS (Ecologische Hoofdstructuur): de tracees en de invulling zijn nog niet overal afgerond. Om die reden staan ze indicatief op de EHS-kaart. Binnen de kerngebieden van de EHS zijn de ecologische verbindingen doorgetrokken. In de bestaande grote natuurgebieden is dit een globale (gestippelde) lijn. Het natuurgebied zelf is  het leef- of foerageergebied van  soorten die  gebruik maken van de  ecologische verbindingen. In gebieden die nog als natuurgebied ontwikkeld moeten worden en in beheergebieden met hoofdfunctie landbouw is met de getrokken lijn aangegeven langs welke landschapselementen diersoorten zich vooral zullen verplaatsen. De verbindingen binnen de kerngebieden EHS worden gezien als functionerend. Binnen de stad Meppel lopen een aantal watergangen waarlangs aan water gebonden diersoorten zich dwars door de stad heen kunnen verplaatsen. Deze route is globaal aangeduid ( gestippelde lijn).,Provincie Drenthe,post@drenthe.nl,,,,Team Gis/Cartografie (Provincie Drenthe),"('6.105', '52.601', '7.109', '53.213')",Geen beperkingen,copyright,,
ffffff86-85a9-52cc-b968-fed8cbcec683,GIS dataset,ISO 19115,,2023-08-07,dut,28992,Windprojecten (erfmolens en windturbines) - status februari 2023 (historie),energie; locaties; windmolens; windturbines,"Ligging van windturbines die gerealiseerd, vergund, dan wel een lopende vergunningaanvraag hebben. Moment van bepaling statusinformatie is februari 2023.",Provincie Drenthe,post@drenthe.nl,,,,Team Gis/Cartografie (Provincie Drenthe),"('6.105', '52.601', '7.109', '53.213')",Geen beperkingen,otherRestrictions,,
ffffffb6-273a-5c55-9bee-30a11ec27ad9,dataset,ISO 19115,,2008-10-21,dut,28992,Archeologische waarde (historie),archeologie; bodem; landschap; ruimtelijke ordening,"In het Streekplan Drenthe, vastgesteld 27 juni 1990, zijn op kaart B 9.1 de archeologische waarden, de overblijfselen in de bodem van menselijke activiteiten uit het verleden, weergegeven. In dit bestand zijn deze aangegeven als waardevol, meer waardevol en meest waardevol.",Provincie Drenthe,post@drenthe.nl,,,,Team Gis/Cartografie (Provincie Drenthe),"('6.105', '52.601', '7.109', '53.213')",Geen beperkingen,copyright,,
ffffff98-be86-59e0-9c93-eb53c5cacee4,dataset,ISO 19115,,2010-04-28,dut,28992,"Historische (stads)kern (Cultuurhistorisch Kompas en OGV, 2010) (historie)",bouwkunst; cultuurhistorie; cultuurhistorisch kompas; Drents Plateau; historische geografie,Vlakelementen van de cultuurhistorische hoofdstructuur voor de provincie Drenthe betreffende geselecteerde historische stadskernen van Meppel en Coevorden. Beide strategische aan vaarwegen gelegen steden hebben zich vanaf de Middeleeuwen ontwikkeld tot handelsstad en marktplaats. Coevorden is daarnaast ook een vestingstad met een radiaal stratenpatroon en een kasteel.,Provincie Drenthe,post@drenthe.nl,,,,Team Gis/Cartografie (Provincie Drenthe),"('6.105', '52.601', '7.109', '53.213')",Geen beperkingen,copyright,,
7ea07f71-9c63-5064-b146-b6aada830e55,dataset,ISO 19115,,2009-06-09,dut,28992,CO2 opslag gasvelden (historie),bodem; bodemdaling; opslag,"Potentieel CO2 opslag in lege gasvelden in de provincies Groningen, Friesland en Drenthe. Bestand onderdeel van potentieelkaart CO2 opslag in lege gasvelden.",Provincie Drenthe,post@drenthe.nl,,,,Team Gis/Cartografie (Provincie Drenthe),"('4.4552947', '52.3348457', '7.135964', '53.388444')",Geen beperkingen,copyright,,
ffffffee-a7bd-53b1-866b-d74a63e9cb46,dataset,ISO 19115,,2011-01-01,dut,28992,"Opgave integraal structuurplan Roden-Leek (IGS) (OGV, 2010) (historie)",omgevingsvisie,Provinciale Staten van Drenthe hebben op 2 juni 1970 de Omgevingsvisie vastgesteld. Hierin staat op kaart  1 (Visiekaart) de opgave van het integraal structuurplan Roden-Leek (IGS),Provincie Drenthe,post@drenthe.nl,,,,Team Gis/Cartografie (Provincie Drenthe),"('6.105', '52.601', '7.109', '53.213')",Geen beperkingen,otherRestrictions,,
ca46f0cf-c914-45f6-b63e-c2b0e55f34f3,service,ISO 19115,WFS,2023-12-05,dut,,Vierkant 500 meter bij 500 meter Nederland WFS,Vierkant; Grid,"Het bestand vierkant 500 meter bij 500 meter bevat alle vierkanten van 500 meter bij 500 meter gelegen boven land van Nederland, aangevuld met grotere wateren. De dataset bevat een kolom waarvan de naam de EPSG-code vermeld van de projectie van het onderliggend gebied waarop de vierkanten als rechthoekig net betrekking hebben (Voor RD new is dat 28992) en de grootte van het vierkant (500 meter bij 500 meter). Aan ieder vierkant wordt een codering toegekend afgeleid van het linksonderpunt van het vierkant, opgebouwd uit een Oost en een Noord coördinaat. Zowel de x-coördinaat als de y-coördinaat van het linksonderpunt is een veelvoud van 500 meter en wordt weergegeven in hectometers. De y-coördinaat wordt weergegeven als N(orth) en de x-coördinaat als E(ast).",,beheerpdok@kadaster.nl,,,,,"('2.35417303', '50.71447164', '7.5553525', '55.66948102')","Naamsvermelding verplicht, organisatienaam (https://creativecommons.org/licenses/by/4.0/deed.nl)",otherRestrictions,,https://service.pdok.nl/cbs/vierkant500m/wfs/v1_0?request=GetCapabilities&service=WFS
a37c1018-f314-417d-a6d7-0ea7df959a67,dataset,ISO 19115,WMS,2022-12-16,dut,28992,Stikstofdioxide 2013 (NO2),NO2; stikstofdioxide; model; luchtkwaliteit; gezondheid,Deze kaart toont de gemodelleerde concentratie stikstofdioxide (µg NO2/m³) voor 2013 op basis van rekenpunten uit de monitoringstool van het nsl. Deze vlakdekkende kaart van Nederland heeft een resolutie van 25 meter.,Atlas Leefomgeving,atlasleefomgeving@rivm.nl,,,,Atlas Leefomgeving,"('3.37087', '50.7539', '7.21097', '53.4658')",Geen beperkingen,otherRestrictions,,
af12b8e5-9e31-4654-80c8-ca1f05c1f487,dataset,ISO 19115,,2025-07-01,eng,,Groundwater - daily groundwater levels from 9 locations at Cabauw,Groundwater; Groundwater level; Piezometer; CESAR; Cabauw; Ruisdael,"Groundwater levels at Cabauw have been measured since August 2003 in two fields south of the tower. Nine piezometers were placed in a row. Initially, 6 of those piezometers contained pressure transducers (of the brand Keller) to measure levels automatically every 4 hours. On 9 July 2010, the temporal resolution was increased to hourly. Several sensors have stopped working since 2003. Piezometers that were not measured automatically were measured during each filed visit, which was initially every 2 weeks, but has become longer towards the end of the measurement period.",Koninklijk Nederlands Meteorologisch Instituut (KNMI),opendata@knmi.nl,,,,Koninklijk Nederlands Meteorologisch Instituut (KNMI); Koninklijk Nederlands Meteorologisch Instituut (KNMI); Koninklijk Nederlands Meteorologisch Instituut (KNMI),"('4.921', '51.968', '4.929', '51.975')",https://creativecommons.org/licenses/by/4.0/deed.nl,otherRestrictions,,
450f80f0-99a3-4efc-8c0b-3a9016b8b2b9,dataset,ISO 19115,WMS; WFS,2019-03-05,dut,28992,Landelijke Fiets(LF)routes (Omgevingsvisie 2016-2020),STRUCTUURPLANNEN; FIETSROUTES; RECREATIEVE FIETSPADEN; TOERISTISCHE ROUTES,"Dit bestand bevat landelijke fietsroutes (LF-routes) zoals vastgesteld in de Omgevingsvisie provincie Groningen 2016-2020.
We richten ons op het in stand houden en verbeteren van de kwaliteit van het Groningse deel van de volgende landelijke fietsroutes: LF 9 NAP-route, LF 14 Saksenroute en LF 10 Waddenzeeroute.
Wij financieren projecten met het doel provinciale routestructuren uit te breiden en te vernieuwen.",Provincie Groningen,geoportaal@provinciegroningen.nl,,,,Afdeling INFO (Provincie Groningen),"('6.186', '53.085', '7.229', '53.430')",geen beperkingen,otherRestrictions,,https://geoservices.provinciegroningen.nl/server/services/Beleidsplannen/Omgevingsvisie/MapServer/WFSServer
8498D10B8A081D43E053D2041EACBDD8,dataset,ISO 19115,WMS; WFS,2022-06-01,dut,28992,Omgevingsvisie 2018 - Sturingsniveaus cultuurhistorie,locaties,"Door Provinciale Staten van Drenthe op 3 oktober 2018 vastgestelde versie van Sturingsniveaus cultuurhistorie.De provincie Drenthe maakt onderscheid tussen drie sturingsniveaus: respecteren, voorwaarden stellen en eisen stellen. De sturingsniveaus zijn gebiedsgericht toegepast en weergegeven in de beleidskaart in het Cultuurhistorisch Kompas.Kaart Kernkwaliteit cultuurhistorie.",Provincie Drenthe,post@drenthe.nl,,,,Team Gis/Cartografie (Provincie Drenthe),"('6.105', '52.601', '7.109', '53.213')",Geen beperkingen,otherRestrictions,,https://kaartportaal.drenthe.nl/server/services/GDB_actueel/GBI_AOV18_K2F_CH_BELEID_V/MapServer/WFSServer
cc6885c8-ac91-4c87-ae5e-6108f1182889,dataset,ISO 19115,WMS,2021-09-21,dut,28992,Preparatiezones nucleaire installaties,kerncentrale; Belgie; Duitsland; ongeluk; veiligheid,"De preparatiezones geven de gebieden aan waarbinnen beschermende maatregelen voor de bevolking zijn voorbereid, voor het geval dat er een ongeluk met een nucleaire installatie plaatsvindt. Afhankelijk van de werkelijke ernst van een incident kunnen de afstanden waarbinnen maatregelen worden ingesteld worden uitgebreid of verkleind, of zich beperken tot een deel van de cirkel. Voor de nucleaire installaties in België en Duitsland zijn vergelijkbare afstanden bepaald in het Landelijk Crisiplan Straling.",,atlasleefomgeving@rivm.nl,,,,,"('3.37087', '50.7539', '7.21097', '53.4658')",Geen beperkingen (http://creativecommons.org/publicdomain/mark/1.0/deed.nl),otherRestrictions,,
ffffffa1-9b33-55f5-b0a6-e8593c0f234a,dataset,ISO 19115,,2008-10-28,dut,28992,"Ecologische verbindingszones, ontwikkeling van (historie)",ecologie; ecologische verbinding; fauna; faunabeheer; flora; Flora en Faunawet; natuur; natuurgebied; ruimtelijke ordening,"In het door Provinciale Staten vastgestelde Provinciaal Omgevingsplan Drenthe, POP-1 van 16 dec. 1998 is op kaart 3 een ecologische verbindingszone aangegeven. Dit is een verbinding tussen natuurgebieden (met nieuwe of herstelde natuur). Ecologische verbindingszones worden aangelegd om het migreren van dieren en planten tussen natuurgebieden mogelijk te maken.",Provincie Drenthe,post@drenthe.nl,,,,Team Gis/Cartografie (Provincie Drenthe),"('6.105', '52.601', '7.109', '53.213')",Geen beperkingen,copyright,,
ffffff80-acc4-5b12-bcd7-44712dd573a6,dataset,ISO 19115,,2013-06-27,dut,28992,"EHS 2012, ecologische verbindingen (historie)",ecologie; ecologische verbinding; EHS; natuur,De ecologische verbindingen zijn essentiele onderdelen van de EHS (Ecologische Hoofdstructuur): de tracees en de invulling is nog niet overal afgerond. Om die reden staan ze indicatief op de EHS-kaart.,Provincie Drenthe,post@drenthe.nl,,,,Team Gis/Cartografie (Provincie Drenthe),"('6.105', '52.601', '7.109', '53.213')",Geen beperkingen,copyright,,
d2278cb2-2ca5-42ce-9e2e-04c247a5286c,dataset,ISO 19115,WMTS; WMS,2018-06-27,dut,28992,Luchtfoto 2016 25cm CIR Ortho,cir; zomer; luchtfoto; 2016; ortho; 25cm; color infrared; infrarood; landelijke voorziening beeldmateriaal; lvb; beeldmateriaal; luchtbeelden; orthofoto; ortho25ir; ortho25cir; orthofotomozaïek; orthofotomozaiek; mozaïek; lage resolutie; lr,Color Infrared (CIR) zomerluchtfoto van 2016 met een resolutie van 25cm,Waterschap Hunze en Aa's,gis_info@hunzeenaas.nl,,,,Waterschap Hunze en Aa's; Waterschap Hunze en Aa's,"('6.274500417904351', '52.6482562858353', '7.570597529185045', '53.47291066142737')",Geen beperkingen,otherRestrictions,,
3aa83aa9-83f5-43df-893a-fb2c90002ddc,dataset,ISO 19115,,2019-12-19,,,"Bodemkaart van Nederland 1 : 250 000, 1997",Bodem,De bodemkaart geeft ruimtelijke informatie over de bodemopbouw tot globaal een diepte van 1 meter. Elke eenheid bevat ook een globale indicatie over de diepte van het grondwater,Wageningen Environmental Research,geodesk@wur.nl,,,GeoDesk; Wageningen Environmental Research,,"('3.252', '50.736', '7.24', '53.561')",Copyrighthouder: Wageningen Environmental Research,,,
d943851c-34a6-4b1d-a7b2-f3a068776545,dataset,ISO 19115,WMS; WFS,2021-02-15,dut,,Bodemkwaliteitskaart 2020 - Waterbodem,BODEMKWALITEIT; BAGGER; BODEMKAARTEN; BODEMVERONTREINIGING; WATER; Downloadable Data,Dit bestand bevat informatie over te ontgraven waterbodemkwaliteit.Voor de uitvoering van (onderhouds)baggerwerken moet het waterschap inzicht hebben in de milieuhygiënische kwaliteit van het te baggeren slib. Waterbodemonderzoek is tijdrovend en kostbaar.Met een nota waterbodembeheer en de bijbehorende waterbodemkwaliteitskaart kan op een milieuhygiënisch verantwoorde wijze tijd en kosten worden bespaard. Daarmee vormen kaart en nota de nieuwe bouwstenen voor een efficiënt en verantwoord baggerbeleid.,Provincie Groningen,geoportaal@provinciegroningen.nl,,,,Afdeling iNFO (Provincie Groningen); Afdeling Omgeving en Milieu (Provincie Groningen),"('6.158', '52.837', '7.245', '53.582')",Geen beperkingen (https://creativecommons.org/publicdomain/mark/1.0/deed.nl),otherRestrictions,,https://geoservices.provinciegroningen.nl/server/services/Milieu/Bodem/MapServer/WFSServer?request=GetCapabilities
ffffffcf-1205-5770-9b5d-68592564b85f,dataset,ISO 19115,,2008-10-30,dut,28992,EG-Natuurbeschermingswetgebied (historie),natuurbeschermingswet; vogel; vogelrichtlijn; wetland,"Aangewezen Natuurbeschermingswetgebieden.In totaal is er bijna 310.000 hectare onder de werking van de Natuurbeschermingswet gebracht. Zowel grote als vele kleine gebieden vallen daaronder. Het gaat meestal om gebieden met zeldzame planten- en diersoorten, maar het kan ook gaan om gebieden die door hun ontstaansgeschiedenis, bodemopbouw of landschappelijke schoonheid waardevol zijn.",Provincie Drenthe,post@drenthe.nl,,,,Team Gis/Cartografie (Provincie Drenthe),"('6.105', '52.601', '7.109', '53.213')",Geen beperkingen,copyright,,
fb12a94d-8bc3-468c-b3a4-b1b59f34f100,dataset,ISO 19115,WMS; WFS,2024-02-19,dut,,Hoogwaardige glas- en tuinbouw normering wateroverlast (Omgevingsverordening),WATERKERINGEN; WATEROVERLAST; PROVINCIALE VERORDENINGEN; WATERAFVOER; WATERBERGING; OMGEVINGSWET; GLASTUINBOUW; TUINBOUW; Downloadable Data,"Dit bestand bevat de afbakening van hoogwaardige glas- en tuinbouw voor de normering wateroverlast, zoals vastgesteld in de Omgevingsverordening provincie Groningen. De bergings- en afvoercapaciteit van de regionaal watersystemen moeten zijn ingericht om een omgevingswaarde van 1:50 te bieden. Dit betekent dat het gebouwde gebied niet vaker dan 1 keer in de 50 jaar mag overstromen vanuit het watersysteem. De Waterschappen moeten waar nodig maatregelen nemen om deze norm te halen.",Provincie Groningen,geoportaal@provinciegroningen.nl,,,,Datateam Beleid (Provincie Groningen),"('6.257438', '52.969653', '7.133398', '53.314406')",Geen beperkingen (https://creativecommons.org/publicdomain/mark/1.0/deed.nl),otherRestrictions,,https://geoservices.provinciegroningen.nl/server/services/Beleidsplannen/Omgevingsverordening/MapServer/WFSServer?request=GetCapabilities
8498D10B8A0A1D43E053D2041EACBDD8,dataset,ISO 19115,,2025-04-18,dut,28992,Omgevingsvisie 2018 - Toets verwachte archeologische waarden Drentse Aa-gebied en Havelterberg (historie),locaties,"Door Provinciale Staten van Drenthe op 3 oktober 2018 vastgestelde versie van Toets verwachte archeologische waarden Drentse Aa-gebied. In gebieden of terreinen waar archeologische waarden worden verwacht (verwachtingsgebieden) die van provinciaal belang zijn, sturen wij op een goede uitvoering van archeologisch onderzoek, conform de gangbare, in de archeologische beroepsgroep geldende kwaliteitseisen. Onder deze verwachtingsgebieden vallen alle Drentse essen en beekdalen, het Holtingerveld (voorheen de Havelterberg), het Drentsche Aa-gebied, de gebieden waar Celtic fields worden verwacht, offerveentjes en het vermoede traject van de prehistorische weg over de Hondsrug. Kaart Kernkwalteit archeologie.",Provincie Drenthe,datateam@drenthe.nl,,,,Team Gis/Cartografie (Provincie Drenthe),"('6.0531', '52.5451', '7.2431', '53.2683')",Geen beperkingen,otherRestrictions,,
1007894f-c250-55e7-a7ea-b9465fcd01f1,dataset,ISO 19115,WMS; WFS,2022-06-03,dut,28992,KRW oppervlaktewaterlichamen,Kaderrichtlijn Water (KRW); oppervlaktewater,Formeel aangewezen oppervlaktewater (beken en kanalen) voor de Kaderrichtlijn Water.,Provincie Drenthe,post@drenthe.nl,,,,Team Gis/Cartografie (Provincie Drenthe),"('6.105', '52.601', '7.109', '53.213')",Geen beperkingen,copyright,,https://kaartportaal.drenthe.nl/server/services/GDB_actueel/GBI_WAT_KRW_OPVWATLICH_BKKAN_100_L/MapServer/WFSServer
ffffffdf-a2ed-5f34-a8ed-f38920128b17,dataset,ISO 19115,,2004-05-12,dut,28992,"POP-1, Bos (vastgesteld) (historie)",bos; ruimtelijke ordening,"Bosfunctie. Functiekaart, Provinciaal Omgevingsplan Drenthe. POP-1, kaart 1.",Provincie Drenthe,post@drenthe.nl,,,,Team Gis/Cartografie (Provincie Drenthe),"('6.105', '52.601', '7.109', '53.213')",Geen beperkingen,copyright,,
7e1d32f7-8a5a-415f-b484-41a41c438121,dataset,ISO 19115,WMS; WFS,2025-01-07,dut,28992,Cultuurhistorische elementen uiterwaarden,cultuurhistorie; geomorfologie; geologie; fysische geografie; cultureel erfgoed,"Dit is de digitale dataset van de cultuurhistorische elementen (punt- lijn- en vlakelementen), behorend bij het project ‘Archeologische verwachtingskaart uiterwaarden rivierengebied’. De dataset is samengesteld door Rijksuniversiteit Groningen en Kuiper Cartografie, in opdracht van Rijkswaterstaat en de Rijksdienst voor het Cultureel Erfgoed.

Bij gebruik van de cultuurhistorische kenmerkenkaart de volgende bronvermeldingen: Popta, Y.T. van & S. Arnoldussen 2015: Van peilschaal tot steenfabriek. Cultuurhistorische elementenkaart uiterwaarden rivierengebied; Kuiper, E.W. 2016: Aanvulling en aanpassing dataset “Inventarisatie en digitalisatie binnen cultuurhistorie binnen uiterwaarden van het rivierengebied”.",Rijksdienst voor het Cultureel Erfgoed,info@cultureelerfgoed.nl,,,,InfoDesk (Rijksdienst voor het Cultureel Erfgoed); InfoDesk (Rijksdienst voor het Cultureel Erfgoed),"('2.9624', '50.6941', '7.5809', '53.5231')",Access,otherRestrictions,,https://services.rce.geovoorziening.nl/wfs?request=GetCapabilities
2c9ab840-9880-5f16-a418-58d7e0fda4f9,dataset,ISO 19115,,2025-04-17,dut,28992,Karrensporen - AHN2 (historie),karrensporen; prehistorie,"Karrensporen zijn de zichtbare overblijfselen van oude routes. Ze stammen uit de middeleeuwen, maar gaan waarschijnlijk nog veel verder terug. Er ontstonden brede systemen of bundels, onder andere door het intensieve gebruik van de routes door karren met verschillende spoorbreedtes. Ook door het telkens zoeken naar de meest ideale wegomstandigheden werd het systeem steeds breder. Door recent onderzoek in opdracht van de provincie is gebleken dat er veel meer karrenspoorsystemen in Drenthe bewaard zijn gebleven dan tot nu toe werd gedacht. De bundels van de verschillende routes zijn goed te volgen. Zij zijn representanten van, onder andere, de lange, interregionale noord-zuidroute over de Hondsrug maar ook van lokale verbindingen tussen de Drentse esdorpen. In dit kaartbeeld zijn de karrensporen die zijn herkend in een AHN2 analyse van Drenthe. In aanvulling daarop zijn ook door middel van luchtofotos karrensporen ontdekt, deze zijn te vinden onder het kopje  Karrensporen   aanvulling luchtfotos",Provincie Drenthe,datateam@drenthe.nl,,,,Team Gis/Cartografie (Provincie Drenthe),"('6.0422', '52.5325', '7.2741', '53.2808')",Geen beperkingen,otherRestrictions,,
1de4b53c-8271-439b-bb04-a2819bb54c74,dataset,ISO 19115,WMS; WFS,2025-04-10,dut,28992,Historische vloeiweiden,,"Een vloeiweide is grasland dat periodiek bevloeid wordt met water uit beken of kanalen, en daarbij oppervlakkig wordt geïnfiltreerd.
Deze kaart toont 245 locaties waar in het verleden deze vorm van agrarisch waterbeheer heeft plaatsgevonden. Enkele systemen zijn weer in gebruik genomen, sommigen zijn nog herkenbaar in het landschap. Van elke puntlocatie is aangegeven of de locatie exact is of globaal (en indicatief).",Rijksdienst voor het Cultureel Erfgoed,info@cultureelerfgoed.nl,,Infodesk,,Infodesk (Rijksdienst voor het Cultureel Erfgoed),"('2.659', '50.5871', '7.8306', '53.7364')",Geen beperkingen (http://creativecommons.org/publicdomain/zero/1.0/deed.nl),otherRestrictions,,https://services.rce.geovoorziening.nl/landschapsatlas/wfs?request=GetCapabilities
ffffffd9-25b5-5a3e-b03b-3e1d8b717176,dataset,ISO 19115,,2014-11-24,dut,28992,Provinciaal Uitvoeringsprogramma Verkeer en Vervoer 2014 (projecten op wegenstructuur) (historie),wegen,"In het Provinciaal Uitvoeringsprogramma (PUP) verkeer en vervoer 2014 zijn de projecten, activiteiten en maatregelen en studies opgenomen die in 2014 voorbereid of uitgevoerd worden om de bereikbaarheid en verkeersveiligheid in Drenthe te verbeteren.",Provincie Drenthe,post@drenthe.nl,,,,Team Gis/Cartografie (Provincie Drenthe),"('6.105', '52.601', '7.109', '53.213')",Geen beperkingen,copyright,,
3d370d6d-e95a-44f5-92aa-b50c7d2828d5,dataset,ISO 19115,,2019-12-19,,,CORINE Land Cover database van Nederland voor het jaar 1986 UPDATE,Landgebruik; Orthobeeldvorming; Satellietbeeld,"Het bestand bevat data betreffende het landgebruik in Nederland volgens de Europese CORINE Land Cover legenda. De data zijn met name gebaseerd op de visuele interpretatie van Landsat5-TM beelden uit 1986 - 1988. Het bestand is een geometrisch en thematisch gecorrigeerde versie van het CORINE86 bestand. Eenheden kleiner dan 25ha komen niet voor. Het Nederlandse bestand wordt geintegreerd met andere nationale bestanden om voor de gehele EU een standaard landgebruiksbestand te hebben. Het bestand kan o.a. gebruikt worden voor het uitvoeren en monitoren van Europees milieubeleid.
Monitoring Land Cover Changes between 1986 and 2000. Alterra, the Netherlands
2. Thunnissen, H.A.M. and Middelaar, H.J. van, 1995. The CORINE Land Cover database of the Netherlands. Final report of the CORINE Land Cover project in the Netherlands. Report 78. Alterra, the Netherlands
3.EEA  and ETC-TE, 2002. CORINE Land Cover update I&CLC2000 project. Technical Guidelines. Final Version. EEA, Denmark",Wageningen Environmental Research,gerard.hazeu@wur.nl,,,,,"('3.239', '50.728', '7.264', '53.612')","Copyrighthouder: Wageningen Environmental Research, EEA",intellectualPropertyRights,,
71f01a17-929b-475f-93a1-d50157a4bcc1,dataset,ISO 19115,WMS,2025-06-24,dut,,Digitale Vegetatiekaart Overijssel,vegetatie,"De Digitale Vegetatiekaart Overijssel (DVO) heeft als basis de flora-vegetatiekartering van Overijssel (milieu-inventarisatie), die in de periode 1984 - 2006 is uitgevoerd en waarbij relatief de meeste data zijn verzameld in de jaren negentig. Binnen deze kartering zijn alle grotere vlakken ingetekend, maar ook houtwallen en brede wegbermen. Onder andere sloten, bomenrijke en smalle bermen waren wel onderdeel van de kartering, maar zijn gezien hun geringe omvang niet gedigitaliseerd. Voor de grote natuurgebieden, zoals Wieden en Engbertsdijkvenen, is gebruik gemaakt van karteringen van TBO's uit de jaren negentig. Die karteringen waren minder uitgebreid dan ze thans zijn en niet zo maar te vergelijken met recente veel nauwkeuriger karteringen. De eerste versie van de DVO had 65 legenda  eenheden meer dan de nieuwe versie. Vegetatietypen die niet consequent zijn gekarteerd binnen de provincie zijn samengenomen met andere typen (lumpen). Het gaat hier vooral om bostypen waarvoor in sommige delen van de provincie onderscheid is gemaakt tussen droge en vochtige typen. Het Wintereiken-Beukenbos (droge standplaats) en Wintereiken-Beukenbos (vochtige standplaats) in de oude versie zijn in de nieuwe versie samengenomen tot het Wintereiken-Beukenbos. Aan de kartering kunnen geen rechten worden ontleend. Hoewel met zorg samengesteld komen onder de circa 250000 onderscheiden vakken (polygonen)  zeker fouten voor, die het gevolg kunnen zijn van een verkeerde beoordeling in het veld of bij het digitaliseren van de data.",Provincie Overijssel,kennishub@overijssel.nl,,,,,"('5.774', '52.115', '7.092', '52.857')",,intellectualPropertyRights,,
b5656008-484b-405c-99d4-3178e1d53040,dataset,ISO 19115,WMS; WFS,2017-05-29,dut,,Aardkunde - Periodes,Aardkundig waardevolle gebieden,"Bestand met de aardkundige periode-indeling in Fryslân. De periode van vorming (tijd) is een belangrijk criterium voor het indelen in hoofdlandschappen, evenals de inbreng van mensen, ook wel antropogeen landschap genoemd. De volgende drie hoofdlandschapstypen zijn weergegeven op de kaart 'Periode-indeling': antropogene landschapselementen, holocene landschap, pleistocene landschap.",provincie Fryslân,provincie@fryslan.frl,,,,,"('4.784', '52.787', '6.442', '53.556')",http://creativecommons.org/publicdomain/mark/1.0/deed.nl,otherRestrictions,,https://geoportaal.fryslan.nl/arcgis/services/ProvinciaalGeoRegister/PGR2/MapServer/WFSServer?
8498D10B8A2D1D43E053D2041EACBDD8,dataset,ISO 19115,WMS; WFS,2022-06-01,dut,28992,Omgevingsvisie 2018 - Deelgebieden Cultuurhistorische hoofdstructuur,locaties,Door Provinciale Staten van Drenthe op 3 oktober 2018 vastgestelde versie van Deelgebieden Cultuurhistorische hoofdstructuur. De Cultuurhistorische Hoofdstructuur is gebiedsgericht beschreven in 10 deelgebieden. Kaart kernkwaliteit cultuurhistorie,Provincie Drenthe,post@drenthe.nl,,,,Team Gis/Cartografie (Provincie Drenthe),"('6.105', '52.601', '7.109', '53.213')",Geen beperkingen,otherRestrictions,,https://kaartportaal.drenthe.nl/server/services/GDB_actueel/GBI_AOV18_DEELGEB_CHK_V/MapServer/WFSServer
7dde701b-5fdd-47fd-b81f-6dab7d156fce,dataset,ISO 19115,WMS; WFS,2025-05-13,dut,28992,Kernindicator Beweegvriendelijke Omgeving,basisset NOVEX; bewegen; indicator; gezondheid,"Op de kaart ziet u hoeveel de woonomgeving bijdraagt om te sporten en te bewegen. Hoe hoger de score op een schaal van 0 tot 100, hoe meer de omgeving is ingericht om te sporten en te bewegen. De scores zijn berekend per gemeente en per buurt. 

Mensen bewegen in hun vrije tijd, bijvoorbeeld als ze sporten of een ommetje lopen. Ook bewegen ze als ze ergens heen moeten, bijvoorbeeld als ze naar hun werk fietsen of naar de supermarkt lopen. De Kernindicator Beweegvriendelijke Omgeving houdt met beide vormen van beweging rekening.

De score is berekend met een model. Het model maakt gebruik van openbare gegevens, zoals de aanwezigheid van sportaccomodaties, sport- en speelplekken, de afstand tot voorzieningen en de hoeveelheid recreatief groen en blauw.",,atlasleefomgeving@rivm.nl,,,,,"('3.37087', '50.7539', '7.21097', '53.4658')",Geen beperkingen (http://creativecommons.org/publicdomain/mark/1.0/deed.nl),otherRestrictions,,https://data.rivm.nl/geo/alo/wfs?request=GetCapabilities
5687e09e-713f-4522-b935-2af194270fcd,dataset,ISO 19115,WFS,2023-06-28,dut,28992,Gemaal,,"Een gemaal dient in principe om water van een laag peil naar een hoog peil te brengen, waarvan de noodzaak kan liggen in wateroverschot aan de lage kant (afvoer) of in waterbehoefte in het gebied aan de hoge kant (aanvoer).
bron: Aquo",,geoloket@aaenmaas.nl,,,,,"('5.056', '51.3081', '6.0581', '51.8619')",Geen beperkingen (http://creativecommons.org/publicdomain/mark/1.0/deed.nl),otherRestrictions,,https://maps.aaenmaas.nl/services/DAMO_L/ows?service=WFS&version=1.0.0&request=GetFeature&typeName=DAMO_L%3AGEMAAL_L&maxFeatures=20000&outputFormat=SHAPE-ZIP
5C388840378B4A2CE053D2041EAC4CA6,dataset,ISO 19115,,2017-07-18,dut,28992,Natura2000 Beheerplannen - Potentieel leefgebied kwartelkoning (historie),locaties,"Potentieel leefgebieden kwartelkoning, zoals gerapporteerd in het Natura2000 beheerplan (05-07-2016).",Provincie Drenthe,post@drenthe.nl,,,,Team Gis/Cartografie (Provincie Drenthe),"('6.105', '52.601', '7.109', '53.213')",Geen beperkingen,otherRestrictions,,
b4b20022-7fac-5804-9369-00d6110b2e04,dataset,ISO 19115,,2008-10-22,dut,28992,"Bewegwijzering, recreatieve .... (historie)",recreatie; wegwijzer,"Dit bestand geeft een deel van de ANWB-wegwijzers en paddestoelen en overige wegwijzers weer in (gedeelte) van de gemeenten Tynaarlo, Assen en Aa en Hunze.",Provincie Drenthe,post@drenthe.nl,,,,Team Gis/Cartografie (Provincie Drenthe),"('6.263728', '52.4548186', '6.3934522', '53.134739')",Geen beperkingen,copyright,,
a9d32f0c-d8ee-406f-aa35-5956c39e0bcb,dataset,ISO 19115,WMS,2022-11-15,dut,28992,Verandering nitraatconcentratie in het grondwater onder natuurgebieden,nitraat; NO3; verandering; grondwater; natuur,"Wat ziet u: de trend in de gemiddelde nitraatconcentratie in de bovenste meter van het grondwater in natuurgebieden voor de periode 1989-2014. De kaart toont de daling (in %) in nitraatconcentratie per locatie tussen 1989 en 2014 (een groen/geel bolletje: nitraat is gedaald; een rood/paars bolletje: nitraat is gestegen).

De enige input van N en S in deze gebieden vindt plaats via de lucht, via atmosferische depositie. Door (inter)nationale maatregelen zijn N en S emissies en deposities afgenomen en dit is terug te zien in de trends in het grondwater in natuurgebieden. De kaart is gebaseerd op metingen van het TrendMeetnet Verzuring. Op 150 locaties in Nederland, met name in bos/heide-gebieden op zand, zijn monsters genomen van de bovenste meter van het grondwater. De locaties zijn in de periode 1989-2014 6 maal bemonsterd.",RIVM,atlasnatuurlijkkapitaal@rivm.nl,,RIVM,,,"('3.37087', '50.7539', '7.21097', '53.4658')",Geen beperkingen,otherRestrictions,,
098f39df-884f-4cd9-a0e9-e4d470a2c62a,dataset,ISO 19115,,2025-07-01,eng,,Evaporation - KNMI14 Daily Makkink evaporation 2050 GL,Climate; Evaporation; Makkink; Open data; Core dataset,KNMI14 daily scenario data: 2050 GL. Gridded files of daily Makkink evaporation in the Netherlands. Based on 14 automatic weather stations.,Koninklijk Nederlands Meteorologisch Instituut (KNMI),opendata@knmi.nl,,,,Koninklijk Nederlands Meteorologisch Instituut (KNMI); Koninklijk Nederlands Meteorologisch Instituut (KNMI); Koninklijk Nederlands Meteorologisch Instituut (KNMI),"('3.2', '50.6', '7.4', '53.7')",https://creativecommons.org/licenses/by/4.0/deed.nl,otherRestrictions,,
15796113-d46d-49db-8e22-0b0ab66e3d23,service,ISO 19115,WMS,2025-03-12,dut,,CBS Vierkantstatistieken 500m 2022 WMS,Demografie; Statische_eenheden; Vierkant; Grid; Statistiek; Bevolking; Inwoners; Woning; Leeftijd; Herkomst; Woz; Inkomen; Energie; Stedelijkheid; Bevolkingdichtheid; Concentratie; Spreiding_van_de_bevolking,"Het bestand CBS vierkanten 500m bevat statistische gegevens per 500 meter bij 500 meter vierkant. Met ingang van augustus 2024 zijn gegevens over het jaar 2023 toegevoegd en zijn het aantal gegevens van de jaren 2022 en 2021 uitgebreid met gegevens over demografie, woningen, energie, inkomen, sociale zekerheid, nabijheid van voorzieningen en dichtheid.

Met ingang van het publicatiejaar 2022 is de indeling van inwoners naar migratieachtergrond vervangen door een indeling naar geboorteland en herkomst.
Met ingang van het publicatiejaar 2020 is het gemiddeld huishoudinkomen toegevoegd en is de categorie van het gestandaardiseerd huishoudinkomen komen te vervallen.",,beheerpdok@kadaster.nl,,,,,"('1.086', '50.5622', '8.4677', '55.8094')","Naamsvermelding verplicht, organisatienaam (https://creativecommons.org/licenses/by/4.0/deed.nl)",otherRestrictions,,
79b65d1f-5930-4f37-bfdd-14441d46a56d,dataset,ISO 19115,WMS; WFS,2022-02-17,dut,,Bodemkwaliteitskaart 2020 Midden Groningen - Toepassingskaart bovengrond en ondergrond,WET BODEMBESCHERMING; BODEMVERONTREINIGING; BODEMKWALITEIT; GRONDBELEID; BODEMKAARTEN; Downloadable Data,"Dit bestand bevat de bodemkwaliteitsdata toepassing bovengrond en ondergrond voor de gemeente Midden-Groningen. Voor de toepassingskaart BKK zijn de functiekaart en de ontgravingskaart gecombineerd. De toepassingskaart geeft dus weer, aan welke kwaliteitseisen de grond moet voldoen, om op die plaats te worden toegepast.",Provincie Groningen,geoportaal@provinciegroningen.nl,,,,Afdeling iNFO (Provincie Groningen); Afdeling iNFO (Provincie Groningen),"('6.158', '52.837', '7.245', '53.582')",Geen beperkingen (https://creativecommons.org/publicdomain/mark/1.0/deed.nl),otherRestrictions,,https://geoservices.provinciegroningen.nl/server/services/Milieu/Bodem/MapServer/WFSServer?request=GetCapabilities
858CFECC3A284638E053D2041EAC26AA,dataset,ISO 19115,,2024-03-28,dut,28992,Provinciale Omgevingsverordening 2018 - Macrogradient (historie),locaties,"Deze kaartlaag maakt onderdeel uit van de op 3 oktober 2018 vastgestelde versie van de Provinciale Omgevingsverordening Drenthe. (Bijbehorende kaart D7). De geologische ontwikkeling van Drenthe en het menselijk ingrijpen heeft geleidt tot reliefrijke overgangen in het landschap. Deze overgangen versterken de contrasten tussen landschapstypen, we noemen deze overgangen de Macrogradient.",Provincie Drenthe,post@drenthe.nl,,,,Team Gis/Cartografie (Provincie Drenthe),"('6.105', '52.601', '7.109', '53.213')",Geen beperkingen,otherRestrictions,,
d19f8f9d-7725-4bb4-9117-1ab9779df0fe,dataset,ISO 19115,,2019-12-19,,,LGN4 Monitoringsbestand,Landbouw; Landgebruik; Orthobeeldvorming,"Het LGN4-monitoringsbestand is een rasterbestand met een resolutie van 25 meter. Dit  bestand biedt de mogelijkheid om veranderingen in landgebruik, die in de periode 1995-2000 hebben plaatsgevonden, op een eenvoudige en betrouwbare manier op te kunnen sporen.",Wageningen Environmental Research,geodesk@wur.nl,,,,GeoDesk (Wageningen Environmental Research); Gerard Hazeu (Wageningen Environmental Research),"('3.047', '50.67', '7.304', '53.612')",Copyrighthouder: Wageningen Environmental Research,otherRestrictions,,
4e35eaa2-b81a-4d64-8bbf-c14964c55d64,dataset,ISO 19115,,2025-07-01,eng,,PBL IMAGE SSP scenarios - Monthly temperature (30 arcmin),Temperature,Global monthly temperature from 1970 to 2100 per land grid cell. The data is licensed under CC-BY. The IMAGE-team would appreciate to be involved in projects using the data.,Koninklijk Nederlands Meteorologisch Instituut (KNMI),opendata@knmi.nl,,,,Koninklijk Nederlands Meteorologisch Instituut (KNMI); Koninklijk Nederlands Meteorologisch Instituut (KNMI); Koninklijk Nederlands Meteorologisch Instituut (KNMI),"('-180.0', '-90.0', '180.0', '90.0')",https://creativecommons.org/licenses/by/4.0/deed.nl,otherRestrictions,,
7035ff54-c96e-55cf-b195-c67d653ad0f0,dataset,ISO 19115,,2011-01-01,dut,28992,"Beinvloedingsgebied woningmarkt (lijnen) (OGV, 2010) (historie)",omgevingsvisie,Op 2 juni 2010 is door Provinciale Staten de Omgevingsvisie vastgesteld. Op kaart 6 zijn de beinvloedingsgebieden van de woningmarkt aangegeven. Het betreft hier een schets.,Provincie Drenthe,post@drenthe.nl,,,,Team Gis/Cartografie (Provincie Drenthe),"('6.105', '52.601', '7.109', '53.213')",Geen beperkingen,otherRestrictions,,
572cf5da-0dee-44d6-94c8-c2f56c3506d8,dataset,ISO 19115,WMS; WFS,2024-02-14,dut,,Beschermd gebied D - Regionale waterkeringen (norm 1:100) (Omgevingsverordening),WATERKERINGEN; WATEROVERLAST; HOOGWATERBEHEERSING; PROVINCIALE VERORDENINGEN; VEILIGHEID; OMGEVINGSWET; Downloadable Data,"Dit bestand bevat beschermd gebied D (regionale waterkeringen, norm 1:100), zoals vastgesteld zoals vastgesteld in de Omgevingsverordening provincie Groningen. Dit zijn regionale waterkeringen in de provincie Groningen. Ze worden getoetst en versterkt op de maatgevende hoogwaterstand van eens in de honderd jaar (1:100). Voor stabiliteit voldoen ze aan een belasting eens in de 100 jaar. Dit gebied D is onderdeel van de Friese Boezem en bijbehorende maatgevende hoogwaterstand.",Provincie Groningen,geoportaal@provinciegroningen.nl,,,,Datateam Beleid (Provincie Groningen),"('6.176357', '53.151788', '6.321987', '53.336328')",Geen beperkingen (https://creativecommons.org/publicdomain/mark/1.0/deed.nl),otherRestrictions,,https://geoservices.provinciegroningen.nl/server/services/Beleidsplannen/Omgevingsverordening/MapServer/WFSServer?request=GetCapabilities
cc274128-d00c-4521-a868-261a32bb909f,dataset,ISO 19115,WMS; WFS,2023-03-14,dut,28992,Geluidhinder buren 2020,hinder; geluid; GGD; buren,Op de kaart ziet u welk percentage van de bevolking dat ernstig gehinderd is door geluid van zijn of haar buren.,RIVM,atlasleefomgeving@rivm.nl,,,,,"('3.1954102881017565', '50.67190131033707', '7.383358171635846', '53.63951025614753')",Geen beperkingen,otherRestrictions,,https://data.rivm.nl/geo/alo/wfs?
ed451528-49bd-47bf-91f6-c1434cb4a4c5,service,ISO 19115,WMS; WFS,2025-02-19,dut,,Gemeente Koggenland Publieke WMS / WFS Server,wms; wfs; goserver,Gemeente Koggenland Publieke WMS / WFS Server,Gemeente Koggenland,geo@koggenland.nl,,,,,"('4.8417', '52.5832', '5.0576', '52.712')",Geen beperkingen,otherRestrictions,,https://nedglobe.cadac.com/services/koggenland/geoserver/wfs
ffd8bdf0-2c7a-4b78-a34a-a307ac650598,dataset,ISO 19115,,2024-11-25,dut,,UPLG - Landschappen,NATUUR EN LANDSCHAP,Aanpassingen aan de kaart Landschap zoals opgenomen in de visie naar aanleiding van het concept Utrecht Programma Landelijk Gebied.  Het UPLG gaat een object gericht programma worden en wordt deze gebieden worden hierbij opgenomen.  Totdat het programma vastgesteld wordt en opgenomen in het DSO wordt deze kaartlaag intern ontsloten in de ATLAS.,Provincie Utrecht,GIS@provincie-utrecht.nl,,,,GIS (Provincie Utrecht),"('4.789628', '51.856346', '5.629214', '52.304265')",,restricted,,
1ee92412-e8b6-4df2-b70c-24cdd4a0fb21,dataset,ISO 19115,,2019-12-31,dut,,AED locaties,Downloadable Data; AED; Bloemendaal,De dataset is te downloaden van het gemeentelijk open data portaal: https://gemeente-bloemendaal.opendata.arcgis.com/search/protocol: website,Gemeente Bloemendaal en Gemeente Heemstede,postbusgeo@heemstede.nl,,,,Daniël van Dok (Gemeente Bloemendaal en Gemeente Heemstede); Daniël van Dok (Gemeente Bloemendaal en Gemeente Heemstede),"('52.320767', '4.583637', '52.335706', '4.629852')",,otherRestrictions,,
7f8dc863-9631-53b8-8307-6090d7ed0971,dataset,ISO 19115,,2009-01-13,dut,28992,Waterschadegebied (historie),rampen; waterschade,Waterschadegebied op grond van de WTS (Wet Tegemoetkoming Schade bij rampen en zware ongevallen). N.B.: Langs de oevers van de Drentse Aa is gewerkt met een berekende zone van 200 meter.,Provincie Drenthe,post@drenthe.nl,,,,Team Gis/Cartografie (Provincie Drenthe),"('6.105', '52.601', '7.109', '53.213')",Geen beperkingen,copyright,,
f688da64-1a4e-4be0-8b62-35c1f38bc0d5,dataset,ISO 19115,WMS; WFS,2019-01-29,dut,28992,Nationaal Park Lauwersmeer (Omgevingsvisie 2016-2020),STRUCTUURPLANNEN; NATUUR EN LANDSCHAP; RECREATIEGEBIEDEN; NATIONALE PARKEN; NATUURBEHEER,"Dit bestand bevat het Nationaal Park Lauwersmeer zoals vastgesteld in de Omgevingsvisie provincie Groningen 2016-2020.
Het Nationaal Park Lauwersmeer is het enige Nationale Park in onze provincie. Het is tevens Natura 2000-gebied. Het Rijk zal naar verwachting het Natura 2000 beheerplan Lauwersmeer in 2016 definitief vaststellen. Daarna zullen de provincies Fryslân en Groningen de uitvoering daarvan ter hand nemen. 
Wij willen de recreatieve mogelijkheden van het Lauwersmeer versterken. Er ligt hiervoor een uitvoeringsprogramma. Hierin werken wij samen met onze gebiedspartners aan het beter beleefbaar maken van het Nationaal Park voor wandelaars, fietsers, vogelaars, vissers en watersporters.",Provincie Groningen,geoportaal@provinciegroningen.nl,,,,Afdeling INFO (Provincie Groningen),"('6.167', '53.331', '6.299', '53.410')",geen beperkingen,otherRestrictions,,https://geoservices.provinciegroningen.nl/server/services/Beleidsplannen/Omgevingsvisie/MapServer/WFSServer
8498D10B89F21D43E053D2041EACBDD8,dataset,ISO 19115,WMS; WFS,2022-06-01,dut,28992,Omgevingsvisie 2018 - Energie Transitie Park,locaties,"Door Provinciale Staten van Drenthe op 3 oktober 2018 vastgestelde versie van Energie Transitie Park. Grootschalige energiesystemen moeten in de optiek van de provincie Drenthe geconcentreerd worden op daarvoor aangewezen locaties, bijvoorbeeld op de bedrijventerreinen Bargermeer in Emmen, Europark in Coevorden en nabij Attero in Wijster. Op deze terreinen ziet de provincie Drenthe ook kansen om energieproducenten en -consumenten aan elkaar te koppelen (energiecascadering). Daarbij kan ook gedacht worden aan het koppelen van landbouwbedrijven aan deze terreinen. De genoemde terreinen zijn daarom als energietransitieparken (ETP) aangeduid op de visiekaart 2030.",Provincie Drenthe,post@drenthe.nl,,,,Team Gis/Cartografie (Provincie Drenthe),"('6.105', '52.601', '7.109', '53.213')",Geen beperkingen,otherRestrictions,,https://kaartportaal.drenthe.nl/server/services/GDB_actueel/GBI_AOV18_K1_K4_ETP_V/MapServer/WFSServer
1262da65-bac3-43ae-beb2-848c4d94e18a,dataset,ISO 19115,WMS; WFS,2019-01-29,dut,28992,Bedrijventerrein Weiwerd (Structuurvisie Eemsmond-Delfzijl),STRUCTUURPLANNEN; BEDRIJVENTERREINEN; ECONOMISCHE ONTWIKKELING; INDUSTRIE; BEDRIJFSLOCATIES,"Dit bestand bevat het bedrijventerrein Weiwerd, zoals vastgesteld in de Structuurvisie Eemsmond-Delfzijl.
Bedrijventerrein Weiwerd in de gemeente Delfzijl is bedoeld voor kwalitatief hoogwaardige kleinschalige bedrijvigheid op het gebied van kennis en innovatie, die gekoppeld is aan de aanwezige chemische industrie op Oosterhorn. Op Weiwerd mogen zich alleen lichte vormen van bedrijvigheid vestigen. Het terrein verschilt daarmee van het grootschalige industriegebied Oosterhorn dat bedoeld is voor zware industrie. Het terrein is ongeveer 14 hectare groot.",Provincie Groningen,geoportaal@provinciegroningen.nl,,,,Afdeling INFO (Provincie Groningen),"('6.946', '53.308', '6.954', '53.314')",geen beperkingen,otherRestrictions,,https://geoservices.provinciegroningen.nl/server/services/Beleidsplannen/StructuurvisieEemsmondDelfzijl/MapServer/WFSServer
910d9b91-9796-4ce5-927a-35c8c9ddce03,dataset,ISO 19115,,2017-02-20,dut,28992,"Opgave vismigratie, beekmondingen en herstel watersystemen, Waterbeheerplan",Waterbeheersplan; WBP; Vismigratie; Natuurvriendelijke oevers; Waterbeheerplan; Herstel vismigratie; Beekmonding; Beekherstel,"Om te zorgen voor een goede leefomgeving van flora en fauna in onze beken, gaan we in deze planperiode totaal 60 km beek herstellen. Daarnaast richten we circa 90 km oever langs beken, sloten en kanalen natuurvriendelijk in. Er worden 80 barrières voor vismigratie opgeheven. Daarbij ontstaat er meer natuurlijke variatie in stroming, bodem en oever. Wat ten goede komt aan de natuur in en rond de beek, sloten en kanalen.",Waterschap Aa en Maas,geoloket@aaenmaas.nl,,,,Waterschap Aa en Maas; Waterschap Aa en Maas,"('5.06', '51.31', '6.05', '51.86')",http://creativecommons.org/publicdomain/mark/1.0/deed.nl,otherRestrictions,,
66c60b34-a351-4553-b63c-e846d13cb411,dataset,ISO 19115,WMS; WFS,2025-02-26,dut,28992,Natuurbeheerplan 2025 - Beheergebied Ambitie,Landbouw; Natuur; natuur- en landschapsbeleid; subsidies; AGRARISCH NATUURBEHEER; NATUURBEHEER; SUBSIDIES,"Onderdeel van het natuurbeheerplan is het Beheergebied. In deze gebieden wordt door middel van een samenhangend pakket aan maatregelen een bijdrage leveren aan het gebied. De bijbehorende beheerpakketten zijn gebaseerd op de Index Natuur en Landschap. Ook onderdeel van het Natuurbeheerplan is de kaart waarop de ambitie (het einddoel) van alle bestaande en nieuwe natuur is begrensd en getypeerd volgens de Index Natuur- en Landschap. De kaart begrenst het zelfde gebied als de beheertypekaart. In de tekst van het natuurbeheerplan wordt exact geformuleerd wanneer het einddoel moet zijn bereikt. (Informatiemodel Natuur, IMNa2.0)",provincie Fryslân,provincie@fryslan.frl,,,,,"('4.7581', '52.7359', '6.5432', '53.5697')",geen beperkingen,otherRestrictions,,https://geoportaal.fryslan.nl/arcgis/services/ProvinciaalGeoRegister/PGR2/MapServer/WFSServer?
6f2da609-43ab-40da-ab13-a6a1b790ee67,dataset,ISO 19115,,2019-11-26,dut,28992,"Effecten van valproïnezuur, cyproconazol en hexaconazol op neurale stamcel differentiatie",toxicogenomics; Mus musculus; valproic acid; cyproconazole; hexaconazole,genexpressie in neurale stamcellen na blootstelling aan drie stoffen,RIVM/V&Z/GZB,jeroen.pennings@rivm.nl,,,,RIVM/V&Z/GZB; RIVM/V&Z/GZB,"('2.1943769153799892', '50.719508224348104', '8.04038938277185', '54.987059919430585')",Geen beperkingen,otherRestrictions,,
b29f7e68-9be1-512a-bdcb-89afbc2c0973,dataset,ISO 19115,,2008-11-06,dut,28992,"Infrastructuur, functionele indeling (POP2) (historie)",spoorweg; wegen,"Dit bestand geeft de hoofdinfrastructuur weer zoals vastgesteld in het Provinciaal Omgevingsplan Drenthe II, P.S. van 7 juli 2004 en weergegeven op kaart 2 van het POP-II.Het betreft de functionele indeling in hoofdwegen, ontsluitende wegen en spoorwegen.",Provincie Drenthe,post@drenthe.nl,,,,Team Gis/Cartografie (Provincie Drenthe),"('6.105', '52.601', '7.109', '53.213')",Geen beperkingen,copyright,,
5ff2eef4-ef9d-11ef-b7a6-8ea7dc4bfc2a,dataset,ISO 19115,,2025-07-01,eng,,METARs of the Netherlands - Archive 1974-2017,Observations; Aviation; Wind; Temperature; Air pressure; Clouds; Core dataset; External dataset,"Archive of dutch METARs. A METAR is a weather observation report for aviation, which is routinely prepared every half hour on HH+25 and HH+55 hours for Dutch airports. The measurement data used as information for the METAR come from measuring instruments set up at the various observation areas at the airports. At Schiphol Airport, the METAR is the result of continuous visual monitoring of the weather by an aviation observer and automatic measurements of objective quantities such as wind direction, wind speed, temperature, dew point and air pressure. The on-site observer at Schiphol Airport contributes to the METAR by adding visual observations which include visibility, cloud type, cloud height, cloud cover, and various weather phenomena.",Koninklijk Nederlands Meteorologisch Instituut (KNMI),opendata@knmi.nl,,,,Koninklijk Nederlands Meteorologisch Instituut (KNMI); Koninklijk Nederlands Meteorologisch Instituut (KNMI); Koninklijk Nederlands Meteorologisch Instituut (KNMI),"('2.0', '50.757273', '7.191667', '55.764314')",https://creativecommons.org/licenses/by/4.0/deed.nl,otherRestrictions,,
FEB44D94AC063D26E0441CC1DE40A734,dataset,ISO 19115,,2014-07-21,dut,28992,Energie Transitie Park (Omgevingsvisie 2014) (historie),bedrijven; bedrijventerrein; omgevingsvisie,"Door Provinciale Staten van Drenthe op 2 juli 2014 vastgestelde versie van Energie Transitie Park.De provincie Drenthe  verwacht  van gemeenten dat bij het inrichten van bedrijventerreinen de VNG-systematiek ""Bedrijven en Milieuzonering"" wordt toegepast. Volgens de provincie Drenthe moeten nieuwe bedrijven die vallen in de milieucategorieen 4, 5 en 6 van de VNG-systematiek zich vestigen op daartoe geschikte regionale werklocaties, zoals bijvoorbeeld Het Energie Transitie Park (ETP) Midden-Drenthe te Wijster.Komt voor in kaart 1: Visie; kaart 4: Robuust sociaal-economisch systeem.",Provincie Drenthe,post@drenthe.nl,,,,Team Gis/Cartografie (Provincie Drenthe),"('6.105', '52.601', '7.109', '53.213')",Geen beperkingen,otherRestrictions,,
b4a18851-050e-4e25-9886-fa8962536a1b,dataset,ISO 19115,,2025-02-28,dut,28992,Geluidmetingen Citizen Science Belevingsonderzoek PAMV 2023,geluid; luchtvaart; vliegtuigen; burgermetingen; citizen science,"Deze dataset bevat de geluidgegevens waarop de analyse voor het Citizen Science onderzoek van op PAMV is gebaseerd.

Metingen van geluidmeters van deelnemers zijn door het RIVM gekoppeld aan vluchtgegevens van OpenSky en Donderdorp.nl en meteo van KNMI.

De dataset bevat gegevens die horen bij de dagdelen waarvoor de deelnemers de vragenlijst in de belevingsapp hebben ingevuld.

De deelnemers zijn geanonimiseerd met een willekeurig nummer.",,info@rivm.nl,https://data.rivm.nl/data/geluid/pamvcitizenscience/,,,,"('0.00', '0.00', '0.00', '0.00')","Gelijk Delen, Naamsvermelding verplicht, organisatienaam (http://creativecommons.org/licenses/by-sa/4.0/deed.nl)",otherRestrictions,,
8044a8f9-4e7a-438d-95dc-dd1091cf3741,dataset,ISO 19115,WMS; WFS,2024-09-26,dut,28992,Potentieel koude uit gesloten WKO systemen per gemeente (GJ/ha.jaar),Energiebronnen,"Deze kaart is het totale jaarlijkse potentieel aan koude bodemopslag capaciteit dat via vertikale warmtewisselaars in gesloten systemen beschikbaar is per hectare grond in GJ/(ha.jaar)
Informatie beschikbaar op gemeente niveau.",Rijksdienst voor Ondernemend Nederland (RvO),klantcontact@rvo.nl,,,,Geodatabeheer GCC (Rijksdienst voor Ondernemend Nederland (RvO)); Rijksdienst voor Ondernemend Nederland (RvO),"('2.8262', '50.5537', '7.5774', '53.6442')",geen beperkingen,otherRestrictions,,https://geodata.nationaalgeoregister.nl/omgevingswarmte/wfs?
e9068b36-5378-4edd-afe4-8e3d2145308c,dataset,ISO 19115,,2023-01-30,dut,28992,"POP-1, Contourlijn (vastgesteld) (test Drents Archief)",contourlijn; kern; ruimtelijke ordening; volkshuisvesting,"Begrenzing ruimtelijke ontwikkeling kernen (contourlijn). Provinciaal Omgevingsplan Drenthe. POP-1, kaart 1.",Provincie Drenthe,post@drenthe.nl,,,,Team Gis/Cartografie (Provincie Drenthe),"('6.105', '52.601', '7.109', '53.213')",Geen beperkingen,copyright,,
2288b97d-3e58-58c1-bbe8-990229ed7850,dataset,ISO 19115,,2010-03-04,dut,28992,Robuuste verbinding Sallandse Heuvelrug - Drents Plateau (historie),cultuurhistorie; ecologische verbinding; landschap; recreatie; water,"Uitwerking van de robuuste verbinding Sallandse Heuvelrug - Drents Plateau zoals is vastgesteld door Gedepurteerde staten op 20 januari 2009.Robuuste ecologische verbindingen Provinciaal Omgevingsplan Drenthe. POPII, kaart 3. (zie ook PKB-nota Ruimte).Robuuste ecologische verbindingen versterken niet alleen de ruimtelijke samenhang in het ecologische netwerk, maar hebben ook een functie voor recreatie, waterbeheer, landschap en cultuurhistorie.",Provincie Drenthe,post@drenthe.nl,,,,Team Gis/Cartografie (Provincie Drenthe),"('6.105', '52.601', '7.109', '53.213')",Geen beperkingen,copyright,,
8b4ccf6f-aa43-4cc6-9c42-db2f548c4e39,dataset,ISO 19115,WMS; WFS,2024-01-23,dut,,Windpark Eemshaven West (Omgevingsverordening),DUURZAME ENERGIE; ENERGIEBRONNEN; OMGEVINGSWET; PROVINCIALE VERORDENINGEN; WINDENERGIE; Downloadable Data,"Dit bestand bevat de geometrische begrenzing van windpark Eemshaven West, zoals vastgesteld in de Omgevingsverordening provincie Groningen. De begrenzing is het gebied waarbinnen alle daarin aanwezige windturbines gezamenlijk moeten voldoen aan de daarvoor geldende normen voor geluid en slagschaduw.",Provincie Groningen,geoportaal@provinciegroningen.nl,,,,Datateam Beleid (Provincie Groningen),"('6.702808', '53.444489', '6.797868', '53.466479')",Geen beperkingen (https://creativecommons.org/publicdomain/mark/1.0/deed.nl),otherRestrictions,,https://geoservices.provinciegroningen.nl/server/services/Beleidsplannen/Omgevingsverordening/MapServer/WFSServer?request=GetCapabilities
ffffffc6-3678-56ec-9e75-a98e7c07338e,dataset,ISO 19115,,2017-03-01,dut,28992,Wildbeheereenheid 2017 (historie),jachtgebied; wildbeheer,"Indeling in wildbeheereenheden (jachtgebieden), situatie per 2017.Om ten behoeve van verhuur van jachtrechten door waterschappen, domeinen, enzovoorts werkgebieden van Wildbeheereenheden vast te leggen worden WBE-grenzen door gedeputeerde staten gepubliceerd.",Provincie Drenthe,post@drenthe.nl,,,,Team Gis/Cartografie (Provincie Drenthe),"('6.105', '52.601', '7.109', '53.213')",Geen beperkingen,copyright,,
5ba73743-4644-54c0-a0ad-4f924e11a89b,dataset,ISO 19115,WMS; WFS,2023-09-26,dut,28992,Hoofdprogrammagebieden PNP 2023,BMG; businessmodelgebieden; locaties; programmagebieden,"Programma PNP (Programma Natuurlijk Platteland) gebieden 2023. Op basis van deze indeling legt Prolander verantwoording af aan de beide provincies. Ook de beide provincies hanteren deze begrenzing. Synoniemen: Businessmodelgebieden, Programmagebieden, BMG.",Provincie Drenthe,post@drenthe.nl,,,,Team Gis/Cartografie (Provincie Drenthe),"('5.9785', '52.5763', '7.595', '53.7894')",Geen beperkingen,otherRestrictions,,https://kaartportaal.drenthe.nl/server/services/GDB_actueel/PL_PROGRAMMAGEBIED_2023_V/MapServer/WFSServer?SERVICE=WFS
FEB44D94AC403D26E0441CC1DE40A734,dataset,ISO 19115,,2014-07-21,dut,28992,Hart van Drenthe (Omgevingsvisie 2014) (historie),beken; omgevingsvisie,"Door Provinciale Staten van Drenthe op 2 juli 2014 vastgestelde versie van Hart van Drenthe.In het ""Hart van Drenthe"" komen verschillende bovenlopen van beken samen (globaal het gebied Elp-Grolloo-Borger). Komt voor in kaart 5: Robuust natuursysteem.",Provincie Drenthe,post@drenthe.nl,,,,Team Gis/Cartografie (Provincie Drenthe),"('6.105', '52.601', '7.109', '53.213')",Geen beperkingen,otherRestrictions,,
81CA531BFFE33612E053D2041EAC4377,dataset,ISO 19115,,2018-10-05,dut,28992,Natura2000 Beheerplannen - Uitbreiding habitattypen (DFW) (historie),locaties,Uitbreiding habitattypen Drents Friesche Wold is als kaart(of een onderdeel van een kaart) opgenomen in het beheerplan natura 2000. Het beheerplan Drents Friesche Wold is vastgesteld op 07-03-2017.,Provincie Drenthe,post@drenthe.nl,,,,Team Gis/Cartografie (Provincie Drenthe),"('6.105', '52.601', '7.109', '53.213')",Geen beperkingen,otherRestrictions,,
fd6651f5-9acf-4203-b7d5-6818ea8d3df5,dataset,ISO 19115,WMS; WFS,2022-06-30,dut,,Concentratiegebieden grootschalige windenergie (Omgevingsvisie 2016-2020),STRUCTUURPLANNEN; WINDENERGIE; RUIMTELIJKE ORDENING; DUURZAME ENERGIE; ENERGIEVOORZIENING; Downloadable Data,Dit bestand bevat concentratiegebieden grootschalige windenergie zoals vastgesteld in de Omgevingsvisie provincie Groningen 2016-2020.  Nieuwe windparken worden gerealiseerd in drie concentratiegebieden voor grootschalige windenergie zoals vastgelegd in de Omgevingsverordening.,Provincie Groningen,geoportaal@provinciegroningen.nl,,,,Datateam Beleid (Provincie Groningen),"('6.691491', '53.068795', '7.018901', '53.466479')",Geen beperkingen (https://creativecommons.org/publicdomain/mark/1.0/deed.nl),otherRestrictions,,https://geoservices.provinciegroningen.nl/server/services/Beleidsplannen/Omgevingsvisie/MapServer/WFSServer?request=GetCapabilities
0829a87f-626f-48f6-8df3-c5373177860d,dataset,ISO 19115,WMS; WFS,2024-01-24,dut,,Invloedssfeer plangebied Structuurvisie Eemsmond-Delfzijl (Omgevingsverordening),BEDRIJFSLOCATIES; OMGEVINGSWET; PROVINCIALE VERORDENINGEN; PLANGEBIEDEN; INDUSTRIE; Downloadable Data,"Dit bestand bevat de invloedssfeer plangebied Structuurvisie Eemsmond-Delfzijl, zoals vastgesteld in de Omgevingsverordening provincie Groningen.Dit is het gebied waarbinnen de milieubelasting van activiteiten in het Eemsdeltagebied worden beoordeeld en gemonitord. De cumulatieve geluidbelasting is hierbij meest relevant. Buiten dit gebied is vanwege de grote afstand de beïnvloeding in de regel niet ontoelaatbaar.",Provincie Groningen,geoportaal@provinciegroningen.nl,,,,Datateam Beleid (Provincie Groningen),"('6.674968', '53.251737', '7.041553', '53.480192')",Geen beperkingen (https://creativecommons.org/publicdomain/mark/1.0/deed.nl),otherRestrictions,,https://geoservices.provinciegroningen.nl/server/services/Beleidsplannen/Omgevingsverordening/MapServer/WFSServer?request=GetCapabilities
81CA02A4BBA41921E053D2041EAC043C,dataset,ISO 19115,,2018-10-05,dut,28992,Natura2000 Beheerplannen - Omgevingseffecten DFW (lijnen) (historie),locaties,Omgevingseffecten (lijnen) Drents Friesche Wold is als kaart(of een onderdeel van een kaart) opgenomen in het beheerplan natura 2000. Het beheerplan Drents Friesche Wold is vastgesteld op 07-03-2017.,Provincie Drenthe,post@drenthe.nl,,,,Team Gis/Cartografie (Provincie Drenthe),"('6.105', '52.601', '7.109', '53.213')",Geen beperkingen,otherRestrictions,,
205698f2-d3cf-4120-a8d3-1dd452060b62,dataset,ISO 19115,,2019-09-16,dut,,Stemlokalen,stemlokalen; verkiezingen; waterschap; provinciaal; gemeentelijk,De dataset is te downloaden van het gemeentelijk open data portaal: https://gemeente-bloemendaal.opendata.arcgis.com/search/protocol: website,Gemeente Bloemendaal en Gemeente Heemstede,postbusgeo@heemstede.nl,,,,Daniël van Dok (Gemeente Bloemendaal en Gemeente Heemstede); Daniël van Dok (Gemeente Bloemendaal en Gemeente Heemstede),"('52.320767', '4.583637', '52.335706', '4.629852')",,otherRestrictions,,
ffffffef-b0a7-5fb2-9420-17a7f7e31506,dataset,ISO 19115,,2011-01-01,dut,28992,"Ontginningskolonien (OGV, 2010) (historie)",omgevingsvisie,Provinciale Staten van Drenthe hebben op 2 juni 1970 de Omgevingsvisie vastgesteld. Hierin staan op kaart  2B (Landschap) de ontginningskoloni?n aangegeven.,Provincie Drenthe,post@drenthe.nl,,,,Team Gis/Cartografie (Provincie Drenthe),"('6.105', '52.601', '7.109', '53.213')",Geen beperkingen,otherRestrictions,,
7a0b8d9d-1910-4e48-a818-d7e6ba23b58b,dataset,ISO 19115,WFS; WMS,2023-07-27,dut,,Fietsroutes voor de sportieve fietser,fietsroutes; fietsverkeer; sport,"Dit bestand toont een overzicht van het nieuwe fietsroutenetwerk ""Kromme Sturen Routes"" voor de sportieve fietser in Overijssel. De routes worden uitgezet door de ""Stichting 365 dagen fietsen in Overijssel"" in samenwerking met tour- en fietsclubs in de betreffende regio’s. Deze kennen de routes en wegen in hun gebieden als geen ander. Op dit moment zijn de volgende routes opgenomen in deze dataset: Sallands Steilste (Sallandse Heuvelrug), Wind in de Kop (Kop van Overijssel), Twentse Tijdrit (Noord Twente), Vals Plat Gevecht (Vechtdal) en Los op 't Ros (Zuid Twente). De routes zijn ongeveer 100 kilometer lang.",Provincie Overijssel,kennishub@overijssel.nl,,,,,"('5.622', '52.13', '7.069', '52.816')",https://creativecommons.org/publicdomain/mark/1.0/deed.nl,otherRestrictions,,https://services.geodataoverijssel.nl/geoserver/B51_recreatie/wfs
3ee821cd-79ad-468a-9d12-5bede15c052a,dataset,ISO 19115,WMS,2025-05-13,dut,28992,"Fijnstof 2018 (PM2,5)","PM2,5; Fijnstof; luchtkwaliteit; model; gezondheid","Deze kaart toont de gemodelleerde concentratie fijn stof (µg PM2,5/m³) voor 2018 op basis van rekenpunten uit de monitoringstool van het nsl. Deze vlakdekkende kaart van Nederland heeft een resolutie van 25 meter.",Atlas Leefomgeving,atlasleefomgeving@rivm.nl,,,,,"('3.37087', '50.7539', '7.21097', '53.4658')",Geen beperkingen (http://creativecommons.org/publicdomain/mark/1.0/deed.nl),otherRestrictions,,
2b0e693f-472e-5eef-9493-9af6ebb1283a,dataset,ISO 19115,,2008-10-27,dut,28992,Cultuurhistorische nederzetting (historie),cultuurhistorie; cultuurhistorische waarden; landschap; ruimtelijke ordening; streekplan,"In het Streekplan Drenthe, vastgesteld op 27 juni 1990 zijn op kaart A 7.2 de cultuurhistorisch waardevolle nederzettingen Beschermde dorps/stadsgezichten.opgenomen, die in dit bestand worden weergegeven.",Provincie Drenthe,post@drenthe.nl,,,,Team Gis/Cartografie (Provincie Drenthe),"('6.105', '52.601', '7.109', '53.213')",Geen beperkingen,copyright,,
ffffff82-adde-5265-908b-f3e789cdab63,GIS dataset,ISO 19115,WMS; WFS,2024-02-09,dut,28992,Provinciale Omgevingsverordening 2023 - Landschapstypen,landschap; landschapstypen; omgevingsverordening,"De kaart geeft de volgende landschaptypen weer: esdorpenlandschap, esgehuchtenlandschap, wegdorpenlandschap van de laagveenontginning, wegdorpenlandschap van de veenrandontginning, veenkolonien Landschap van de kolonien van Weldadigheid (UNESCO)",Provincie Drenthe,post@drenthe.nl,,,,Team Gis/Cartografie (Provincie Drenthe),"('6.105', '52.601', '7.109', '53.213')",Geen beperkingen,otherRestrictions,,https://kaartportaal.drenthe.nl/server/services/GDB_actueel/GBI_POV2023_LANDSCHAPSTYPEN_V/MapServer/WFSServer?SERVICE=WFS&REQUEST=GetCapabilities
f3c40a82-1c13-4a0b-9fe3-b4f29fad082a,dataset,ISO 19115,,2024-07-17,eng,4326,Wrecks in Dutch waters (ARCH_NL_NCN),,Ship and Plane wrecks within Dutch waters according to the SonarReg system.,Cultural Heritage Agency,info@cultureelerfgoed.nl,,,,InfoDesk (Cultural Heritage Agency),"('1.6511', '50.7134', '7.4075', '55.68')",Not for public use,restricted,,
1a6e48cc-8e4f-44fd-9e89-b657cb31a1c9,dataset,ISO 19115,,2025-07-24,dut,28992,Landelijk Grondgebruik Nederland - LGN2023,landgebruik,"LGN2023 is een rasterbestand dat het Nederlands landgebruik in 2023 met een ruimtelijke resolutie van 5m weergeeft. Het bestand kent 51 landgebruiksklassen waarbij de belangrijkste landbouwgewassen, bos, water, natuur en stedelijke klassen worden onderscheiden. Voor het maken van LGN2023 zijn onder andere de volgende bestanden gebruikt: Top10NL (versie januari 2024), Basis Registratie Percelen 2023 (BRP2023), Bestand Bodem Gebruik 2017 (BBG2017), Beheertypen IMNA (versie 28 september 2023), Basisregistratie Adressen en Gebouwen (BAG versie februari 2024) en het Algemeen Hoogte bestand Nederland (AHN3/4). De natuurclassificatie is niet opnieuw uitgevoerd. Classificatie resultaten gebaseerd op satellietbeelden (m.n. Sentinel-2) en luchtfoto’s uit 2021 zijn gebruikt. Het bestand LGN2023 is 24 juli 2023 opgeleverd. Nieuwe LGN klassen t.o.v. LGN2020 zijn zonneparken en een onderverdeling van de oude LGN klasse 25 ‘Wegen en spoorwegen’ in drie subklassen. T.o.v. LGN2021 en LGN2022 zijn er geen veranderingen in klassen. Alle LGN klassen zijn éénduidig gedefinieerd op basis van unieke combinaties van klassen uit 12 verschillende bestanden of maskers.

Elk jaar wordt voor 1 september een LGN-update opgeleverd die het landgebruik van het voorgaande referentiejaar weergeeft. Zo zal voor 1 september 2025 het landgebruiksbestand (LGN2024) voor het referentiejaar 2024 worden opgeleverd.",Wageningen Environmental Research (WENR),geodesk@wur.nl,https://lgn.nl/bestanden,,,,"('-0.7102949', '49.88175841', '10.86610785', '54.40228306')","Gelijk Delen, Naamsvermelding verplicht, Wageningen Environmental Research (https://creativecommons.org/licenses/by-sa/4.0/deed.nl)",otherRestrictions,,
59246fe4-1dc9-44be-a45f-534b84f22734,dataset,ISO 19115,WMS; WFS,2025-03-14,dut,28992,Huisvesting naar indeling emissie per diergroep per gemeente,gemeenten; provincie; stikstof; huisvesting; staltype; stallen; RAV-code; huisvestingsysteem; emissie; emissiearm; luchtwasser; omgevinswet; veeteelt; pluimvee; varkens; rundvee,"In opdracht van het Programma Realisatie Interbestuurlijke DataStrategie (IBDS) heeft het Centraal Bureau voor de Statistiek (CBS) in samenwerking met provincies statistieken samengesteld. De drie datasets mestproductie, mestgebruik en huisvesting bevatten informatie met gegevens van het jaar 2022 op zowel gemeente- als provincieniveau.
            
            Deze dataset Huisvesting bevat data over huisvesting,  naar de indeling emissiearm/niet-emissiearm en per diergroep.  Data van deze dataset komt van de Gecombineerde Opgave - Opgave Huisvesting – van Rijksdienst Voor Ondernemend Nederland (RVO). Alle RAV codes met het getal 100 erin worden beschouwd als niet emissiearm. RAV codes zijn te vinden hier: https://www.infomil.nl/onderwerpen/landbouw/emissiearme-stalsystemen/emissiefactoren-per/
            
            Let op dat op dit huidige moment Regeling ammoniak en veehouderij (Rav) is vervallen en opgegaan in de Omgevingswet.
            
            Voor verdere beschrijving per variabele zie https://www.cbs.nl/nl-nl/maatwerk/2024/49/basisdataset-mest-2022-programma-realisatie-interbestuurlijke-datastrategie",Centraal Bureau voor de Statistiek,infoservice@cbs.nl,,,,infoservice (Centraal Bureau voor de Statistiek); infoservice (Centraal Bureau voor de Statistiek),"('0.7419', '50.2206', '9.5545', '54.0838')","Naamsvermelding verplicht, CBS, Kadaster (http://creativecommons.org/licenses/by/4.0/deed.nl)",otherRestrictions,,https://geoserver.cbs.nl/geoserver/CBS_SMI/wfs?service=WFS&version=2.0.0&request=GetCapabilities&layers=CBS_SMI
cf5cda05-46b2-5e1e-a139-37b0dd37c85f,dataset,ISO 19115,,2011-01-01,dut,28992,"Terminal (OGV, 2010) (historie)",omgevingsvisie,"De provincie wil met haar beleid voorwaarden creeren voor het ontwikkelen van een robuuste sociaal-economische structuur van Drenthe. Daarbij wordt rekening gehouden met de economische en demografische ontwikkeling. Provinciale Staten hebben op 2 juni 2010 de Omgevingsvisie vastgesteld. Dit bestand geeft de terminal weer, een selectie uit IBIS 2010 bedrijventerreinen. Kaart 3 (Ruimtelijk-economische ontwikkeling en mobiliteit)",Provincie Drenthe,post@drenthe.nl,,,,Team Gis/Cartografie (Provincie Drenthe),"('6.105', '52.601', '7.109', '53.213')",Geen beperkingen,otherRestrictions,,
d986e927-2503-4fc3-a147-b622a515d57b,dataset,ISO 19115,,2019-03-19,dut,,Copernicus Status layers with percentage imperviousness or sealed area for the reference year 2015,Bodemgebruik; Landgebruik,"Copernicus Land monitoring services – Gedetailleerde bodembedekkings kenmerken voor het referentiejaar 2015 (hoge resolutie): deel 1 – Ondoorlatendheid en veranderingen in ondoorlatendheid voor de EEA39. Herberekening van ondoorlatendheid en veranderingen in ondoorlatendheid producten voor de jaren 2006, 2009 en 2012. Ruimtelijke resolutie 20*20m.

«Data was produced with funding by the European Union. Copyright Copernicus Programme»
DISCLAIMER: Wageningen Environmental Research has undertaken to distribute the data on behalf of EEA under Specific Contract No 3436/R0-Copernicus/EEA.56950 implementing Framework service contract No EEA/IDM/R0/16/009/Netherlands. Wageningen Environmental Research accepts no responsibility or liability whatsoever with regard to the content and use of these data. 
The European Environment Agency accepts no responsibility or liability whatsoever with regard to the information on this site and the information does not necessarily reflect the official opinion of the EEA or other European Communities bodies and institutions.",Wageningen Environmental Research,gerard.hazeu@wur.nl,,,,Wageningen Environmental Research; Wageningen Environmental Research,"('3.2', '50.75', '7.22', '53.7')",,copyright,,
92BFB21F233A0365E053D2041EAC9051,dataset,ISO 19115,WMS; WFS,2022-06-01,dut,28992,Meetlocaties hemelhelderheid,locaties,"Meetlocaties hemelhelderheid Drenthe. De grootheid luminantie (helderheid) kent verschillende eenheden. De eenheid candela per vierkante meter is de eenheid die verlichtingsdeskundigen gebruiken om te meten hoeveel licht ergens op straalt. De gebruikte eenheid mcd/m2 is een duizendste cd/m2. De eenheid magnitude wordt gebruikt door sterrenkundigen. Hoe helderder de hemel, hoe hoger het getal in candela per vierkante meter, hoe meer licht er van de hemel komt.",Provincie Drenthe,post@drenthe.nl,,,,Team Gis/Cartografie (Provincie Drenthe),"('6.105', '52.601', '7.109', '53.213')",Geen beperkingen,otherRestrictions,,https://kaartportaal.drenthe.nl/server/services/GDB_actueel/GBI_MILIEU_HEMELHELDERHEID_P/MapServer/WFSServer
B6069A32CB7B3B7EE053D2041EAC2701,dataset,ISO 19115,,2024-07-15,dut,28992,Habitatkaarten AERIUS (historie),locaties,"Combinatie van habitattypenkaarten en Leefgebiedkaarten zoals die opgesteld zijn voor de Natura 2000 gebieden op basis van de aanwezige waarden.
Hierbij wordt rekening gehouden met het aanwijzingsbesluit en de aanvullende verplichtingen zoals opgenomen in de Vogel- en Habitatrichtlijn zoals overeengekomen met de EU.
De kaart vormt de basis voor het rekenprogramma AERIUS.",Provincie Drenthe,post@drenthe.nl,,,,Team Gis/Cartografie (Provincie Drenthe),"('6.0531', '52.5451', '7.2431', '53.2683')",Geen beperkingen,otherRestrictions,,
